{
"type": "FeatureCollection",
"name": "Sub_Bacias",
"crs": { "type": "name", "properties": { "name": "urn:ogc:def:crs:EPSG::4674" } },
"features": [
{ "type": "Feature", "properties": { "Sub_bacia": "Taboão", "Area_Ha": 970.039, "Nome": "Taboão" }, "geometry": { "type": "MultiPolygon", "coordinates": [ [ [ [ -44.0703141, -20.0712582 ], [ -44.0703517, -20.0712641 ], [ -44.0703865, -20.0712738 ], [ -44.0704152, -20.0712884 ], [ -44.0704342, -20.0713067 ], [ -44.0704458, -20.0713281 ], [ -44.0704649, -20.071423 ], [ -44.070478, -20.0714674 ], [ -44.0704884, -20.0714862 ], [ -44.0705029, -20.0715016 ], [ -44.0705238, -20.0715135 ], [ -44.0705491, -20.0715215 ], [ -44.0706087, -20.07153 ], [ -44.0708783, -20.071537 ], [ -44.0709378, -20.0715454 ], [ -44.0709632, -20.0715534 ], [ -44.0709841, -20.0715653 ], [ -44.0709985, -20.0715807 ], [ -44.0710089, -20.0715996 ], [ -44.071022, -20.0716439 ], [ -44.0710412, -20.0717389 ], [ -44.0710528, -20.0717602 ], [ -44.0710718, -20.0717786 ], [ -44.0711005, -20.0717931 ], [ -44.0711352, -20.0718028 ], [ -44.0711729, -20.0718088 ], [ -44.0712447, -20.0718128 ], [ -44.071299, -20.0718113 ], [ -44.0712995, -20.0717867 ], [ -44.0713235, -20.0717374 ], [ -44.0713635, -20.0716818 ], [ -44.0714907, -20.0715234 ], [ -44.0715744, -20.0714231 ], [ -44.0717379, -20.0712492 ], [ -44.071919, -20.0710496 ], [ -44.0720592, -20.0709153 ], [ -44.0722045, -20.0707619 ], [ -44.0723366, -20.0706372 ], [ -44.0724817, -20.0704836 ], [ -44.0726136, -20.0703588 ], [ -44.0727585, -20.070205 ], [ -44.07289, -20.0700798 ], [ -44.0730345, -20.0699257 ], [ -44.0731657, -20.0698002 ], [ -44.0733099, -20.0696458 ], [ -44.0734411, -20.0695204 ], [ -44.0735863, -20.0693669 ], [ -44.0737202, -20.0692437 ], [ -44.0738726, -20.0690964 ], [ -44.0739446, -20.0690392 ], [ -44.074107, -20.0689204 ], [ -44.0742016, -20.0688625 ], [ -44.0743082, -20.0688179 ], [ -44.0744268, -20.0687835 ], [ -44.0745531, -20.0687558 ], [ -44.0748393, -20.0687029 ], [ -44.0750018, -20.0686695 ], [ -44.0751648, -20.0686292 ], [ -44.0754819, -20.0685393 ], [ -44.0756401, -20.0685077 ], [ -44.0757853, -20.0684882 ], [ -44.0759051, -20.0684782 ], [ -44.0759877, -20.0684754 ], [ -44.0760213, -20.0684779 ], [ -44.0760178, -20.0656025 ], [ -44.0760203, -20.0653584 ], [ -44.0760279, -20.0652007 ], [ -44.0760372, -20.0651221 ], [ -44.0760556, -20.0650392 ], [ -44.0760843, -20.0649573 ], [ -44.0761238, -20.0648819 ], [ -44.0761704, -20.0648183 ], [ -44.0762574, -20.0647089 ], [ -44.0762819, -20.0646663 ], [ -44.0762967, -20.0646298 ], [ -44.0763025, -20.0646032 ], [ -44.076299, -20.064589 ], [ -44.0761174, -20.0645955 ], [ -44.075998, -20.0645957 ], [ -44.0758639, -20.0645911 ], [ -44.0757239, -20.0645791 ], [ -44.0755872, -20.0645574 ], [ -44.0754628, -20.0645232 ], [ -44.0753603, -20.0644737 ], [ -44.0752879, -20.0644087 ], [ -44.0752435, -20.0643332 ], [ -44.0752167, -20.0642519 ], [ -44.0751521, -20.0639947 ], [ -44.0751264, -20.0639125 ], [ -44.0750941, -20.063836 ], [ -44.0750014, -20.0636776 ], [ -44.0749642, -20.0635983 ], [ -44.0748993, -20.0634316 ], [ -44.0748639, -20.0633508 ], [ -44.0748212, -20.0632763 ], [ -44.0747845, -20.0632284 ], [ -44.0747046, -20.0631383 ], [ -44.0746148, -20.06303 ], [ -44.0745667, -20.0629786 ], [ -44.0745211, -20.0629384 ], [ -44.0743133, -20.0627725 ], [ -44.0742516, -20.0627327 ], [ -44.0741738, -20.0626974 ], [ -44.0740876, -20.0626693 ], [ -44.0738082, -20.0626027 ], [ -44.0737176, -20.0625784 ], [ -44.0736331, -20.0625488 ], [ -44.0734271, -20.0624474 ], [ -44.0733424, -20.0624167 ], [ -44.0728856, -20.0622959 ], [ -44.0727735, -20.0622589 ], [ -44.0726747, -20.0622177 ], [ -44.0724845, -20.0621125 ], [ -44.0724483, -20.0620965 ], [ -44.0724226, -20.0620888 ], [ -44.0724101, -20.062089 ], [ -44.0724122, -20.0620285 ], [ -44.0724088, -20.0619915 ], [ -44.072401, -20.0619519 ], [ -44.072387, -20.0619133 ], [ -44.0723651, -20.0618794 ], [ -44.0723343, -20.0618534 ], [ -44.0722967, -20.0618355 ], [ -44.0722556, -20.0618252 ], [ -44.0720433, -20.0618083 ], [ -44.0719667, -20.0617945 ], [ -44.071934, -20.0617829 ], [ -44.0719068, -20.0617665 ], [ -44.0718863, -20.0617444 ], [ -44.0718706, -20.0617182 ], [ -44.0718333, -20.061631 ], [ -44.0718184, -20.0616042 ], [ -44.0717991, -20.061581 ], [ -44.0717742, -20.0615626 ], [ -44.071654, -20.061507 ], [ -44.0716288, -20.061489 ], [ -44.0716092, -20.0614661 ], [ -44.071594, -20.0614394 ], [ -44.0715578, -20.0613513 ], [ -44.0715433, -20.061324 ], [ -44.0715246, -20.0613004 ], [ -44.0714999, -20.0612818 ], [ -44.0714051, -20.0612377 ], [ -44.0713723, -20.0612157 ], [ -44.0713445, -20.0611872 ], [ -44.0713241, -20.061152 ], [ -44.0713105, -20.061113 ], [ -44.0712983, -20.0610373 ], [ -44.071299, -20.0609779 ], [ -44.0713223, -20.0609772 ], [ -44.0713691, -20.0609579 ], [ -44.0714159, -20.0609289 ], [ -44.0717166, -20.0607034 ], [ -44.0717887, -20.0606408 ], [ -44.072084, -20.0603681 ], [ -44.0721304, -20.0603141 ], [ -44.0722718, -20.0601288 ], [ -44.0723209, -20.0600521 ], [ -44.0723578, -20.0599617 ], [ -44.0723821, -20.059862 ], [ -44.0723964, -20.0597563 ], [ -44.0724026, -20.0596473 ], [ -44.0724017, -20.0595371 ], [ -44.0723939, -20.0594278 ], [ -44.0723786, -20.0593215 ], [ -44.0723547, -20.0592204 ], [ -44.07232, -20.0591269 ], [ -44.0722302, -20.0589644 ], [ -44.0721921, -20.0588847 ], [ -44.0720908, -20.0586343 ], [ -44.0720527, -20.0585546 ], [ -44.0719623, -20.058392 ], [ -44.0719278, -20.0583015 ], [ -44.0719026, -20.0582033 ], [ -44.0718844, -20.0580991 ], [ -44.0718714, -20.0579906 ], [ -44.0718554, -20.0577652 ], [ -44.0718336, -20.0573064 ], [ -44.0718216, -20.0571861 ], [ -44.0718012, -20.0570575 ], [ -44.0717715, -20.0569275 ], [ -44.0717319, -20.0568027 ], [ -44.0716412, -20.0565789 ], [ -44.0716103, -20.0564825 ], [ -44.0715895, -20.0563961 ], [ -44.0715775, -20.0563256 ], [ -44.0715734, -20.0562771 ], [ -44.0715768, -20.0562557 ], [ -44.0715749, -20.0562215 ], [ -44.0715863, -20.0561477 ], [ -44.0716005, -20.0561056 ], [ -44.0716227, -20.0560654 ], [ -44.0716547, -20.0560296 ], [ -44.0716929, -20.0559996 ], [ -44.0717688, -20.0559521 ], [ -44.0717982, -20.0559296 ], [ -44.0718204, -20.0559024 ], [ -44.0718893, -20.0557761 ], [ -44.0719126, -20.0557497 ], [ -44.0719427, -20.055728 ], [ -44.0720467, -20.0556743 ], [ -44.0720765, -20.0556523 ], [ -44.0720996, -20.0556257 ], [ -44.0721705, -20.0555012 ], [ -44.0721936, -20.0554748 ], [ -44.0722235, -20.0554528 ], [ -44.0723263, -20.0553981 ], [ -44.0723551, -20.0553752 ], [ -44.072376, -20.0553468 ], [ -44.0723909, -20.0553133 ], [ -44.0724013, -20.0552759 ], [ -44.0724083, -20.0552356 ], [ -44.0724158, -20.0551494 ], [ -44.0724179, -20.0550058 ], [ -44.0724101, -20.054589 ], [ -44.0724124, -20.0545609 ], [ -44.0724051, -20.0544989 ], [ -44.0723956, -20.054462 ], [ -44.0723809, -20.0544251 ], [ -44.0723596, -20.0543912 ], [ -44.0723313, -20.0543627 ], [ -44.0722983, -20.0543395 ], [ -44.0722035, -20.0542899 ], [ -44.0721801, -20.0542704 ], [ -44.0721617, -20.0542433 ], [ -44.0721492, -20.0542113 ], [ -44.0721409, -20.0541757 ], [ -44.072132, -20.0540978 ], [ -44.0721285, -20.0539727 ], [ -44.0721324, -20.0526446 ], [ -44.0721489, -20.0526476 ], [ -44.072181, -20.0526439 ], [ -44.0722233, -20.0526325 ], [ -44.0722695, -20.0526113 ], [ -44.0723111, -20.0525815 ], [ -44.0723502, -20.052544 ], [ -44.0724242, -20.0524602 ], [ -44.0724622, -20.0524221 ], [ -44.0725045, -20.0523893 ], [ -44.0725847, -20.0523379 ], [ -44.0726207, -20.0523092 ], [ -44.0726488, -20.0522777 ], [ -44.0726985, -20.0522092 ], [ -44.0727258, -20.052177 ], [ -44.0727585, -20.0521495 ], [ -44.072802, -20.0521272 ], [ -44.0728521, -20.0521106 ], [ -44.0730727, -20.0520617 ], [ -44.0731225, -20.0520449 ], [ -44.0731657, -20.0520225 ], [ -44.0731988, -20.0519952 ], [ -44.0732826, -20.0519003 ], [ -44.0733161, -20.0518734 ], [ -44.0733603, -20.0518518 ], [ -44.0734118, -20.0518364 ], [ -44.0734688, -20.0518257 ], [ -44.0735928, -20.051813 ], [ -44.0738491, -20.0517946 ], [ -44.0739081, -20.0517857 ], [ -44.0739627, -20.0517717 ], [ -44.074015, -20.0517475 ], [ -44.0740592, -20.0517148 ], [ -44.074179, -20.0515992 ], [ -44.0742203, -20.0515691 ], [ -44.0742655, -20.0515471 ], [ -44.0743066, -20.0515347 ], [ -44.0743379, -20.0515303 ], [ -44.0743546, -20.0515334 ], [ -44.0743611, -20.0510658 ], [ -44.074355, -20.0509312 ], [ -44.0743425, -20.0508493 ], [ -44.0743317, -20.0508123 ], [ -44.0743165, -20.050779 ], [ -44.0742955, -20.0507507 ], [ -44.0742669, -20.0507276 ], [ -44.074167, -20.0506704 ], [ -44.0741393, -20.0506466 ], [ -44.0741191, -20.0506176 ], [ -44.0741047, -20.0505836 ], [ -44.0740944, -20.0505461 ], [ -44.07406, -20.0502978 ], [ -44.0740503, -20.0502599 ], [ -44.0740364, -20.0502254 ], [ -44.0740168, -20.0501959 ], [ -44.0739894, -20.0501718 ], [ -44.073889, -20.0501151 ], [ -44.0738598, -20.0500926 ], [ -44.0738381, -20.0500648 ], [ -44.0738223, -20.0500312 ], [ -44.0738108, -20.0499875 ], [ -44.0737984, -20.0498782 ], [ -44.0737954, -20.0497606 ], [ -44.073799, -20.049589 ], [ -44.0737966, -20.0495765 ], [ -44.0738014, -20.0495513 ], [ -44.0738138, -20.0495161 ], [ -44.0738348, -20.0494741 ], [ -44.0739555, -20.0493004 ], [ -44.0739947, -20.0492289 ], [ -44.0740283, -20.0491524 ], [ -44.0741055, -20.0489389 ], [ -44.0741314, -20.0488817 ], [ -44.0741637, -20.0488301 ], [ -44.0742036, -20.048785 ], [ -44.0742897, -20.0487001 ], [ -44.0744191, -20.0485332 ], [ -44.0745038, -20.0484471 ], [ -44.0745425, -20.048401 ], [ -44.0745737, -20.0483483 ], [ -44.074599, -20.0482906 ], [ -44.0746634, -20.0481076 ], [ -44.0746888, -20.04805 ], [ -44.0747203, -20.0479976 ], [ -44.0747593, -20.0479518 ], [ -44.074845, -20.0478665 ], [ -44.0749441, -20.0477431 ], [ -44.0749796, -20.047704 ], [ -44.0751189, -20.0475854 ], [ -44.0751548, -20.0475467 ], [ -44.0752549, -20.0474241 ], [ -44.0753416, -20.0473398 ], [ -44.0753813, -20.0472904 ], [ -44.0754142, -20.0472193 ], [ -44.075438, -20.0471325 ], [ -44.075454, -20.0470355 ], [ -44.0754637, -20.046934 ], [ -44.0754687, -20.0468333 ], [ -44.0754693, -20.0466565 ], [ -44.0754657, -20.0465334 ], [ -44.0754657, -20.0459779 ], [ -44.0749101, -20.0459779 ], [ -44.0749138, -20.0457155 ], [ -44.0749124, -20.0455107 ], [ -44.0749057, -20.0454026 ], [ -44.0748907, -20.0453096 ], [ -44.0748783, -20.0452675 ], [ -44.0748612, -20.0452295 ], [ -44.0748379, -20.0451972 ], [ -44.0748106, -20.0451732 ], [ -44.0747194, -20.0451141 ], [ -44.0746956, -20.0450915 ], [ -44.0746797, -20.0450656 ], [ -44.0746708, -20.0450367 ], [ -44.0746681, -20.0450063 ], [ -44.0746715, -20.044976 ], [ -44.0746811, -20.0449472 ], [ -44.0746976, -20.0449213 ], [ -44.0747219, -20.0448988 ], [ -44.074813, -20.0448391 ], [ -44.07484, -20.0448147 ], [ -44.074863, -20.0447813 ], [ -44.0748798, -20.0447423 ], [ -44.0748917, -20.044699 ], [ -44.0749059, -20.0446039 ], [ -44.0749137, -20.04445 ], [ -44.0749101, -20.0437557 ], [ -44.074907, -20.0437403 ], [ -44.0749116, -20.043709 ], [ -44.0749252, -20.0436666 ], [ -44.0749501, -20.0436186 ], [ -44.0749813, -20.0435769 ], [ -44.0751031, -20.0434497 ], [ -44.0751464, -20.0433959 ], [ -44.075219, -20.0432962 ], [ -44.0752545, -20.0432571 ], [ -44.0752896, -20.0432277 ], [ -44.0753648, -20.0431732 ], [ -44.0753995, -20.0431434 ], [ -44.0754344, -20.0431039 ], [ -44.0754977, -20.0430191 ], [ -44.075533, -20.0429799 ], [ -44.0756778, -20.0428661 ], [ -44.0757131, -20.0428269 ], [ -44.0757768, -20.0427425 ], [ -44.0758122, -20.0427033 ], [ -44.0759571, -20.0425896 ], [ -44.0759923, -20.0425503 ], [ -44.0760549, -20.042465 ], [ -44.076089, -20.0424248 ], [ -44.0761926, -20.0423351 ], [ -44.0762234, -20.042302 ], [ -44.0762518, -20.0422568 ], [ -44.0762732, -20.0422057 ], [ -44.0763355, -20.0419744 ], [ -44.0763609, -20.0419106 ], [ -44.0763951, -20.041849 ], [ -44.0764311, -20.0418007 ], [ -44.0765056, -20.0417121 ], [ -44.0765358, -20.0416695 ], [ -44.0765604, -20.0416213 ], [ -44.0765745, -20.0415792 ], [ -44.0765797, -20.0415484 ], [ -44.0765768, -20.0415334 ], [ -44.0768546, -20.0415334 ], [ -44.0768527, -20.0414993 ], [ -44.0768656, -20.0414268 ], [ -44.0768807, -20.0413854 ], [ -44.0769037, -20.0413459 ], [ -44.0769363, -20.0413106 ], [ -44.0769747, -20.0412808 ], [ -44.0770491, -20.041232 ], [ -44.0770764, -20.0412077 ], [ -44.0770953, -20.0411776 ], [ -44.0771083, -20.0411424 ], [ -44.0771171, -20.0411036 ], [ -44.0771358, -20.0409345 ], [ -44.0771483, -20.0408526 ], [ -44.0771585, -20.0408151 ], [ -44.077173, -20.0407812 ], [ -44.0771933, -20.0407523 ], [ -44.0772214, -20.0407287 ], [ -44.0773212, -20.0406715 ], [ -44.0773492, -20.0406479 ], [ -44.0773695, -20.040619 ], [ -44.077384, -20.0405851 ], [ -44.0773942, -20.0405476 ], [ -44.0774067, -20.0404656 ], [ -44.0774255, -20.0402965 ], [ -44.0774343, -20.0402578 ], [ -44.0774472, -20.0402226 ], [ -44.0774661, -20.0401925 ], [ -44.0774934, -20.0401681 ], [ -44.0775678, -20.0401194 ], [ -44.0776063, -20.0400896 ], [ -44.0776388, -20.0400543 ], [ -44.0776618, -20.0400148 ], [ -44.0776769, -20.0399734 ], [ -44.0776898, -20.0399009 ], [ -44.0776879, -20.0398668 ], [ -44.0779044, -20.039874 ], [ -44.0780024, -20.0398744 ], [ -44.0781052, -20.0398714 ], [ -44.0782063, -20.0398633 ], [ -44.0782991, -20.0398485 ], [ -44.0783769, -20.0398253 ], [ -44.0784329, -20.0397919 ], [ -44.0784647, -20.0397489 ], [ -44.0784856, -20.0396974 ], [ -44.0784997, -20.03964 ], [ -44.0785093, -20.0395787 ], [ -44.0785351, -20.039323 ], [ -44.0785447, -20.0392618 ], [ -44.0785583, -20.039204 ], [ -44.0785773, -20.0391509 ], [ -44.0786039, -20.0391042 ], [ -44.0786336, -20.0390702 ], [ -44.0787358, -20.0389793 ], [ -44.0787701, -20.0389392 ], [ -44.0788328, -20.038854 ], [ -44.0788673, -20.0388141 ], [ -44.0789707, -20.0387243 ], [ -44.0790011, -20.0386908 ], [ -44.0790296, -20.0386421 ], [ -44.0790499, -20.0385864 ], [ -44.0790639, -20.0385253 ], [ -44.0790734, -20.0384603 ], [ -44.0790796, -20.0383925 ], [ -44.0790855, -20.0382514 ], [ -44.0790861, -20.0380249 ], [ -44.0790768, -20.0373668 ], [ -44.0790969, -20.0373693 ], [ -44.0791437, -20.0373685 ], [ -44.0792108, -20.0373631 ], [ -44.0792912, -20.0373519 ], [ -44.079378, -20.0373333 ], [ -44.0794637, -20.0373053 ], [ -44.0795331, -20.0372727 ], [ -44.0796583, -20.0371988 ], [ -44.0797185, -20.0371673 ], [ -44.0797877, -20.0371427 ], [ -44.0798619, -20.0371269 ], [ -44.079942, -20.0371163 ], [ -44.0802849, -20.0370928 ], [ -44.0803687, -20.0370852 ], [ -44.0804485, -20.0370742 ], [ -44.0805225, -20.0370583 ], [ -44.0805883, -20.0370354 ], [ -44.0806427, -20.0370027 ], [ -44.0806836, -20.0369584 ], [ -44.0807141, -20.0369051 ], [ -44.0807382, -20.0368464 ], [ -44.0807807, -20.036724 ], [ -44.0808052, -20.0366656 ], [ -44.0808362, -20.0366128 ], [ -44.0808756, -20.0365673 ], [ -44.080962, -20.0364827 ], [ -44.0810897, -20.0363143 ], [ -44.0811776, -20.036231 ], [ -44.0812182, -20.0361864 ], [ -44.0812501, -20.0361344 ], [ -44.0812747, -20.0360761 ], [ -44.0813387, -20.0358722 ], [ -44.08137, -20.0357962 ], [ -44.0814092, -20.0357242 ], [ -44.0815387, -20.0355464 ], [ -44.0815612, -20.0355017 ], [ -44.0815744, -20.0354635 ], [ -44.0815795, -20.0354359 ], [ -44.0815768, -20.0354223 ], [ -44.0815809, -20.035249 ], [ -44.0815781, -20.0352051 ], [ -44.0815719, -20.0351796 ], [ -44.0815583, -20.0351604 ], [ -44.0815333, -20.0351501 ], [ -44.0815011, -20.0351459 ], [ -44.0813581, -20.0351416 ], [ -44.0813289, -20.0351348 ], [ -44.0813176, -20.0351286 ], [ -44.0813096, -20.0351201 ], [ -44.0813002, -20.0350972 ], [ -44.0812953, -20.0350551 ], [ -44.081299, -20.0348667 ], [ -44.0812774, -20.0348666 ], [ -44.081237, -20.0348483 ], [ -44.0811739, -20.0348038 ], [ -44.0809269, -20.0346063 ], [ -44.0807158, -20.0344214 ], [ -44.0804352, -20.0341997 ], [ -44.0803473, -20.0341348 ], [ -44.0802649, -20.0340864 ], [ -44.0800926, -20.0339961 ], [ -44.0800118, -20.0339464 ], [ -44.0799272, -20.0338799 ], [ -44.0797769, -20.0337508 ], [ -44.0797094, -20.0336897 ], [ -44.0796379, -20.033612 ], [ -44.07951, -20.0334637 ], [ -44.0794534, -20.0333933 ], [ -44.0793966, -20.033303 ], [ -44.0792964, -20.033111 ], [ -44.0792417, -20.033019 ], [ -44.0791333, -20.0328739 ], [ -44.0789625, -20.0326235 ], [ -44.0789136, -20.0325465 ], [ -44.0788672, -20.0324473 ], [ -44.0788301, -20.0323401 ], [ -44.0787334, -20.0320063 ], [ -44.0786923, -20.0319025 ], [ -44.0786053, -20.0317392 ], [ -44.0784697, -20.0314374 ], [ -44.0784065, -20.0313338 ], [ -44.0783354, -20.0312462 ], [ -44.0782556, -20.0311588 ], [ -44.07816, -20.0310557 ], [ -44.0780619, -20.030959 ], [ -44.0779764, -20.0308866 ], [ -44.0778162, -20.0307604 ], [ -44.0777512, -20.0307174 ], [ -44.0777096, -20.0307002 ], [ -44.0776879, -20.0307001 ], [ -44.0776827, -20.0285802 ], [ -44.0776923, -20.0282359 ], [ -44.0777108, -20.0280166 ], [ -44.0777266, -20.0279127 ], [ -44.077749, -20.0278144 ], [ -44.0777802, -20.0277236 ], [ -44.0778619, -20.0275556 ], [ -44.0778929, -20.0274665 ], [ -44.0779155, -20.0273701 ], [ -44.077932, -20.0272684 ], [ -44.077944, -20.027163 ], [ -44.0779778, -20.0267289 ], [ -44.0779897, -20.0266234 ], [ -44.0780067, -20.0265222 ], [ -44.0780311, -20.0264274 ], [ -44.0780663, -20.0263418 ], [ -44.0781158, -20.0262651 ], [ -44.0781747, -20.0261847 ], [ -44.0782226, -20.0261123 ], [ -44.0783888, -20.0258544 ], [ -44.0784466, -20.0257541 ], [ -44.0784852, -20.02566 ], [ -44.0785098, -20.0255722 ], [ -44.0785228, -20.0254984 ], [ -44.0785263, -20.0254462 ], [ -44.0785213, -20.0254223 ], [ -44.078525, -20.0250131 ], [ -44.0785213, -20.0249522 ], [ -44.0785132, -20.0249164 ], [ -44.0785058, -20.0249013 ], [ -44.0784951, -20.0248891 ], [ -44.0784651, -20.0248751 ], [ -44.0784266, -20.0248685 ], [ -44.0783414, -20.0248621 ], [ -44.0783019, -20.0248563 ], [ -44.0782704, -20.0248436 ], [ -44.078259, -20.0248321 ], [ -44.0782456, -20.0248008 ], [ -44.0782401, -20.0247558 ], [ -44.0782435, -20.024589 ], [ -44.0778584, -20.0245932 ], [ -44.0777787, -20.0245863 ], [ -44.0777354, -20.0245733 ], [ -44.0777191, -20.0245623 ], [ -44.0777074, -20.024547 ], [ -44.0776995, -20.0245285 ], [ -44.0776906, -20.0244857 ], [ -44.077679, -20.0243946 ], [ -44.0776653, -20.0243558 ], [ -44.0776534, -20.0243407 ], [ -44.0776378, -20.0243303 ], [ -44.0774631, -20.0237329 ], [ -44.0773001, -20.0238014 ], [ -44.0769784, -20.0241421 ], [ -44.0768232, -20.0242537 ], [ -44.0767011, -20.0243373 ], [ -44.0766512, -20.0243749 ], [ -44.0765431, -20.0244675 ], [ -44.0764812, -20.0245071 ], [ -44.0764123, -20.0245345 ], [ -44.0763343, -20.0245543 ], [ -44.07625, -20.0245686 ], [ -44.0758009, -20.0246165 ], [ -44.0757164, -20.0246307 ], [ -44.0756376, -20.0246496 ], [ -44.0755664, -20.0246752 ], [ -44.0753695, -20.0247844 ], [ -44.0752934, -20.0248107 ], [ -44.0752086, -20.0248296 ], [ -44.0751172, -20.0248428 ], [ -44.0750212, -20.0248521 ], [ -44.0746175, -20.0248723 ], [ -44.0744207, -20.0248867 ], [ -44.0743287, -20.0248994 ], [ -44.0742439, -20.0249183 ], [ -44.0741695, -20.0249461 ], [ -44.074107, -20.0249852 ], [ -44.07398, -20.0250923 ], [ -44.0737882, -20.0252414 ], [ -44.0736656, -20.025355 ], [ -44.0736127, -20.0253958 ], [ -44.0735719, -20.0254169 ], [ -44.07354, -20.0254256 ], [ -44.0735212, -20.0254223 ], [ -44.073525, -20.0256107 ], [ -44.0735201, -20.0256528 ], [ -44.0735107, -20.0256756 ], [ -44.0735027, -20.0256842 ], [ -44.0734914, -20.0256904 ], [ -44.0734622, -20.0256971 ], [ -44.0733192, -20.0257015 ], [ -44.073287, -20.0257056 ], [ -44.073262, -20.025716 ], [ -44.0732484, -20.0257352 ], [ -44.0732421, -20.0257607 ], [ -44.0732394, -20.0258046 ], [ -44.0732435, -20.0259778 ], [ -44.0732401, -20.0259941 ], [ -44.073241, -20.0260355 ], [ -44.0732569, -20.0261707 ], [ -44.0732739, -20.0262529 ], [ -44.0732987, -20.0263368 ], [ -44.0733327, -20.0264162 ], [ -44.0733757, -20.0264863 ], [ -44.0734589, -20.0266044 ], [ -44.0734835, -20.0266598 ], [ -44.0734978, -20.0267201 ], [ -44.0735036, -20.0267832 ], [ -44.0735016, -20.026847 ], [ -44.073492, -20.0269092 ], [ -44.073474, -20.0269676 ], [ -44.0734461, -20.0270198 ], [ -44.0734078, -20.0270646 ], [ -44.073321, -20.0271481 ], [ -44.073191, -20.0273165 ], [ -44.0731032, -20.0274011 ], [ -44.0730631, -20.0274467 ], [ -44.0730315, -20.0274995 ], [ -44.0730065, -20.0275579 ], [ -44.072964, -20.027681 ], [ -44.0729403, -20.0277404 ], [ -44.0729105, -20.0277944 ], [ -44.0728703, -20.0278396 ], [ -44.0728166, -20.0278731 ], [ -44.0727515, -20.0278967 ], [ -44.0726777, -20.027913 ], [ -44.0725977, -20.0279238 ], [ -44.0725131, -20.0279307 ], [ -44.0723348, -20.0279368 ], [ -44.0721362, -20.0279368 ], [ -44.071299, -20.0279223 ], [ -44.0710212, -20.0279223 ], [ -44.071007, -20.0279195 ], [ -44.0709793, -20.0279226 ], [ -44.0709421, -20.0279325 ], [ -44.0709, -20.0279507 ], [ -44.0708501, -20.0279836 ], [ -44.0708008, -20.0280267 ], [ -44.0707004, -20.0281244 ], [ -44.0705729, -20.0282337 ], [ -44.0705443, -20.0282696 ], [ -44.0705202, -20.0283189 ], [ -44.070504, -20.028375 ], [ -44.0704858, -20.0284995 ], [ -44.070462, -20.0287605 ], [ -44.0704507, -20.0288215 ], [ -44.0704342, -20.0288779 ], [ -44.0704101, -20.0289277 ], [ -44.0703755, -20.0289684 ], [ -44.0703267, -20.0289986 ], [ -44.0702673, -20.0290189 ], [ -44.0702005, -20.0290318 ], [ -44.070129, -20.0290391 ], [ -44.0700551, -20.0290416 ], [ -44.0699806, -20.0290398 ], [ -44.0699076, -20.0290338 ], [ -44.0698379, -20.0290227 ], [ -44.069774, -20.0290055 ], [ -44.0697185, -20.0289802 ], [ -44.0696746, -20.0289467 ], [ -44.0695649, -20.0288265 ], [ -44.0694162, -20.0287107 ], [ -44.0693369, -20.0286253 ], [ -44.0692853, -20.0285804 ], [ -44.069222, -20.0285415 ], [ -44.0691485, -20.0285136 ], [ -44.0690688, -20.0284947 ], [ -44.0689894, -20.0284831 ], [ -44.0689166, -20.0284771 ], [ -44.0688566, -20.0284752 ], [ -44.068799, -20.0284779 ], [ -44.0687869, -20.0284752 ], [ -44.0687629, -20.0284764 ], [ -44.0687302, -20.0284821 ], [ -44.0686922, -20.0284933 ], [ -44.068653, -20.0285113 ], [ -44.0686098, -20.0285419 ], [ -44.0685703, -20.0285805 ], [ -44.0684982, -20.0286649 ], [ -44.0684623, -20.0287015 ], [ -44.0684306, -20.0287256 ], [ -44.0683333, -20.028785 ], [ -44.0683049, -20.0288082 ], [ -44.0682777, -20.0288405 ], [ -44.0682095, -20.0289488 ], [ -44.0681817, -20.0289806 ], [ -44.0681529, -20.0290034 ], [ -44.0680562, -20.0290633 ], [ -44.0680276, -20.0290864 ], [ -44.068, -20.0291183 ], [ -44.0679314, -20.0292263 ], [ -44.0679038, -20.0292582 ], [ -44.0678752, -20.0292812 ], [ -44.0677785, -20.0293412 ], [ -44.0677496, -20.029364 ], [ -44.0677218, -20.0293958 ], [ -44.0676537, -20.0295041 ], [ -44.0676265, -20.0295364 ], [ -44.0675981, -20.0295596 ], [ -44.0675007, -20.029619 ], [ -44.0674691, -20.0296431 ], [ -44.0674332, -20.0296797 ], [ -44.0673611, -20.0297641 ], [ -44.0673216, -20.0298027 ], [ -44.0672784, -20.0298333 ], [ -44.0672391, -20.0298513 ], [ -44.0672012, -20.0298625 ], [ -44.0671684, -20.0298682 ], [ -44.0671444, -20.0298694 ], [ -44.0671323, -20.0298667 ], [ -44.0671342, -20.0299499 ], [ -44.0671301, -20.0300677 ], [ -44.0671145, -20.0302008 ], [ -44.0671002, -20.0302635 ], [ -44.0670802, -20.0303186 ], [ -44.0670537, -20.0303622 ], [ -44.0670259, -20.0303886 ], [ -44.0669344, -20.0304554 ], [ -44.066909, -20.0304818 ], [ -44.066887, -20.0305186 ], [ -44.0668719, -20.0305605 ], [ -44.0668623, -20.0306061 ], [ -44.0668572, -20.0306537 ], [ -44.0668582, -20.0307507 ], [ -44.0668644, -20.0307978 ], [ -44.0668752, -20.0308425 ], [ -44.0668914, -20.0308835 ], [ -44.0669145, -20.0309191 ], [ -44.0669407, -20.0309445 ], [ -44.0670343, -20.0310085 ], [ -44.0670632, -20.0310318 ], [ -44.067092, -20.0310634 ], [ -44.0671651, -20.0311691 ], [ -44.0671936, -20.0312007 ], [ -44.0672224, -20.0312239 ], [ -44.0673168, -20.0312865 ], [ -44.0673437, -20.0313113 ], [ -44.067368, -20.0313462 ], [ -44.0673856, -20.0313869 ], [ -44.067398, -20.0314319 ], [ -44.0674067, -20.0314802 ], [ -44.0674157, -20.0315948 ], [ -44.0674167, -20.0318122 ], [ -44.0674101, -20.032089 ], [ -44.0672325, -20.0320855 ], [ -44.0671848, -20.0320893 ], [ -44.067159, -20.0320969 ], [ -44.0671426, -20.0321123 ], [ -44.0671351, -20.0321352 ], [ -44.0671319, -20.0321763 ], [ -44.0671314, -20.0323074 ], [ -44.0671267, -20.0323326 ], [ -44.0671154, -20.0323522 ], [ -44.0670937, -20.0323634 ], [ -44.0670489, -20.0323696 ], [ -44.0668546, -20.0323667 ], [ -44.0668548, -20.0324248 ], [ -44.0668406, -20.0324978 ], [ -44.0668259, -20.0325355 ], [ -44.0668046, -20.0325697 ], [ -44.0667759, -20.0325977 ], [ -44.0667425, -20.0326197 ], [ -44.0666473, -20.0326652 ], [ -44.0666235, -20.0326845 ], [ -44.0666057, -20.0327104 ], [ -44.0665936, -20.0327412 ], [ -44.0665855, -20.0327755 ], [ -44.0665771, -20.0328506 ], [ -44.0665744, -20.0329305 ], [ -44.0665802, -20.0335117 ], [ -44.0665706, -20.0336269 ], [ -44.0665625, -20.0336611 ], [ -44.06655, -20.0336916 ], [ -44.0665313, -20.0337167 ], [ -44.0665059, -20.0337345 ], [ -44.0664727, -20.0337471 ], [ -44.0664282, -20.0337555 ], [ -44.0663749, -20.0337605 ], [ -44.0662554, -20.0337631 ], [ -44.0660212, -20.0337556 ], [ -44.066023, -20.0339104 ], [ -44.0660115, -20.0340512 ], [ -44.0659984, -20.0341218 ], [ -44.0659786, -20.0341864 ], [ -44.0659505, -20.0342404 ], [ -44.0659156, -20.0342791 ], [ -44.0658388, -20.0343334 ], [ -44.0658034, -20.0343625 ], [ -44.0657752, -20.034394 ], [ -44.0657014, -20.0344974 ], [ -44.0656732, -20.0345288 ], [ -44.0655642, -20.0346139 ], [ -44.0655329, -20.0346465 ], [ -44.0655082, -20.0346885 ], [ -44.065491, -20.0347369 ], [ -44.0654793, -20.03479 ], [ -44.0654715, -20.0348465 ], [ -44.0654638, -20.0349661 ], [ -44.0654618, -20.0350907 ], [ -44.0654639, -20.0355976 ], [ -44.0654581, -20.0357188 ], [ -44.0654516, -20.0357764 ], [ -44.0654414, -20.0358308 ], [ -44.0654232, -20.0358841 ], [ -44.0653936, -20.0359363 ], [ -44.0653554, -20.0359814 ], [ -44.0652707, -20.0360655 ], [ -44.0652355, -20.0361081 ], [ -44.0652114, -20.0361487 ], [ -44.0651956, -20.036187 ], [ -44.0651868, -20.0362196 ], [ -44.0651843, -20.0362434 ], [ -44.0651879, -20.0362556 ], [ -44.0651526, -20.0362535 ], [ -44.0651177, -20.0362552 ], [ -44.0650771, -20.0362607 ], [ -44.0650354, -20.0362717 ], [ -44.0649971, -20.0362897 ], [ -44.0649664, -20.0363162 ], [ -44.0649441, -20.0363493 ], [ -44.0649298, -20.0363866 ], [ -44.0649228, -20.036425 ], [ -44.0649153, -20.0366172 ], [ -44.0649057, -20.0366884 ], [ -44.0648965, -20.0367202 ], [ -44.0648828, -20.0367481 ], [ -44.0648629, -20.0367708 ], [ -44.0648355, -20.0367869 ], [ -44.064802, -20.0367979 ], [ -44.064723, -20.0368095 ], [ -44.0646349, -20.0368134 ], [ -44.0643118, -20.0368142 ], [ -44.0642265, -20.0368205 ], [ -44.0641878, -20.036827 ], [ -44.0641532, -20.036837 ], [ -44.0641244, -20.0368519 ], [ -44.0641027, -20.036873 ], [ -44.0640866, -20.036899 ], [ -44.0640599, -20.0369604 ], [ -44.0640411, -20.0369939 ], [ -44.0640165, -20.037025 ], [ -44.0639851, -20.0370508 ], [ -44.0639473, -20.0370693 ], [ -44.0639066, -20.0370812 ], [ -44.0638339, -20.0370908 ], [ -44.063799, -20.037089 ], [ -44.0637969, -20.0371175 ], [ -44.0637988, -20.0371461 ], [ -44.0638133, -20.037218 ], [ -44.063828, -20.0372553 ], [ -44.0638493, -20.0372894 ], [ -44.0638777, -20.0373177 ], [ -44.0639109, -20.0373403 ], [ -44.0640058, -20.0373879 ], [ -44.0640294, -20.0374073 ], [ -44.0640477, -20.0374344 ], [ -44.0640601, -20.0374665 ], [ -44.0640735, -20.0375405 ], [ -44.0640784, -20.0376218 ], [ -44.0640751, -20.0382229 ], [ -44.0640801, -20.0383041 ], [ -44.0640935, -20.0383781 ], [ -44.0641058, -20.0384103 ], [ -44.0641242, -20.0384373 ], [ -44.0641477, -20.0384568 ], [ -44.0642427, -20.0385043 ], [ -44.0642759, -20.0385269 ], [ -44.0643043, -20.0385553 ], [ -44.0643256, -20.0385893 ], [ -44.0643403, -20.0386266 ], [ -44.0643548, -20.0386985 ], [ -44.0643567, -20.0387271 ], [ -44.0643546, -20.0387556 ], [ -44.0643546, -20.0390334 ], [ -44.0643585, -20.0398939 ], [ -44.0643555, -20.0399866 ], [ -44.0643482, -20.0400438 ], [ -44.0643413, -20.0400697 ], [ -44.0643312, -20.0400927 ], [ -44.0643164, -20.0401118 ], [ -44.0642974, -20.0401253 ], [ -44.0642488, -20.0401431 ], [ -44.0641673, -20.0401626 ], [ -44.0641424, -20.0401719 ], [ -44.0641205, -20.0401879 ], [ -44.064103, -20.0402122 ], [ -44.0640907, -20.0402426 ], [ -44.0640778, -20.0403115 ], [ -44.064075, -20.0403756 ], [ -44.0640768, -20.0404223 ], [ -44.0640518, -20.0404227 ], [ -44.0640025, -20.0404431 ], [ -44.063954, -20.0404739 ], [ -44.0636487, -20.0407085 ], [ -44.0635776, -20.0407722 ], [ -44.0634456, -20.0409003 ], [ -44.0632994, -20.0410364 ], [ -44.063254, -20.0410904 ], [ -44.0631161, -20.0412738 ], [ -44.0630688, -20.0413486 ], [ -44.063036, -20.0414338 ], [ -44.0630166, -20.041527 ], [ -44.0630076, -20.0416246 ], [ -44.0630075, -20.0417234 ], [ -44.0630152, -20.0418204 ], [ -44.0630306, -20.0419124 ], [ -44.0630539, -20.0419962 ], [ -44.0631087, -20.0421395 ], [ -44.0631169, -20.042195 ], [ -44.0631137, -20.0422506 ], [ -44.0630985, -20.0423039 ], [ -44.0630623, -20.0423669 ], [ -44.0629403, -20.0425331 ], [ -44.0628977, -20.0425844 ], [ -44.0627717, -20.0427081 ], [ -44.0626359, -20.0428683 ], [ -44.0625743, -20.0429349 ], [ -44.0625156, -20.0430042 ], [ -44.06247, -20.043077 ], [ -44.0624315, -20.0431559 ], [ -44.062361, -20.0433198 ], [ -44.0622667, -20.0435124 ], [ -44.0622167, -20.0436267 ], [ -44.0621792, -20.0437537 ], [ -44.0621543, -20.043886 ], [ -44.0621393, -20.0440146 ], [ -44.0621318, -20.0441303 ], [ -44.0621295, -20.0442241 ], [ -44.0621323, -20.0443112 ], [ -44.0621347, -20.0447608 ], [ -44.0621305, -20.0448189 ], [ -44.0621224, -20.0448428 ], [ -44.0621152, -20.0448521 ], [ -44.0621048, -20.044859 ], [ -44.0620918, -20.0448638 ], [ -44.0620608, -20.044869 ], [ -44.0620012, -20.0448706 ], [ -44.0618546, -20.0448668 ], [ -44.0618515, -20.0448793 ], [ -44.0618536, -20.0449052 ], [ -44.0618618, -20.0449409 ], [ -44.0618771, -20.0449824 ], [ -44.0619012, -20.0450257 ], [ -44.0619374, -20.0450698 ], [ -44.0620246, -20.0451525 ], [ -44.0620627, -20.045195 ], [ -44.0620881, -20.0452371 ], [ -44.0621041, -20.0452798 ], [ -44.0621158, -20.0453254 ], [ -44.0621526, -20.0455161 ], [ -44.0621658, -20.0455603 ], [ -44.0621833, -20.0456009 ], [ -44.0622068, -20.0456363 ], [ -44.0622395, -20.0456678 ], [ -44.0623129, -20.0457239 ], [ -44.0623448, -20.0457561 ], [ -44.0623678, -20.0457938 ], [ -44.0623842, -20.0458373 ], [ -44.0623956, -20.0458849 ], [ -44.0624086, -20.0459887 ], [ -44.0624151, -20.0461556 ], [ -44.0624101, -20.0473668 ], [ -44.0624139, -20.0475552 ], [ -44.062409, -20.0475973 ], [ -44.0623996, -20.0476201 ], [ -44.0623916, -20.0476287 ], [ -44.0623803, -20.0476349 ], [ -44.0623511, -20.0476416 ], [ -44.0622081, -20.047646 ], [ -44.0621759, -20.0476501 ], [ -44.0621509, -20.0476604 ], [ -44.0621373, -20.0476797 ], [ -44.062131, -20.0477051 ], [ -44.0621282, -20.0477491 ], [ -44.0621323, -20.0479223 ], [ -44.0621323, -20.0490334 ], [ -44.062129, -20.0492048 ], [ -44.0621323, -20.0493221 ], [ -44.0621452, -20.049431 ], [ -44.0621568, -20.0494746 ], [ -44.0621729, -20.049508 ], [ -44.0621948, -20.0495356 ], [ -44.0622242, -20.0495579 ], [ -44.0623252, -20.0496141 ], [ -44.0623527, -20.0496381 ], [ -44.0623724, -20.0496676 ], [ -44.0623861, -20.0497022 ], [ -44.0623954, -20.0497405 ], [ -44.0624016, -20.0497815 ], [ -44.0624078, -20.0498687 ], [ -44.0624148, -20.0501869 ], [ -44.0624249, -20.0502708 ], [ -44.0624342, -20.0503091 ], [ -44.0624479, -20.0503437 ], [ -44.0624675, -20.0503732 ], [ -44.062495, -20.0503972 ], [ -44.0625961, -20.0504534 ], [ -44.0626255, -20.0504758 ], [ -44.0626474, -20.0505033 ], [ -44.0626634, -20.0505368 ], [ -44.0626751, -20.0505803 ], [ -44.0626879, -20.0506892 ], [ -44.0626913, -20.0508065 ], [ -44.0626879, -20.0509779 ], [ -44.0624774, -20.050976 ], [ -44.0624456, -20.0509786 ], [ -44.0624215, -20.0509877 ], [ -44.0624109, -20.0510094 ], [ -44.0624082, -20.051038 ], [ -44.0624101, -20.0512557 ], [ -44.0623945, -20.0512543 ], [ -44.0623641, -20.0512623 ], [ -44.062323, -20.0512801 ], [ -44.0622665, -20.0513139 ], [ -44.0621262, -20.0514054 ], [ -44.0620363, -20.0514517 ], [ -44.0617491, -20.0515749 ], [ -44.0616743, -20.0516166 ], [ -44.0616181, -20.0516614 ], [ -44.0615142, -20.0517576 ], [ -44.0613665, -20.051869 ], [ -44.0612609, -20.0519637 ], [ -44.0612032, -20.052007 ], [ -44.0611348, -20.0520435 ], [ -44.0609064, -20.0521333 ], [ -44.0608357, -20.0521679 ], [ -44.0606535, -20.0522898 ], [ -44.0605822, -20.0523239 ], [ -44.0603495, -20.05241 ], [ -44.0602781, -20.052444 ], [ -44.060096, -20.0525659 ], [ -44.0600253, -20.0526005 ], [ -44.0597959, -20.0526895 ], [ -44.059727, -20.0527256 ], [ -44.059669, -20.0527685 ], [ -44.0595633, -20.0528635 ], [ -44.0595085, -20.0529038 ], [ -44.0592169, -20.0530976 ], [ -44.0591313, -20.0531414 ], [ -44.0590396, -20.0531729 ], [ -44.0589519, -20.0531922 ], [ -44.058877, -20.0532018 ], [ -44.0588235, -20.0532039 ], [ -44.058799, -20.0532001 ], [ -44.058799, -20.0537557 ], [ -44.058799, -20.0543112 ], [ -44.0587954, -20.0550056 ], [ -44.0588032, -20.0551595 ], [ -44.0588174, -20.0552545 ], [ -44.0588294, -20.0552978 ], [ -44.0588461, -20.0553369 ], [ -44.0588692, -20.0553703 ], [ -44.0588961, -20.0553946 ], [ -44.0589873, -20.0554544 ], [ -44.0590116, -20.0554769 ], [ -44.059028, -20.0555028 ], [ -44.0590376, -20.0555316 ], [ -44.059041, -20.0555619 ], [ -44.0590384, -20.0555922 ], [ -44.0590294, -20.0556211 ], [ -44.0590136, -20.0556471 ], [ -44.0589897, -20.0556696 ], [ -44.0588985, -20.0557288 ], [ -44.0588712, -20.0557527 ], [ -44.0588479, -20.0557851 ], [ -44.0588308, -20.055823 ], [ -44.0588184, -20.0558652 ], [ -44.0588035, -20.0559581 ], [ -44.0587968, -20.0560663 ], [ -44.0587953, -20.0562711 ], [ -44.058799, -20.0565335 ], [ -44.0588017, -20.0566263 ], [ -44.0587985, -20.0566888 ], [ -44.0587871, -20.0567449 ], [ -44.0587769, -20.056766 ], [ -44.058763, -20.0567804 ], [ -44.0587438, -20.0567904 ], [ -44.0586958, -20.0568021 ], [ -44.0586172, -20.0568141 ], [ -44.0585715, -20.0568278 ], [ -44.0585538, -20.0568391 ], [ -44.0585409, -20.0568549 ], [ -44.058526, -20.056896 ], [ -44.0585197, -20.0569443 ], [ -44.0585174, -20.057023 ], [ -44.0585212, -20.0576446 ], [ -44.0560212, -20.0576446 ], [ -44.0558436, -20.0576411 ], [ -44.0557959, -20.0576449 ], [ -44.0557701, -20.0576525 ], [ -44.0557537, -20.0576679 ], [ -44.0557462, -20.0576908 ], [ -44.055743, -20.0577319 ], [ -44.0557425, -20.057863 ], [ -44.0557378, -20.0578882 ], [ -44.0557265, -20.0579078 ], [ -44.0557048, -20.057919 ], [ -44.05566, -20.0579252 ], [ -44.0554657, -20.0579223 ], [ -44.0551879, -20.0579223 ], [ -44.0551683, -20.057925 ], [ -44.055123, -20.0579242 ], [ -44.055058, -20.0579189 ], [ -44.0549797, -20.0579078 ], [ -44.0548948, -20.0578895 ], [ -44.05481, -20.0578622 ], [ -44.0547403, -20.0578302 ], [ -44.0546123, -20.0577569 ], [ -44.05455, -20.0577245 ], [ -44.0544784, -20.0576974 ], [ -44.0544066, -20.0576793 ], [ -44.0543301, -20.0576655 ], [ -44.0540934, -20.0576303 ], [ -44.0540185, -20.0576152 ], [ -44.0539489, -20.0575955 ], [ -44.0538869, -20.0575693 ], [ -44.05384, -20.05754 ], [ -44.0537545, -20.0574744 ], [ -44.0537087, -20.0574441 ], [ -44.0536495, -20.0574155 ], [ -44.0534511, -20.0573476 ], [ -44.0533878, -20.0573225 ], [ -44.0533312, -20.0572917 ], [ -44.0532888, -20.0572585 ], [ -44.0531761, -20.0571466 ], [ -44.0530297, -20.0570342 ], [ -44.0529181, -20.0569214 ], [ -44.0528764, -20.0568876 ], [ -44.0528204, -20.0568563 ], [ -44.0527575, -20.0568309 ], [ -44.0525578, -20.0567637 ], [ -44.0524906, -20.0567329 ], [ -44.0523051, -20.0566231 ], [ -44.0522356, -20.056591 ], [ -44.0521503, -20.056564 ], [ -44.0520646, -20.0565463 ], [ -44.0519854, -20.056536 ], [ -44.0519196, -20.0565315 ], [ -44.0518739, -20.056531 ], [ -44.0518546, -20.0565335 ], [ -44.0504681, -20.0565179 ], [ -44.0500386, -20.0565166 ], [ -44.0496847, -20.0565223 ], [ -44.049513, -20.0565293 ], [ -44.0493463, -20.0565403 ], [ -44.0491861, -20.0565571 ], [ -44.0490349, -20.0565816 ], [ -44.0488957, -20.0566163 ], [ -44.0486691, -20.0567 ], [ -44.0485485, -20.0567395 ], [ -44.0483008, -20.0568128 ], [ -44.0481827, -20.0568544 ], [ -44.0480748, -20.0569047 ], [ -44.0479827, -20.0569647 ], [ -44.0478261, -20.0570884 ], [ -44.0477586, -20.0571496 ], [ -44.0476887, -20.0572286 ], [ -44.047571, -20.0573856 ], [ -44.0475231, -20.0574635 ], [ -44.0474754, -20.057577 ], [ -44.0474415, -20.0577023 ], [ -44.047417, -20.0578357 ], [ -44.0473662, -20.0582551 ], [ -44.0473468, -20.0583928 ], [ -44.0473208, -20.0585249 ], [ -44.0472845, -20.0586482 ], [ -44.0472092, -20.0588215 ], [ -44.0471666, -20.0589288 ], [ -44.0470766, -20.0591905 ], [ -44.0469377, -20.059568 ], [ -44.0469003, -20.059707 ], [ -44.0468749, -20.0598398 ], [ -44.0468596, -20.0599579 ], [ -44.0468521, -20.0600533 ], [ -44.0468509, -20.0601181 ], [ -44.0468545, -20.0601446 ], [ -44.0468552, -20.0601574 ], [ -44.0468466, -20.0601852 ], [ -44.0468283, -20.0602248 ], [ -44.0467426, -20.0603676 ], [ -44.0466954, -20.0604554 ], [ -44.0465468, -20.0607615 ], [ -44.0464906, -20.0608588 ], [ -44.0464251, -20.0609506 ], [ -44.0463623, -20.061031 ], [ -44.0462376, -20.0612031 ], [ -44.0461281, -20.0613472 ], [ -44.0460857, -20.061422 ], [ -44.0459777, -20.0616629 ], [ -44.0459377, -20.0617398 ], [ -44.0458401, -20.061894 ], [ -44.0457995, -20.0619704 ], [ -44.0457252, -20.0621289 ], [ -44.0456849, -20.0622056 ], [ -44.0456382, -20.0622767 ], [ -44.0455788, -20.0623448 ], [ -44.0454648, -20.0624587 ], [ -44.0454135, -20.0625073 ], [ -44.045358, -20.0625524 ], [ -44.0452782, -20.062603 ], [ -44.0451058, -20.0626932 ], [ -44.0450238, -20.0627419 ], [ -44.0449656, -20.0627847 ], [ -44.0447122, -20.0629907 ], [ -44.0445614, -20.0631394 ], [ -44.0444258, -20.0632612 ], [ -44.0442777, -20.0634166 ], [ -44.0441125, -20.0635656 ], [ -44.0439094, -20.0637592 ], [ -44.0436313, -20.0639857 ], [ -44.0435883, -20.0640145 ], [ -44.0435448, -20.0640336 ], [ -44.0435212, -20.0640335 ], [ -44.0435212, -20.0643112 ], [ -44.0435359, -20.0643082 ], [ -44.0435632, -20.0643116 ], [ -44.0435994, -20.0643223 ], [ -44.0436403, -20.0643413 ], [ -44.0436889, -20.0643753 ], [ -44.0438374, -20.0645164 ], [ -44.0439733, -20.0646176 ], [ -44.0440081, -20.0646478 ], [ -44.0440424, -20.0646879 ], [ -44.0441043, -20.0647738 ], [ -44.0441394, -20.0648132 ], [ -44.0441747, -20.0648425 ], [ -44.0442509, -20.064896 ], [ -44.0442868, -20.0649248 ], [ -44.0443939, -20.0650414 ], [ -44.0444357, -20.0650751 ], [ -44.0444851, -20.0651008 ], [ -44.0445411, -20.0651208 ], [ -44.0447216, -20.0651701 ], [ -44.0447775, -20.0651901 ], [ -44.0448268, -20.0652159 ], [ -44.0448684, -20.0652497 ], [ -44.0449751, -20.0653667 ], [ -44.0451235, -20.0654775 ], [ -44.0451599, -20.0655157 ], [ -44.0452275, -20.0655968 ], [ -44.0452673, -20.0656321 ], [ -44.0453159, -20.0656596 ], [ -44.0455196, -20.0657389 ], [ -44.0455888, -20.0657697 ], [ -44.0456492, -20.0658048 ], [ -44.0456959, -20.0658445 ], [ -44.045727, -20.0658881 ], [ -44.0457435, -20.0659291 ], [ -44.0457483, -20.0659609 ], [ -44.0457434, -20.0659779 ], [ -44.0457788, -20.0659762 ], [ -44.0458533, -20.0659853 ], [ -44.0458948, -20.0659969 ], [ -44.0459332, -20.0660152 ], [ -44.0459612, -20.0660373 ], [ -44.0459837, -20.0660639 ], [ -44.0460012, -20.0660928 ], [ -44.0460364, -20.0661732 ], [ -44.0460512, -20.0661953 ], [ -44.0460705, -20.0662135 ], [ -44.0460994, -20.0662284 ], [ -44.046134, -20.0662384 ], [ -44.0461725, -20.0662451 ], [ -44.0464246, -20.066267 ], [ -44.046462, -20.0662747 ], [ -44.0464951, -20.0662859 ], [ -44.0465226, -20.0663021 ], [ -44.0465408, -20.0663212 ], [ -44.0465548, -20.0663439 ], [ -44.0465967, -20.066447 ], [ -44.0466101, -20.0664702 ], [ -44.0466277, -20.0664899 ], [ -44.0466543, -20.0665068 ], [ -44.0466867, -20.0665187 ], [ -44.0467633, -20.0665324 ], [ -44.0468942, -20.0665391 ], [ -44.0474101, -20.0665335 ], [ -44.0474072, -20.0665486 ], [ -44.0474111, -20.0665804 ], [ -44.0474238, -20.0666237 ], [ -44.0474475, -20.0666727 ], [ -44.047478, -20.066715 ], [ -44.0476007, -20.0668415 ], [ -44.0476892, -20.066942 ], [ -44.0477307, -20.0669829 ], [ -44.047776, -20.0670136 ], [ -44.0478328, -20.0670363 ], [ -44.0478979, -20.0670519 ], [ -44.0479684, -20.0670629 ], [ -44.0481899, -20.0670873 ], [ -44.0482607, -20.067098 ], [ -44.0483264, -20.0671131 ], [ -44.0483846, -20.0671346 ], [ -44.0484321, -20.0671654 ], [ -44.0484655, -20.0672062 ], [ -44.0484887, -20.0672558 ], [ -44.0485042, -20.0673119 ], [ -44.0485144, -20.0673727 ], [ -44.0485243, -20.0675031 ], [ -44.0485297, -20.0677762 ], [ -44.0485364, -20.0679094 ], [ -44.0485435, -20.0679727 ], [ -44.0485546, -20.0680326 ], [ -44.0485715, -20.0680877 ], [ -44.0485961, -20.068136 ], [ -44.0486247, -20.068171 ], [ -44.0487259, -20.0682627 ], [ -44.0487602, -20.0683028 ], [ -44.0488329, -20.0684025 ], [ -44.0488772, -20.0684554 ], [ -44.0490024, -20.0685797 ], [ -44.0490348, -20.0686204 ], [ -44.0490609, -20.0686673 ], [ -44.0490755, -20.068709 ], [ -44.0490804, -20.06874 ], [ -44.0490768, -20.0687557 ], [ -44.0491085, -20.0687532 ], [ -44.0491387, -20.0687554 ], [ -44.0491742, -20.0687615 ], [ -44.0492114, -20.0687727 ], [ -44.0492468, -20.0687904 ], [ -44.0492818, -20.0688204 ], [ -44.0493088, -20.0688589 ], [ -44.0493281, -20.0689029 ], [ -44.0493403, -20.0689491 ], [ -44.0493578, -20.0691233 ], [ -44.0493751, -20.069201 ], [ -44.0493899, -20.0692347 ], [ -44.0494107, -20.0692632 ], [ -44.0494343, -20.0692826 ], [ -44.0495481, -20.0693438 ], [ -44.0495726, -20.0693624 ], [ -44.0495955, -20.0693891 ], [ -44.0496652, -20.0695146 ], [ -44.0496881, -20.0695413 ], [ -44.0497127, -20.0695599 ], [ -44.049828, -20.0696197 ], [ -44.0498528, -20.0696381 ], [ -44.049876, -20.0696646 ], [ -44.0499439, -20.0697916 ], [ -44.049966, -20.0698189 ], [ -44.0499901, -20.0698379 ], [ -44.0500844, -20.0698962 ], [ -44.0501156, -20.0699219 ], [ -44.050142, -20.069952 ], [ -44.0501643, -20.0699924 ], [ -44.0501785, -20.070035 ], [ -44.0501898, -20.0701099 ], [ -44.0501879, -20.0701446 ], [ -44.0503085, -20.0701412 ], [ -44.0503678, -20.0701427 ], [ -44.0504137, -20.0701495 ], [ -44.0504295, -20.0701558 ], [ -44.050442, -20.0701648 ], [ -44.0504502, -20.0701763 ], [ -44.0504593, -20.0702056 ], [ -44.0504656, -20.0703298 ], [ -44.050474, -20.0703782 ], [ -44.050489, -20.0704024 ], [ -44.0505022, -20.0704109 ], [ -44.0505186, -20.0704167 ], [ -44.0505574, -20.0704231 ], [ -44.0506236, -20.0704259 ], [ -44.0510212, -20.0704224 ], [ -44.0510188, -20.0704349 ], [ -44.0510201, -20.0704628 ], [ -44.0510267, -20.0705017 ], [ -44.0510405, -20.0705467 ], [ -44.0510636, -20.0705926 ], [ -44.0510918, -20.0706293 ], [ -44.051126, -20.070663 ], [ -44.0512317, -20.0707541 ], [ -44.0512607, -20.0707885 ], [ -44.0513079, -20.0708592 ], [ -44.0513343, -20.0708922 ], [ -44.0513668, -20.0709199 ], [ -44.0514055, -20.0709396 ], [ -44.0514504, -20.070954 ], [ -44.0516524, -20.0709925 ], [ -44.0517006, -20.0710041 ], [ -44.0517446, -20.0710192 ], [ -44.0517827, -20.0710395 ], [ -44.0518149, -20.0710674 ], [ -44.0518942, -20.0711662 ], [ -44.0519264, -20.0711942 ], [ -44.0519645, -20.0712144 ], [ -44.0520086, -20.0712296 ], [ -44.0520567, -20.0712412 ], [ -44.0522587, -20.0712796 ], [ -44.0523036, -20.0712941 ], [ -44.0523424, -20.0713137 ], [ -44.0523748, -20.0713414 ], [ -44.0524012, -20.0713744 ], [ -44.0524485, -20.0714451 ], [ -44.0524774, -20.0714795 ], [ -44.0525831, -20.0715706 ], [ -44.0526173, -20.0716043 ], [ -44.0526456, -20.071641 ], [ -44.0526686, -20.0716869 ], [ -44.0526824, -20.0717319 ], [ -44.052689, -20.0717708 ], [ -44.0526903, -20.0717988 ], [ -44.0526879, -20.0718113 ], [ -44.0527065, -20.0718085 ], [ -44.0527491, -20.0718092 ], [ -44.0528105, -20.0718141 ], [ -44.052885, -20.0718246 ], [ -44.0529667, -20.0718422 ], [ -44.0530495, -20.0718684 ], [ -44.0531188, -20.0718991 ], [ -44.0533133, -20.0720064 ], [ -44.053387, -20.0720391 ], [ -44.0535913, -20.0721083 ], [ -44.0536553, -20.0721328 ], [ -44.0537139, -20.0721619 ], [ -44.0537595, -20.0721923 ], [ -44.0538451, -20.0722579 ], [ -44.0538911, -20.072288 ], [ -44.0539501, -20.0723167 ], [ -44.0541457, -20.0723871 ], [ -44.054208, -20.072413 ], [ -44.0542644, -20.072444 ], [ -44.0543072, -20.0724768 ], [ -44.0544219, -20.072587 ], [ -44.0545646, -20.0727025 ], [ -44.0547052, -20.07286 ], [ -44.0548477, -20.0729758 ], [ -44.0549612, -20.073087 ], [ -44.0550033, -20.0731204 ], [ -44.0550585, -20.0731524 ], [ -44.0551195, -20.0731795 ], [ -44.0552464, -20.0732293 ], [ -44.0553067, -20.0732586 ], [ -44.0553643, -20.0733004 ], [ -44.0554151, -20.0733564 ], [ -44.0554597, -20.0734227 ], [ -44.0555754, -20.0736297 ], [ -44.0556135, -20.0736847 ], [ -44.0556526, -20.0737257 ], [ -44.0556909, -20.0737504 ], [ -44.0557229, -20.0737602 ], [ -44.0557435, -20.0737557 ], [ -44.0557435, -20.0740335 ], [ -44.0558612, -20.0740302 ], [ -44.0559205, -20.074032 ], [ -44.0559681, -20.074039 ], [ -44.0559841, -20.0740455 ], [ -44.0559966, -20.0740546 ], [ -44.0560053, -20.074067 ], [ -44.0560148, -20.0740985 ], [ -44.0560267, -20.074247 ], [ -44.056038, -20.074277 ], [ -44.0560478, -20.0742885 ], [ -44.0560613, -20.0742968 ], [ -44.0560964, -20.0743064 ], [ -44.056242, -20.0743205 ], [ -44.0562735, -20.0743331 ], [ -44.0562841, -20.0743438 ], [ -44.0562968, -20.0743727 ], [ -44.0563023, -20.0744109 ], [ -44.056299, -20.074589 ], [ -44.0565768, -20.074589 ], [ -44.0565918, -20.0745859 ], [ -44.0566187, -20.0745902 ], [ -44.0566543, -20.0746022 ], [ -44.0566946, -20.0746226 ], [ -44.0567432, -20.0746576 ], [ -44.0568462, -20.0747465 ], [ -44.0569058, -20.0747878 ], [ -44.0569725, -20.0748181 ], [ -44.0570436, -20.074838 ], [ -44.057114, -20.0748485 ], [ -44.0571864, -20.0748545 ], [ -44.0574904, -20.074866 ], [ -44.0576389, -20.0748748 ], [ -44.057709, -20.0748827 ], [ -44.0577749, -20.0748942 ], [ -44.0578349, -20.0749108 ], [ -44.057887, -20.0749342 ], [ -44.0579308, -20.0749661 ], [ -44.0580073, -20.0750396 ], [ -44.0580499, -20.0750725 ], [ -44.0580996, -20.0750979 ], [ -44.0581558, -20.0751178 ], [ -44.0583368, -20.0751666 ], [ -44.0583932, -20.0751863 ], [ -44.0584432, -20.0752114 ], [ -44.0584858, -20.0752443 ], [ -44.0585606, -20.0753193 ], [ -44.0586024, -20.0753529 ], [ -44.0586517, -20.0753787 ], [ -44.0587077, -20.0753987 ], [ -44.0588929, -20.0754468 ], [ -44.0589592, -20.0754707 ], [ -44.0590231, -20.0755035 ], [ -44.0590815, -20.0755458 ], [ -44.059185, -20.0756343 ], [ -44.0592347, -20.0756683 ], [ -44.0592761, -20.0756878 ], [ -44.0593125, -20.0756991 ], [ -44.0593399, -20.0757031 ], [ -44.0593546, -20.0757001 ], [ -44.0593787, -20.0757005 ], [ -44.0594235, -20.075721 ], [ -44.0594678, -20.0757513 ], [ -44.0595784, -20.0758393 ], [ -44.0597628, -20.0759751 ], [ -44.0599142, -20.0760914 ], [ -44.059992, -20.0761454 ], [ -44.0600956, -20.0762032 ], [ -44.0602885, -20.0762885 ], [ -44.0603767, -20.0763319 ], [ -44.0605653, -20.0764482 ], [ -44.0606534, -20.0764917 ], [ -44.0608355, -20.0765736 ], [ -44.0609193, -20.0766208 ], [ -44.0609776, -20.0766634 ], [ -44.0612288, -20.0768714 ], [ -44.061377, -20.0770223 ], [ -44.0615112, -20.0771452 ], [ -44.0616541, -20.0773007 ], [ -44.0617839, -20.0774273 ], [ -44.0619777, -20.077658 ], [ -44.0620343, -20.0777285 ], [ -44.0620791, -20.0778012 ], [ -44.0621934, -20.0780368 ], [ -44.0622371, -20.0781105 ], [ -44.0625027, -20.0784389 ], [ -44.0626654, -20.0786133 ], [ -44.0628923, -20.0788892 ], [ -44.0629379, -20.0789501 ], [ -44.0629592, -20.0789895 ], [ -44.0629683, -20.0790184 ], [ -44.0629657, -20.0790335 ], [ -44.0629638, -20.0792512 ], [ -44.0629665, -20.0792797 ], [ -44.0629771, -20.0793015 ], [ -44.0630012, -20.0793106 ], [ -44.063033, -20.0793131 ], [ -44.0632435, -20.0793113 ], [ -44.063364, -20.0793079 ], [ -44.0634234, -20.0793094 ], [ -44.0634692, -20.0793162 ], [ -44.063485, -20.0793224 ], [ -44.0634976, -20.0793315 ], [ -44.0635058, -20.079343 ], [ -44.0635149, -20.0793723 ], [ -44.0635212, -20.0794965 ], [ -44.0635296, -20.0795449 ], [ -44.0635446, -20.0795691 ], [ -44.0635578, -20.0795776 ], [ -44.0635742, -20.0795834 ], [ -44.063613, -20.0795898 ], [ -44.0636792, -20.0795926 ], [ -44.0640768, -20.079589 ], [ -44.0640671, -20.0791242 ], [ -44.0640688, -20.0789656 ], [ -44.0640752, -20.078804 ], [ -44.0640879, -20.0786475 ], [ -44.0641087, -20.0785045 ], [ -44.0641393, -20.0783834 ], [ -44.0641816, -20.0782898 ], [ -44.0642331, -20.0782151 ], [ -44.0643761, -20.0780333 ], [ -44.064422, -20.0779801 ], [ -44.0645518, -20.0778534 ], [ -44.0646954, -20.0776985 ], [ -44.0648286, -20.0775748 ], [ -44.0649731, -20.0774207 ], [ -44.0651061, -20.0772968 ], [ -44.0652508, -20.0771428 ], [ -44.065385, -20.07702 ], [ -44.0655347, -20.0768703 ], [ -44.0656058, -20.0768123 ], [ -44.0657932, -20.0766686 ], [ -44.0658553, -20.0766292 ], [ -44.0659453, -20.0765873 ], [ -44.0660445, -20.0765534 ], [ -44.0663602, -20.076467 ], [ -44.0664596, -20.0764332 ], [ -44.0666043, -20.0763699 ], [ -44.0666904, -20.0763391 ], [ -44.0668408, -20.0763043 ], [ -44.0670151, -20.0762801 ], [ -44.0672022, -20.0762646 ], [ -44.0673906, -20.0762559 ], [ -44.0675692, -20.0762523 ], [ -44.0679657, -20.0762557 ], [ -44.0679733, -20.0762294 ], [ -44.0679664, -20.0761739 ], [ -44.0679442, -20.0760959 ], [ -44.0679048, -20.076003 ], [ -44.0678562, -20.075917 ], [ -44.0677205, -20.0757134 ], [ -44.0676356, -20.0755994 ], [ -44.0673849, -20.0753097 ], [ -44.0672988, -20.0752151 ], [ -44.0671623, -20.0750828 ], [ -44.0669065, -20.0748025 ], [ -44.0668502, -20.0747249 ], [ -44.0668017, -20.0746468 ], [ -44.0667652, -20.0745819 ], [ -44.066738, -20.0745163 ], [ -44.0667243, -20.0744357 ], [ -44.0667306, -20.0743538 ], [ -44.0667505, -20.0742848 ], [ -44.0668139, -20.0741266 ], [ -44.0668536, -20.0740359 ], [ -44.0669, -20.073946 ], [ -44.0669562, -20.073861 ], [ -44.0670135, -20.073794 ], [ -44.0671513, -20.0736562 ], [ -44.0672326, -20.0735863 ], [ -44.0673364, -20.0735154 ], [ -44.0675526, -20.0733799 ], [ -44.0676393, -20.0733134 ], [ -44.0677958, -20.0731866 ], [ -44.067867, -20.0731273 ], [ -44.0680878, -20.072916 ], [ -44.0681531, -20.0728522 ], [ -44.0682241, -20.0727731 ], [ -44.0684094, -20.0725531 ], [ -44.068469, -20.0724646 ], [ -44.0685776, -20.0722788 ], [ -44.0686355, -20.0721891 ], [ -44.0686916, -20.0721163 ], [ -44.0687569, -20.072039 ], [ -44.0688405, -20.0719407 ], [ -44.0689326, -20.0718395 ], [ -44.0692051, -20.0715761 ], [ -44.069301, -20.0714878 ], [ -44.06938, -20.0714216 ], [ -44.0695226, -20.0713087 ], [ -44.0695787, -20.0712709 ], [ -44.0696137, -20.0712555 ], [ -44.0696324, -20.0712557 ], [ -44.0701879, -20.0712557 ], [ -44.0702423, -20.0712541 ], [ -44.0703141, -20.0712582 ] ] ] ] } },
{ "type": "Feature", "properties": { "Sub_bacia": "Urubu", "Area_Ha": 471.198, "Nome": "Urubu" }, "geometry": { "type": "MultiPolygon", "coordinates": [ [ [ [ -44.0621048, -20.044859 ], [ -44.0621152, -20.0448521 ], [ -44.0621224, -20.0448428 ], [ -44.0621305, -20.0448189 ], [ -44.0621347, -20.0447608 ], [ -44.0621323, -20.0443112 ], [ -44.0621295, -20.0442241 ], [ -44.0621318, -20.0441303 ], [ -44.0621393, -20.0440146 ], [ -44.0621543, -20.043886 ], [ -44.0621792, -20.0437537 ], [ -44.0622167, -20.0436267 ], [ -44.0622667, -20.0435124 ], [ -44.062361, -20.0433198 ], [ -44.0624315, -20.0431559 ], [ -44.06247, -20.043077 ], [ -44.0625156, -20.0430042 ], [ -44.0625743, -20.0429349 ], [ -44.0626359, -20.0428683 ], [ -44.0627717, -20.0427081 ], [ -44.0628977, -20.0425844 ], [ -44.0629403, -20.0425331 ], [ -44.0630623, -20.0423669 ], [ -44.0630985, -20.0423039 ], [ -44.0631137, -20.0422506 ], [ -44.0631169, -20.042195 ], [ -44.0631087, -20.0421395 ], [ -44.0630539, -20.0419962 ], [ -44.0630306, -20.0419124 ], [ -44.0630152, -20.0418204 ], [ -44.0630075, -20.0417234 ], [ -44.0630076, -20.0416246 ], [ -44.0630166, -20.041527 ], [ -44.063036, -20.0414338 ], [ -44.0630688, -20.0413486 ], [ -44.0631161, -20.0412738 ], [ -44.063254, -20.0410904 ], [ -44.0632994, -20.0410364 ], [ -44.0634456, -20.0409003 ], [ -44.0635776, -20.0407722 ], [ -44.0636487, -20.0407085 ], [ -44.063954, -20.0404739 ], [ -44.0640025, -20.0404431 ], [ -44.0640518, -20.0404227 ], [ -44.0640768, -20.0404223 ], [ -44.064075, -20.0403756 ], [ -44.0640778, -20.0403115 ], [ -44.0640907, -20.0402426 ], [ -44.064103, -20.0402122 ], [ -44.0641205, -20.0401879 ], [ -44.0641424, -20.0401719 ], [ -44.0641673, -20.0401626 ], [ -44.0642488, -20.0401431 ], [ -44.0642974, -20.0401253 ], [ -44.0643164, -20.0401118 ], [ -44.0643312, -20.0400927 ], [ -44.0643413, -20.0400697 ], [ -44.0643482, -20.0400438 ], [ -44.0643555, -20.0399866 ], [ -44.0643585, -20.0398939 ], [ -44.0643546, -20.0390334 ], [ -44.0643546, -20.0387556 ], [ -44.0643567, -20.0387271 ], [ -44.0643548, -20.0386985 ], [ -44.0643403, -20.0386266 ], [ -44.0643256, -20.0385893 ], [ -44.0643043, -20.0385553 ], [ -44.0642759, -20.0385269 ], [ -44.0642427, -20.0385043 ], [ -44.0641477, -20.0384568 ], [ -44.0641242, -20.0384373 ], [ -44.0641058, -20.0384103 ], [ -44.0640935, -20.0383781 ], [ -44.0640801, -20.0383041 ], [ -44.0640751, -20.0382229 ], [ -44.0640784, -20.0376218 ], [ -44.0640735, -20.0375405 ], [ -44.0640601, -20.0374665 ], [ -44.0640477, -20.0374344 ], [ -44.0640294, -20.0374073 ], [ -44.0640058, -20.0373879 ], [ -44.0639109, -20.0373403 ], [ -44.0638777, -20.0373177 ], [ -44.0638493, -20.0372894 ], [ -44.063828, -20.0372553 ], [ -44.0638133, -20.037218 ], [ -44.0637988, -20.0371461 ], [ -44.0637969, -20.0371175 ], [ -44.063799, -20.037089 ], [ -44.0638339, -20.0370908 ], [ -44.0639066, -20.0370812 ], [ -44.0639473, -20.0370693 ], [ -44.0639851, -20.0370508 ], [ -44.0640165, -20.037025 ], [ -44.0640411, -20.0369939 ], [ -44.0640599, -20.0369604 ], [ -44.0640866, -20.036899 ], [ -44.0641027, -20.036873 ], [ -44.0641244, -20.0368519 ], [ -44.0641532, -20.036837 ], [ -44.0641878, -20.036827 ], [ -44.0642265, -20.0368205 ], [ -44.0643118, -20.0368142 ], [ -44.0646349, -20.0368134 ], [ -44.064723, -20.0368095 ], [ -44.064802, -20.0367979 ], [ -44.0648355, -20.0367869 ], [ -44.0648629, -20.0367708 ], [ -44.0648828, -20.0367481 ], [ -44.0648965, -20.0367202 ], [ -44.0649057, -20.0366884 ], [ -44.0649153, -20.0366172 ], [ -44.0649228, -20.036425 ], [ -44.0649298, -20.0363866 ], [ -44.0649441, -20.0363493 ], [ -44.0649664, -20.0363162 ], [ -44.0649971, -20.0362897 ], [ -44.0650354, -20.0362717 ], [ -44.0650771, -20.0362607 ], [ -44.0651177, -20.0362552 ], [ -44.0651526, -20.0362535 ], [ -44.0651879, -20.0362556 ], [ -44.0651843, -20.0362434 ], [ -44.0651868, -20.0362196 ], [ -44.0651956, -20.036187 ], [ -44.0652114, -20.0361487 ], [ -44.0652355, -20.0361081 ], [ -44.0652707, -20.0360655 ], [ -44.0653554, -20.0359814 ], [ -44.0653936, -20.0359363 ], [ -44.0654232, -20.0358841 ], [ -44.0654414, -20.0358308 ], [ -44.0654516, -20.0357764 ], [ -44.0654581, -20.0357188 ], [ -44.0654639, -20.0355976 ], [ -44.0654618, -20.0350907 ], [ -44.0654638, -20.0349661 ], [ -44.0654715, -20.0348465 ], [ -44.0654793, -20.03479 ], [ -44.065491, -20.0347369 ], [ -44.0655082, -20.0346885 ], [ -44.0655329, -20.0346465 ], [ -44.0655642, -20.0346139 ], [ -44.0656732, -20.0345288 ], [ -44.0657014, -20.0344974 ], [ -44.0657752, -20.034394 ], [ -44.0658034, -20.0343625 ], [ -44.0658388, -20.0343334 ], [ -44.0659156, -20.0342791 ], [ -44.0659505, -20.0342404 ], [ -44.0659786, -20.0341864 ], [ -44.0659984, -20.0341218 ], [ -44.0660115, -20.0340512 ], [ -44.066023, -20.0339104 ], [ -44.0660212, -20.0337556 ], [ -44.0662554, -20.0337631 ], [ -44.0663749, -20.0337605 ], [ -44.0664282, -20.0337555 ], [ -44.0664727, -20.0337471 ], [ -44.0665059, -20.0337345 ], [ -44.0665313, -20.0337167 ], [ -44.06655, -20.0336916 ], [ -44.0665625, -20.0336611 ], [ -44.0665706, -20.0336269 ], [ -44.0665802, -20.0335117 ], [ -44.0665744, -20.0329305 ], [ -44.0665771, -20.0328506 ], [ -44.0665855, -20.0327755 ], [ -44.0665936, -20.0327412 ], [ -44.0666057, -20.0327104 ], [ -44.0666235, -20.0326845 ], [ -44.0666473, -20.0326652 ], [ -44.0667425, -20.0326197 ], [ -44.0667759, -20.0325977 ], [ -44.0668046, -20.0325697 ], [ -44.0668259, -20.0325355 ], [ -44.0668406, -20.0324978 ], [ -44.0668548, -20.0324248 ], [ -44.0668546, -20.0323667 ], [ -44.0670489, -20.0323696 ], [ -44.0670937, -20.0323634 ], [ -44.0671154, -20.0323522 ], [ -44.0671267, -20.0323326 ], [ -44.0671314, -20.0323074 ], [ -44.0671319, -20.0321763 ], [ -44.0671351, -20.0321352 ], [ -44.0671426, -20.0321123 ], [ -44.067159, -20.0320969 ], [ -44.0671848, -20.0320893 ], [ -44.0672325, -20.0320855 ], [ -44.0674101, -20.032089 ], [ -44.0674167, -20.0318122 ], [ -44.0674157, -20.0315948 ], [ -44.0674067, -20.0314802 ], [ -44.067398, -20.0314319 ], [ -44.0673856, -20.0313869 ], [ -44.067368, -20.0313462 ], [ -44.0673437, -20.0313113 ], [ -44.0673168, -20.0312865 ], [ -44.0672224, -20.0312239 ], [ -44.0671936, -20.0312007 ], [ -44.0671651, -20.0311691 ], [ -44.067092, -20.0310634 ], [ -44.0670632, -20.0310318 ], [ -44.0670343, -20.0310085 ], [ -44.0669407, -20.0309445 ], [ -44.0669145, -20.0309191 ], [ -44.0668914, -20.0308835 ], [ -44.0668752, -20.0308425 ], [ -44.0668644, -20.0307978 ], [ -44.0668582, -20.0307507 ], [ -44.0668572, -20.0306537 ], [ -44.0668623, -20.0306061 ], [ -44.0668719, -20.0305605 ], [ -44.066887, -20.0305186 ], [ -44.066909, -20.0304818 ], [ -44.0669344, -20.0304554 ], [ -44.0670259, -20.0303886 ], [ -44.0670537, -20.0303622 ], [ -44.0670802, -20.0303186 ], [ -44.0671002, -20.0302635 ], [ -44.0671145, -20.0302008 ], [ -44.0671301, -20.0300677 ], [ -44.0671342, -20.0299499 ], [ -44.0671323, -20.0298667 ], [ -44.0671444, -20.0298694 ], [ -44.0671684, -20.0298682 ], [ -44.0672012, -20.0298625 ], [ -44.0672391, -20.0298513 ], [ -44.0672784, -20.0298333 ], [ -44.0673216, -20.0298027 ], [ -44.0673611, -20.0297641 ], [ -44.0674332, -20.0296797 ], [ -44.0674691, -20.0296431 ], [ -44.0675007, -20.029619 ], [ -44.0675981, -20.0295596 ], [ -44.0676265, -20.0295364 ], [ -44.0676537, -20.0295041 ], [ -44.0677218, -20.0293958 ], [ -44.0677496, -20.029364 ], [ -44.0677785, -20.0293412 ], [ -44.0678752, -20.0292812 ], [ -44.0679038, -20.0292582 ], [ -44.0679314, -20.0292263 ], [ -44.068, -20.0291183 ], [ -44.0680276, -20.0290864 ], [ -44.0680562, -20.0290633 ], [ -44.0681529, -20.0290034 ], [ -44.0681817, -20.0289806 ], [ -44.0682095, -20.0289488 ], [ -44.0682777, -20.0288405 ], [ -44.0683049, -20.0288082 ], [ -44.0683333, -20.028785 ], [ -44.0684306, -20.0287256 ], [ -44.0684623, -20.0287015 ], [ -44.0684982, -20.0286649 ], [ -44.0685703, -20.0285805 ], [ -44.0686098, -20.0285419 ], [ -44.068653, -20.0285113 ], [ -44.0686922, -20.0284933 ], [ -44.0687302, -20.0284821 ], [ -44.0687629, -20.0284764 ], [ -44.0687869, -20.0284752 ], [ -44.068799, -20.0284779 ], [ -44.0688566, -20.0284752 ], [ -44.0689166, -20.0284771 ], [ -44.0689894, -20.0284831 ], [ -44.0690688, -20.0284947 ], [ -44.0691485, -20.0285136 ], [ -44.069222, -20.0285415 ], [ -44.0692853, -20.0285804 ], [ -44.0693369, -20.0286253 ], [ -44.0694162, -20.0287107 ], [ -44.0695649, -20.0288265 ], [ -44.0696746, -20.0289467 ], [ -44.0697185, -20.0289802 ], [ -44.069774, -20.0290055 ], [ -44.0698379, -20.0290227 ], [ -44.0699076, -20.0290338 ], [ -44.0699806, -20.0290398 ], [ -44.0700551, -20.0290416 ], [ -44.070129, -20.0290391 ], [ -44.0702005, -20.0290318 ], [ -44.0702673, -20.0290189 ], [ -44.0703267, -20.0289986 ], [ -44.0703755, -20.0289684 ], [ -44.0704101, -20.0289277 ], [ -44.0704342, -20.0288779 ], [ -44.0704507, -20.0288215 ], [ -44.070462, -20.0287605 ], [ -44.0704858, -20.0284995 ], [ -44.070504, -20.028375 ], [ -44.0705202, -20.0283189 ], [ -44.0705443, -20.0282696 ], [ -44.0705729, -20.0282337 ], [ -44.0707004, -20.0281244 ], [ -44.0708008, -20.0280267 ], [ -44.0708501, -20.0279836 ], [ -44.0709, -20.0279507 ], [ -44.0709421, -20.0279325 ], [ -44.0709793, -20.0279226 ], [ -44.071007, -20.0279195 ], [ -44.0710212, -20.0279223 ], [ -44.071299, -20.0279223 ], [ -44.0721362, -20.0279368 ], [ -44.0723348, -20.0279368 ], [ -44.0725131, -20.0279307 ], [ -44.0725977, -20.0279238 ], [ -44.0726777, -20.027913 ], [ -44.0727515, -20.0278967 ], [ -44.0728166, -20.0278731 ], [ -44.0728703, -20.0278396 ], [ -44.0729105, -20.0277944 ], [ -44.0729403, -20.0277404 ], [ -44.072964, -20.027681 ], [ -44.0730065, -20.0275579 ], [ -44.0730315, -20.0274995 ], [ -44.0730631, -20.0274467 ], [ -44.0731032, -20.0274011 ], [ -44.073191, -20.0273165 ], [ -44.073321, -20.0271481 ], [ -44.0734078, -20.0270646 ], [ -44.0734461, -20.0270198 ], [ -44.073474, -20.0269676 ], [ -44.073492, -20.0269092 ], [ -44.0735016, -20.026847 ], [ -44.0735036, -20.0267832 ], [ -44.0734978, -20.0267201 ], [ -44.0734835, -20.0266598 ], [ -44.0734589, -20.0266044 ], [ -44.0733757, -20.0264863 ], [ -44.0733327, -20.0264162 ], [ -44.0732987, -20.0263368 ], [ -44.0732739, -20.0262529 ], [ -44.0732569, -20.0261707 ], [ -44.073241, -20.0260355 ], [ -44.0732401, -20.0259941 ], [ -44.0732435, -20.0259778 ], [ -44.0732394, -20.0258046 ], [ -44.0732421, -20.0257607 ], [ -44.0732484, -20.0257352 ], [ -44.073262, -20.025716 ], [ -44.073287, -20.0257056 ], [ -44.0733192, -20.0257015 ], [ -44.0734622, -20.0256971 ], [ -44.0734914, -20.0256904 ], [ -44.0735027, -20.0256842 ], [ -44.0735107, -20.0256756 ], [ -44.0735201, -20.0256528 ], [ -44.073525, -20.0256107 ], [ -44.0735212, -20.0254223 ], [ -44.073513, -20.0241909 ], [ -44.0735141, -20.0239758 ], [ -44.0735197, -20.0238366 ], [ -44.0735255, -20.0237696 ], [ -44.0735345, -20.0237052 ], [ -44.0735477, -20.0236445 ], [ -44.0735668, -20.0235889 ], [ -44.0735939, -20.0235401 ], [ -44.0736233, -20.0235058 ], [ -44.073725, -20.0234145 ], [ -44.0737595, -20.0233745 ], [ -44.0738231, -20.0232901 ], [ -44.0738586, -20.0232511 ], [ -44.0738937, -20.0232216 ], [ -44.0739693, -20.0231674 ], [ -44.0740047, -20.0231383 ], [ -44.0740407, -20.0230997 ], [ -44.0741052, -20.023016 ], [ -44.0741404, -20.0229768 ], [ -44.0741775, -20.0229457 ], [ -44.0743188, -20.0228426 ], [ -44.0744694, -20.022706 ], [ -44.0745174, -20.0226736 ], [ -44.0745572, -20.0226553 ], [ -44.0745922, -20.022645 ], [ -44.0746183, -20.0226416 ], [ -44.0746324, -20.0226445 ], [ -44.0746391, -20.0222943 ], [ -44.0746318, -20.0221167 ], [ -44.0746228, -20.0220374 ], [ -44.0746088, -20.0219708 ], [ -44.0745888, -20.0219179 ], [ -44.0745609, -20.0218723 ], [ -44.0745298, -20.0218395 ], [ -44.0744251, -20.0217507 ], [ -44.074391, -20.0217105 ], [ -44.0743289, -20.0216248 ], [ -44.0742938, -20.0215854 ], [ -44.0742589, -20.0215559 ], [ -44.0741838, -20.0215012 ], [ -44.0741491, -20.0214715 ], [ -44.0741144, -20.0214318 ], [ -44.0740522, -20.0213461 ], [ -44.0740175, -20.0213064 ], [ -44.0739828, -20.0212766 ], [ -44.0739076, -20.0212221 ], [ -44.0738721, -20.021193 ], [ -44.0737662, -20.0210754 ], [ -44.0737244, -20.0210417 ], [ -44.0736724, -20.0210163 ], [ -44.0736117, -20.0209984 ], [ -44.0735444, -20.020986 ], [ -44.0733969, -20.0209724 ], [ -44.0731475, -20.0209673 ], [ -44.0724101, -20.0209778 ], [ -44.0724134, -20.021009 ], [ -44.0724099, -20.0210384 ], [ -44.0724012, -20.0210731 ], [ -44.0723857, -20.0211097 ], [ -44.0723617, -20.0211448 ], [ -44.0723227, -20.0211795 ], [ -44.0722734, -20.0212076 ], [ -44.0722176, -20.0212293 ], [ -44.0721596, -20.0212456 ], [ -44.0720048, -20.0212785 ], [ -44.0719614, -20.0212942 ], [ -44.0719244, -20.0213154 ], [ -44.0718982, -20.0213392 ], [ -44.071812, -20.0214507 ], [ -44.0717848, -20.0214736 ], [ -44.0717465, -20.0214937 ], [ -44.0717022, -20.0215086 ], [ -44.0716538, -20.02152 ], [ -44.0715015, -20.0215482 ], [ -44.0714534, -20.0215599 ], [ -44.0714094, -20.0215751 ], [ -44.0713715, -20.0215955 ], [ -44.0713445, -20.0216187 ], [ -44.0712578, -20.0217296 ], [ -44.0712309, -20.0217529 ], [ -44.0711913, -20.0217739 ], [ -44.0711446, -20.0217888 ], [ -44.0710926, -20.0217991 ], [ -44.0710368, -20.0218062 ], [ -44.0707956, -20.0218192 ], [ -44.0707321, -20.0218252 ], [ -44.0706676, -20.0218376 ], [ -44.0706065, -20.0218573 ], [ -44.0705534, -20.0218849 ], [ -44.0705122, -20.0219204 ], [ -44.0704884, -20.0219556 ], [ -44.0704733, -20.0219926 ], [ -44.0704652, -20.0220277 ], [ -44.0704622, -20.0220576 ], [ -44.0704657, -20.022089 ], [ -44.0702552, -20.0220908 ], [ -44.0702234, -20.0220883 ], [ -44.0701993, -20.0220792 ], [ -44.0701887, -20.0220574 ], [ -44.070186, -20.0220289 ], [ -44.0701879, -20.0218112 ], [ -44.0701637, -20.0218151 ], [ -44.0701122, -20.0218115 ], [ -44.0700395, -20.0218001 ], [ -44.069953, -20.0217797 ], [ -44.0698603, -20.0217489 ], [ -44.0697701, -20.0217086 ], [ -44.0696796, -20.0216631 ], [ -44.0695853, -20.02162 ], [ -44.0694764, -20.0215836 ], [ -44.0693657, -20.0215592 ], [ -44.0692599, -20.0215453 ], [ -44.0690402, -20.0215312 ], [ -44.0688108, -20.0215256 ], [ -44.0685778, -20.0215241 ], [ -44.0682295, -20.0215274 ], [ -44.0680031, -20.0215353 ], [ -44.0678936, -20.0215425 ], [ -44.067788, -20.0215528 ], [ -44.0676876, -20.0215675 ], [ -44.0675943, -20.0215883 ], [ -44.0675105, -20.0216171 ], [ -44.0673101, -20.0217242 ], [ -44.0672294, -20.0217526 ], [ -44.0671397, -20.0217733 ], [ -44.0670433, -20.0217882 ], [ -44.0669418, -20.0217987 ], [ -44.0667285, -20.0218109 ], [ -44.0663945, -20.021817 ], [ -44.0649101, -20.0218112 ], [ -44.064915, -20.0221184 ], [ -44.0649139, -20.0222184 ], [ -44.0649053, -20.0222869 ], [ -44.06489, -20.0223242 ], [ -44.0648771, -20.0223385 ], [ -44.0648608, -20.0223483 ], [ -44.0648413, -20.0223554 ], [ -44.0647039, -20.0223805 ], [ -44.0646845, -20.0223876 ], [ -44.0646682, -20.0223975 ], [ -44.0646554, -20.0224117 ], [ -44.0646463, -20.0224292 ], [ -44.0646354, -20.0224703 ], [ -44.0646179, -20.0225816 ], [ -44.0646105, -20.0226005 ], [ -44.0645974, -20.0226166 ], [ -44.0645772, -20.0226282 ], [ -44.0645507, -20.0226363 ], [ -44.06452, -20.0226417 ], [ -44.0644542, -20.0226463 ], [ -44.0643546, -20.0226445 ], [ -44.0643488, -20.022989 ], [ -44.0643552, -20.0230761 ], [ -44.064368, -20.0231268 ], [ -44.064379, -20.0231483 ], [ -44.0643945, -20.0231658 ], [ -44.0644146, -20.0231784 ], [ -44.0644384, -20.0231878 ], [ -44.0645447, -20.0232157 ], [ -44.0645681, -20.0232253 ], [ -44.0645878, -20.0232382 ], [ -44.064603, -20.023256 ], [ -44.0646142, -20.0232774 ], [ -44.0646494, -20.0234015 ], [ -44.0646599, -20.0234234 ], [ -44.0646745, -20.0234417 ], [ -44.0646936, -20.0234551 ], [ -44.0647165, -20.0234652 ], [ -44.0648233, -20.0234927 ], [ -44.064848, -20.0235016 ], [ -44.0648694, -20.023517 ], [ -44.0648864, -20.0235412 ], [ -44.0648982, -20.0235718 ], [ -44.0649058, -20.0236063 ], [ -44.0649119, -20.0236767 ], [ -44.0649101, -20.0237556 ], [ -44.0649088, -20.0237687 ], [ -44.0649207, -20.0239563 ], [ -44.0649246, -20.0241465 ], [ -44.0649209, -20.0242439 ], [ -44.064911, -20.0243351 ], [ -44.0648933, -20.0244142 ], [ -44.0648657, -20.0244749 ], [ -44.0648259, -20.0245168 ], [ -44.0647716, -20.024546 ], [ -44.0647057, -20.0245653 ], [ -44.0646318, -20.0245777 ], [ -44.0645523, -20.0245853 ], [ -44.064469, -20.0245897 ], [ -44.0642068, -20.0245922 ], [ -44.0635801, -20.0245853 ], [ -44.0634068, -20.0245883 ], [ -44.0633233, -20.0245925 ], [ -44.0632433, -20.0245996 ], [ -44.063168, -20.0246108 ], [ -44.0630995, -20.0246278 ], [ -44.0630402, -20.0246528 ], [ -44.0629956, -20.024684 ], [ -44.0628855, -20.0247981 ], [ -44.0627822, -20.024888 ], [ -44.0627523, -20.0249218 ], [ -44.0627232, -20.0249729 ], [ -44.0627029, -20.0250399 ], [ -44.0626896, -20.0251228 ], [ -44.062682, -20.0252159 ], [ -44.0626788, -20.0253138 ], [ -44.0626808, -20.0255023 ], [ -44.0626879, -20.0257001 ], [ -44.0626912, -20.0258782 ], [ -44.0626857, -20.0259165 ], [ -44.062673, -20.0259453 ], [ -44.0626624, -20.025956 ], [ -44.0626309, -20.0259687 ], [ -44.0624852, -20.0259827 ], [ -44.0624502, -20.0259923 ], [ -44.0624367, -20.0260006 ], [ -44.0624269, -20.0260121 ], [ -44.0624156, -20.0260421 ], [ -44.0624037, -20.0261906 ], [ -44.0623942, -20.0262222 ], [ -44.0623854, -20.0262345 ], [ -44.062373, -20.0262436 ], [ -44.062357, -20.0262501 ], [ -44.0623094, -20.0262572 ], [ -44.0622501, -20.0262589 ], [ -44.0621323, -20.0262556 ], [ -44.062134, -20.026309 ], [ -44.0621282, -20.0263799 ], [ -44.0621203, -20.0264175 ], [ -44.0621075, -20.0264527 ], [ -44.0620888, -20.0264825 ], [ -44.0620643, -20.0265041 ], [ -44.0620359, -20.0265185 ], [ -44.0619486, -20.026546 ], [ -44.0619229, -20.0265579 ], [ -44.0619014, -20.0265736 ], [ -44.0618851, -20.0265943 ], [ -44.061873, -20.0266186 ], [ -44.0618368, -20.0267265 ], [ -44.0618241, -20.0267503 ], [ -44.061807, -20.0267705 ], [ -44.061785, -20.0267856 ], [ -44.0617591, -20.0267974 ], [ -44.0616738, -20.0268263 ], [ -44.0616479, -20.0268381 ], [ -44.061626, -20.0268533 ], [ -44.0616091, -20.0268735 ], [ -44.0615965, -20.0268975 ], [ -44.0615611, -20.0270061 ], [ -44.061549, -20.0270305 ], [ -44.0615324, -20.027051 ], [ -44.0615103, -20.027066 ], [ -44.0614831, -20.0270767 ], [ -44.0614175, -20.0270892 ], [ -44.0612744, -20.0270943 ], [ -44.0610212, -20.027089 ], [ -44.0610252, -20.0271082 ], [ -44.0610132, -20.0271446 ], [ -44.060985, -20.0271928 ], [ -44.0609474, -20.027239 ], [ -44.060849, -20.0273441 ], [ -44.0607894, -20.0274154 ], [ -44.0606733, -20.0275636 ], [ -44.0605791, -20.0276725 ], [ -44.0605443, -20.0277227 ], [ -44.0605155, -20.0277887 ], [ -44.0604972, -20.0278618 ], [ -44.0604869, -20.0279397 ], [ -44.0604835, -20.0280201 ], [ -44.060486, -20.0281014 ], [ -44.0604943, -20.028182 ], [ -44.0605087, -20.0282602 ], [ -44.0605302, -20.0283345 ], [ -44.0605601, -20.028403 ], [ -44.0606603, -20.0285624 ], [ -44.0606903, -20.0286325 ], [ -44.0607125, -20.0287092 ], [ -44.0607284, -20.0287906 ], [ -44.0607391, -20.0288753 ], [ -44.0607455, -20.0289618 ], [ -44.0607478, -20.029049 ], [ -44.0607459, -20.0291356 ], [ -44.0607392, -20.0292201 ], [ -44.0607266, -20.0293008 ], [ -44.0607065, -20.0293758 ], [ -44.0606763, -20.0294423 ], [ -44.0606327, -20.0294969 ], [ -44.0605756, -20.0295353 ], [ -44.0605065, -20.0295616 ], [ -44.0604292, -20.0295779 ], [ -44.060347, -20.0295856 ], [ -44.0602628, -20.0295856 ], [ -44.0601797, -20.0295777 ], [ -44.0601007, -20.0295613 ], [ -44.0600293, -20.0295348 ], [ -44.059964, -20.0294943 ], [ -44.0598242, -20.0293787 ], [ -44.0596231, -20.0292195 ], [ -44.0594961, -20.0291017 ], [ -44.0594424, -20.0290596 ], [ -44.0594021, -20.0290376 ], [ -44.0593714, -20.0290288 ], [ -44.0593546, -20.0290334 ], [ -44.0593546, -20.0309779 ], [ -44.0593548, -20.0309996 ], [ -44.0593333, -20.0310422 ], [ -44.0592977, -20.0310911 ], [ -44.0591019, -20.0313248 ], [ -44.0587543, -20.0316983 ], [ -44.0585947, -20.0318585 ], [ -44.058443, -20.032022 ], [ -44.0583172, -20.0321521 ], [ -44.0581257, -20.0323848 ], [ -44.0580706, -20.0324566 ], [ -44.0580134, -20.0325465 ], [ -44.0579094, -20.0327352 ], [ -44.0578544, -20.032827 ], [ -44.057751, -20.0329763 ], [ -44.057694, -20.0330664 ], [ -44.0575911, -20.0332361 ], [ -44.0575467, -20.0333171 ], [ -44.0574985, -20.0334345 ], [ -44.05746, -20.0335603 ], [ -44.0573616, -20.0339522 ], [ -44.057321, -20.0340762 ], [ -44.0572696, -20.0341909 ], [ -44.057222, -20.0342691 ], [ -44.0571091, -20.0344302 ], [ -44.0570444, -20.0345137 ], [ -44.0567809, -20.0348037 ], [ -44.0566522, -20.0349314 ], [ -44.0565087, -20.0350864 ], [ -44.0563828, -20.0352165 ], [ -44.0561913, -20.0354493 ], [ -44.0561368, -20.0355216 ], [ -44.0560805, -20.0356124 ], [ -44.0559302, -20.0359007 ], [ -44.0558377, -20.0360596 ], [ -44.0557896, -20.0361575 ], [ -44.0556563, -20.0364608 ], [ -44.0555714, -20.0366265 ], [ -44.0555196, -20.0367493 ], [ -44.0554268, -20.0370044 ], [ -44.0553749, -20.0371272 ], [ -44.0553113, -20.0372402 ], [ -44.0552565, -20.0373126 ], [ -44.0551969, -20.0373809 ], [ -44.0551252, -20.0374588 ], [ -44.0550482, -20.037532 ], [ -44.0549504, -20.0376066 ], [ -44.0548485, -20.0376772 ], [ -44.054752, -20.0377515 ], [ -44.0546776, -20.0378241 ], [ -44.0546103, -20.0379013 ], [ -44.0545563, -20.037969 ], [ -44.0545092, -20.0380408 ], [ -44.054462, -20.0381533 ], [ -44.0544347, -20.0382764 ], [ -44.0544248, -20.0384053 ], [ -44.0544308, -20.0385356 ], [ -44.0544529, -20.038663 ], [ -44.0545048, -20.0388396 ], [ -44.0545343, -20.0389623 ], [ -44.0545566, -20.0390926 ], [ -44.0545726, -20.0392283 ], [ -44.0545827, -20.0393674 ], [ -44.0545869, -20.0395086 ], [ -44.0545822, -20.0396639 ], [ -44.0545668, -20.0398329 ], [ -44.0545404, -20.0400072 ], [ -44.0545029, -20.0401784 ], [ -44.0544344, -20.040427 ], [ -44.0543971, -20.0405922 ], [ -44.0543717, -20.0407411 ], [ -44.0543567, -20.0408623 ], [ -44.0543511, -20.0409448 ], [ -44.0543546, -20.0409779 ], [ -44.0543546, -20.0412557 ], [ -44.0543307, -20.0412543 ], [ -44.0542891, -20.0412726 ], [ -44.0542267, -20.0413195 ], [ -44.0540786, -20.0414598 ], [ -44.0540024, -20.0415416 ], [ -44.0539187, -20.0416517 ], [ -44.0537691, -20.0418884 ], [ -44.0536972, -20.0419941 ], [ -44.0534382, -20.0422963 ], [ -44.0533082, -20.042423 ], [ -44.0531658, -20.0425792 ], [ -44.0530382, -20.0427083 ], [ -44.0529711, -20.0427901 ], [ -44.0528511, -20.0429459 ], [ -44.0527993, -20.0430209 ], [ -44.0527503, -20.0431184 ], [ -44.0527107, -20.0432241 ], [ -44.0526409, -20.0434439 ], [ -44.052602, -20.0435505 ], [ -44.0525542, -20.0436496 ], [ -44.0522851, -20.0440574 ], [ -44.0522384, -20.0441357 ], [ -44.0521971, -20.0442373 ], [ -44.0521692, -20.0443482 ], [ -44.0521524, -20.0444652 ], [ -44.0521453, -20.0445855 ], [ -44.0521475, -20.0447063 ], [ -44.0521597, -20.0448249 ], [ -44.0521835, -20.0449379 ], [ -44.0522249, -20.0450472 ], [ -44.0522792, -20.0451433 ], [ -44.0525573, -20.0455898 ], [ -44.0526123, -20.0456857 ], [ -44.0526581, -20.0457918 ], [ -44.0526849, -20.0458826 ], [ -44.0526948, -20.0459478 ], [ -44.0526879, -20.0459779 ], [ -44.052684, -20.0470698 ], [ -44.0526872, -20.0471797 ], [ -44.0526952, -20.0472479 ], [ -44.0527029, -20.0472789 ], [ -44.0527143, -20.0473066 ], [ -44.0527311, -20.0473298 ], [ -44.0527519, -20.047346 ], [ -44.052777, -20.0473585 ], [ -44.0528636, -20.0473891 ], [ -44.0528924, -20.0474058 ], [ -44.0529173, -20.0474285 ], [ -44.0529367, -20.0474581 ], [ -44.0529504, -20.0474921 ], [ -44.0529593, -20.0475278 ], [ -44.052967, -20.0475942 ], [ -44.0529657, -20.0476446 ], [ -44.0526879, -20.0476446 ], [ -44.0527016, -20.0479968 ], [ -44.0527028, -20.0481176 ], [ -44.0527002, -20.0482401 ], [ -44.0526924, -20.0483579 ], [ -44.0526776, -20.0484642 ], [ -44.0526541, -20.0485523 ], [ -44.0526201, -20.0486172 ], [ -44.0525724, -20.0486665 ], [ -44.0525112, -20.048699 ], [ -44.0524386, -20.0487193 ], [ -44.0523589, -20.0487299 ], [ -44.0522753, -20.0487326 ], [ -44.0521908, -20.0487284 ], [ -44.0521081, -20.0487175 ], [ -44.0520299, -20.0486996 ], [ -44.0519588, -20.0486741 ], [ -44.051894, -20.0486395 ], [ -44.0518332, -20.0486025 ], [ -44.0517699, -20.0485701 ], [ -44.0516971, -20.0485475 ], [ -44.0516187, -20.0485358 ], [ -44.0515386, -20.0485343 ], [ -44.0514603, -20.048543 ], [ -44.0513876, -20.0485629 ], [ -44.0513244, -20.0485929 ], [ -44.0511986, -20.0486619 ], [ -44.0511272, -20.0486884 ], [ -44.0510485, -20.0487094 ], [ -44.0507103, -20.0487783 ], [ -44.0506323, -20.0488015 ], [ -44.0505629, -20.0488321 ], [ -44.0505021, -20.0488735 ], [ -44.0503019, -20.0490582 ], [ -44.0502535, -20.0491145 ], [ -44.0502034, -20.0491928 ], [ -44.0500785, -20.0494452 ], [ -44.0500378, -20.0495122 ], [ -44.0499959, -20.0495606 ], [ -44.0499605, -20.0495849 ], [ -44.0499305, -20.0495943 ], [ -44.0499101, -20.049589 ], [ -44.0499134, -20.0496039 ], [ -44.0499086, -20.0496338 ], [ -44.0498949, -20.0496744 ], [ -44.0498705, -20.0497208 ], [ -44.04984, -20.0497616 ], [ -44.0497211, -20.049889 ], [ -44.049678, -20.0499439 ], [ -44.0496044, -20.0500495 ], [ -44.0495704, -20.0500915 ], [ -44.0494717, -20.0501854 ], [ -44.049443, -20.0502203 ], [ -44.0494166, -20.0502671 ], [ -44.0493961, -20.050319 ], [ -44.049345, -20.0504836 ], [ -44.0493237, -20.0505348 ], [ -44.0492961, -20.0505806 ], [ -44.0492593, -20.0506186 ], [ -44.049208, -20.0506478 ], [ -44.0491463, -20.0506681 ], [ -44.0490769, -20.0506819 ], [ -44.0489239, -20.0506973 ], [ -44.0486815, -20.0507092 ], [ -44.0485252, -20.0507218 ], [ -44.0484528, -20.050733 ], [ -44.0483866, -20.0507495 ], [ -44.048329, -20.0507734 ], [ -44.0482841, -20.0508044 ], [ -44.0481718, -20.0509165 ], [ -44.0480247, -20.0510285 ], [ -44.0479348, -20.0511132 ], [ -44.0478796, -20.0511565 ], [ -44.0478149, -20.0511936 ], [ -44.0477425, -20.0512205 ], [ -44.0476656, -20.0512389 ], [ -44.04759, -20.0512503 ], [ -44.0475213, -20.0512564 ], [ -44.0474649, -20.0512584 ], [ -44.0474101, -20.0512557 ], [ -44.04741, -20.0512689 ], [ -44.0474003, -20.0512985 ], [ -44.0473806, -20.0513411 ], [ -44.0472937, -20.0514962 ], [ -44.047248, -20.0516009 ], [ -44.0472073, -20.0517206 ], [ -44.0471073, -20.0520956 ], [ -44.0470756, -20.0521991 ], [ -44.0470389, -20.0522868 ], [ -44.0469467, -20.0524457 ], [ -44.0469095, -20.052525 ], [ -44.0468116, -20.0527745 ], [ -44.0467728, -20.0528523 ], [ -44.0466749, -20.0530064 ], [ -44.0466355, -20.0530837 ], [ -44.046529, -20.0533259 ], [ -44.0464856, -20.0533999 ], [ -44.0462833, -20.0536496 ], [ -44.0462372, -20.0537028 ], [ -44.046106, -20.0538282 ], [ -44.0460094, -20.0539308 ], [ -44.0459591, -20.0539803 ], [ -44.0458878, -20.0540381 ], [ -44.0456988, -20.0541804 ], [ -44.045635, -20.0542184 ], [ -44.0455402, -20.0542561 ], [ -44.0454329, -20.0542832 ], [ -44.0453166, -20.0543025 ], [ -44.0449056, -20.0543466 ], [ -44.0447487, -20.0543679 ], [ -44.0445958, -20.0543952 ], [ -44.0444555, -20.0544294 ], [ -44.0443356, -20.0544705 ], [ -44.0442593, -20.0545056 ], [ -44.0441454, -20.0545651 ], [ -44.0440975, -20.054585 ], [ -44.0440768, -20.054589 ], [ -44.0440889, -20.0554883 ], [ -44.0440881, -20.0556542 ], [ -44.0440806, -20.055759 ], [ -44.0440726, -20.0558077 ], [ -44.0440602, -20.0558526 ], [ -44.0440416, -20.0558922 ], [ -44.0440143, -20.0559244 ], [ -44.0439771, -20.0559475 ], [ -44.0439315, -20.0559633 ], [ -44.0438798, -20.0559739 ], [ -44.0438236, -20.0559807 ], [ -44.043703, -20.0559872 ], [ -44.0435118, -20.0559882 ], [ -44.0424101, -20.0559779 ], [ -44.0424143, -20.0560052 ], [ -44.0424076, -20.0560662 ], [ -44.0423887, -20.056153 ], [ -44.0423552, -20.0562569 ], [ -44.0421488, -20.0567216 ], [ -44.0420877, -20.0568524 ], [ -44.0420221, -20.0569709 ], [ -44.0419619, -20.0570574 ], [ -44.0419042, -20.0571316 ], [ -44.0416726, -20.0574488 ], [ -44.04162, -20.0575427 ], [ -44.0414856, -20.0578443 ], [ -44.041406, -20.0580139 ], [ -44.0413694, -20.0581308 ], [ -44.0413439, -20.0582571 ], [ -44.0413264, -20.0583903 ], [ -44.0413148, -20.0585285 ], [ -44.0413071, -20.0586701 ], [ -44.0412851, -20.0593919 ], [ -44.0412762, -20.0595325 ], [ -44.0412628, -20.0596692 ], [ -44.0412429, -20.0598002 ], [ -44.0412139, -20.0599236 ], [ -44.0411726, -20.0600364 ], [ -44.0411293, -20.0601182 ], [ -44.0408781, -20.0605377 ], [ -44.0408306, -20.0606513 ], [ -44.0407956, -20.0607756 ], [ -44.0407679, -20.060914 ], [ -44.0406822, -20.0614304 ], [ -44.0406466, -20.0616018 ], [ -44.0406054, -20.0617558 ], [ -44.0405589, -20.0618837 ], [ -44.0404922, -20.0620214 ], [ -44.040471, -20.0620699 ], [ -44.0404656, -20.062089 ], [ -44.0406247, -20.0620868 ], [ -44.0407272, -20.0620895 ], [ -44.0408416, -20.0620965 ], [ -44.04096, -20.0621095 ], [ -44.0410742, -20.0621301 ], [ -44.0411762, -20.0621603 ], [ -44.0412429, -20.0621908 ], [ -44.0412989, -20.0622244 ], [ -44.0413925, -20.0622868 ], [ -44.041452, -20.0623151 ], [ -44.041648, -20.0623851 ], [ -44.04171, -20.0624113 ], [ -44.0417658, -20.0624427 ], [ -44.0418081, -20.062476 ], [ -44.0419215, -20.0625872 ], [ -44.0420634, -20.0627036 ], [ -44.0422034, -20.0628615 ], [ -44.042346, -20.0629772 ], [ -44.0424606, -20.0630875 ], [ -44.0425033, -20.0631203 ], [ -44.0425595, -20.0631515 ], [ -44.0426217, -20.0631775 ], [ -44.0427524, -20.0632242 ], [ -44.0428153, -20.0632496 ], [ -44.0428726, -20.0632798 ], [ -44.0429163, -20.0633118 ], [ -44.0430327, -20.0634205 ], [ -44.0431311, -20.0634964 ], [ -44.0431832, -20.0635429 ], [ -44.0432271, -20.0635922 ], [ -44.0433553, -20.0637573 ], [ -44.043451, -20.0638687 ], [ -44.043487, -20.0639193 ], [ -44.043508, -20.0639604 ], [ -44.04352, -20.0639954 ], [ -44.0435242, -20.0640207 ], [ -44.0435212, -20.0640335 ], [ -44.0435448, -20.0640336 ], [ -44.0435883, -20.0640145 ], [ -44.0436313, -20.0639857 ], [ -44.0439094, -20.0637592 ], [ -44.0441125, -20.0635656 ], [ -44.0442777, -20.0634166 ], [ -44.0444258, -20.0632612 ], [ -44.0445614, -20.0631394 ], [ -44.0447122, -20.0629907 ], [ -44.0449656, -20.0627847 ], [ -44.0450238, -20.0627419 ], [ -44.0451058, -20.0626932 ], [ -44.0452782, -20.062603 ], [ -44.045358, -20.0625524 ], [ -44.0454135, -20.0625073 ], [ -44.0454648, -20.0624587 ], [ -44.0455788, -20.0623448 ], [ -44.0456382, -20.0622767 ], [ -44.0456849, -20.0622056 ], [ -44.0457252, -20.0621289 ], [ -44.0457995, -20.0619704 ], [ -44.0458401, -20.061894 ], [ -44.0459377, -20.0617398 ], [ -44.0459777, -20.0616629 ], [ -44.0460857, -20.061422 ], [ -44.0461281, -20.0613472 ], [ -44.0462376, -20.0612031 ], [ -44.0463623, -20.061031 ], [ -44.0464251, -20.0609506 ], [ -44.0464906, -20.0608588 ], [ -44.0465468, -20.0607615 ], [ -44.0466954, -20.0604554 ], [ -44.0467426, -20.0603676 ], [ -44.0468283, -20.0602248 ], [ -44.0468466, -20.0601852 ], [ -44.0468552, -20.0601574 ], [ -44.0468545, -20.0601446 ], [ -44.0468509, -20.0601181 ], [ -44.0468521, -20.0600533 ], [ -44.0468596, -20.0599579 ], [ -44.0468749, -20.0598398 ], [ -44.0469003, -20.059707 ], [ -44.0469377, -20.059568 ], [ -44.0470766, -20.0591905 ], [ -44.0471666, -20.0589288 ], [ -44.0472092, -20.0588215 ], [ -44.0472845, -20.0586482 ], [ -44.0473208, -20.0585249 ], [ -44.0473468, -20.0583928 ], [ -44.0473662, -20.0582551 ], [ -44.047417, -20.0578357 ], [ -44.0474415, -20.0577023 ], [ -44.0474754, -20.057577 ], [ -44.0475231, -20.0574635 ], [ -44.047571, -20.0573856 ], [ -44.0476887, -20.0572286 ], [ -44.0477586, -20.0571496 ], [ -44.0478261, -20.0570884 ], [ -44.0479827, -20.0569647 ], [ -44.0480748, -20.0569047 ], [ -44.0481827, -20.0568544 ], [ -44.0483008, -20.0568128 ], [ -44.0485485, -20.0567395 ], [ -44.0486691, -20.0567 ], [ -44.0488957, -20.0566163 ], [ -44.0490349, -20.0565816 ], [ -44.0491861, -20.0565571 ], [ -44.0493463, -20.0565403 ], [ -44.049513, -20.0565293 ], [ -44.0496847, -20.0565223 ], [ -44.0500386, -20.0565166 ], [ -44.0504681, -20.0565179 ], [ -44.0518546, -20.0565335 ], [ -44.0518739, -20.056531 ], [ -44.0519196, -20.0565315 ], [ -44.0519854, -20.056536 ], [ -44.0520646, -20.0565463 ], [ -44.0521503, -20.056564 ], [ -44.0522356, -20.056591 ], [ -44.0523051, -20.0566231 ], [ -44.0524906, -20.0567329 ], [ -44.0525578, -20.0567637 ], [ -44.0527575, -20.0568309 ], [ -44.0528204, -20.0568563 ], [ -44.0528764, -20.0568876 ], [ -44.0529181, -20.0569214 ], [ -44.0530297, -20.0570342 ], [ -44.0531761, -20.0571466 ], [ -44.0532888, -20.0572585 ], [ -44.0533312, -20.0572917 ], [ -44.0533878, -20.0573225 ], [ -44.0534511, -20.0573476 ], [ -44.0536495, -20.0574155 ], [ -44.0537087, -20.0574441 ], [ -44.0537545, -20.0574744 ], [ -44.05384, -20.05754 ], [ -44.0538869, -20.0575693 ], [ -44.0539489, -20.0575955 ], [ -44.0540185, -20.0576152 ], [ -44.0540934, -20.0576303 ], [ -44.0543301, -20.0576655 ], [ -44.0544066, -20.0576793 ], [ -44.0544784, -20.0576974 ], [ -44.05455, -20.0577245 ], [ -44.0546123, -20.0577569 ], [ -44.0547403, -20.0578302 ], [ -44.05481, -20.0578622 ], [ -44.0548948, -20.0578895 ], [ -44.0549797, -20.0579078 ], [ -44.055058, -20.0579189 ], [ -44.055123, -20.0579242 ], [ -44.0551683, -20.057925 ], [ -44.0551879, -20.0579223 ], [ -44.0554657, -20.0579223 ], [ -44.05566, -20.0579252 ], [ -44.0557048, -20.057919 ], [ -44.0557265, -20.0579078 ], [ -44.0557378, -20.0578882 ], [ -44.0557425, -20.057863 ], [ -44.055743, -20.0577319 ], [ -44.0557462, -20.0576908 ], [ -44.0557537, -20.0576679 ], [ -44.0557701, -20.0576525 ], [ -44.0557959, -20.0576449 ], [ -44.0558436, -20.0576411 ], [ -44.0560212, -20.0576446 ], [ -44.0585212, -20.0576446 ], [ -44.0585174, -20.057023 ], [ -44.0585197, -20.0569443 ], [ -44.058526, -20.056896 ], [ -44.0585409, -20.0568549 ], [ -44.0585538, -20.0568391 ], [ -44.0585715, -20.0568278 ], [ -44.0586172, -20.0568141 ], [ -44.0586958, -20.0568021 ], [ -44.0587438, -20.0567904 ], [ -44.058763, -20.0567804 ], [ -44.0587769, -20.056766 ], [ -44.0587871, -20.0567449 ], [ -44.0587985, -20.0566888 ], [ -44.0588017, -20.0566263 ], [ -44.058799, -20.0565335 ], [ -44.0587953, -20.0562711 ], [ -44.0587968, -20.0560663 ], [ -44.0588035, -20.0559581 ], [ -44.0588184, -20.0558652 ], [ -44.0588308, -20.055823 ], [ -44.0588479, -20.0557851 ], [ -44.0588712, -20.0557527 ], [ -44.0588985, -20.0557288 ], [ -44.0589897, -20.0556696 ], [ -44.0590136, -20.0556471 ], [ -44.0590294, -20.0556211 ], [ -44.0590384, -20.0555922 ], [ -44.059041, -20.0555619 ], [ -44.0590376, -20.0555316 ], [ -44.059028, -20.0555028 ], [ -44.0590116, -20.0554769 ], [ -44.0589873, -20.0554544 ], [ -44.0588961, -20.0553946 ], [ -44.0588692, -20.0553703 ], [ -44.0588461, -20.0553369 ], [ -44.0588294, -20.0552978 ], [ -44.0588174, -20.0552545 ], [ -44.0588032, -20.0551595 ], [ -44.0587954, -20.0550056 ], [ -44.058799, -20.0543112 ], [ -44.058799, -20.0537557 ], [ -44.058799, -20.0532001 ], [ -44.0588235, -20.0532039 ], [ -44.058877, -20.0532018 ], [ -44.0589519, -20.0531922 ], [ -44.0590396, -20.0531729 ], [ -44.0591313, -20.0531414 ], [ -44.0592169, -20.0530976 ], [ -44.0595085, -20.0529038 ], [ -44.0595633, -20.0528635 ], [ -44.059669, -20.0527685 ], [ -44.059727, -20.0527256 ], [ -44.0597959, -20.0526895 ], [ -44.0600253, -20.0526005 ], [ -44.060096, -20.0525659 ], [ -44.0602781, -20.052444 ], [ -44.0603495, -20.05241 ], [ -44.0605822, -20.0523239 ], [ -44.0606535, -20.0522898 ], [ -44.0608357, -20.0521679 ], [ -44.0609064, -20.0521333 ], [ -44.0611348, -20.0520435 ], [ -44.0612032, -20.052007 ], [ -44.0612609, -20.0519637 ], [ -44.0613665, -20.051869 ], [ -44.0615142, -20.0517576 ], [ -44.0616181, -20.0516614 ], [ -44.0616743, -20.0516166 ], [ -44.0617491, -20.0515749 ], [ -44.0620363, -20.0514517 ], [ -44.0621262, -20.0514054 ], [ -44.0622665, -20.0513139 ], [ -44.062323, -20.0512801 ], [ -44.0623641, -20.0512623 ], [ -44.0623945, -20.0512543 ], [ -44.0624101, -20.0512557 ], [ -44.0624082, -20.051038 ], [ -44.0624109, -20.0510094 ], [ -44.0624215, -20.0509877 ], [ -44.0624456, -20.0509786 ], [ -44.0624774, -20.050976 ], [ -44.0626879, -20.0509779 ], [ -44.0626913, -20.0508065 ], [ -44.0626879, -20.0506892 ], [ -44.0626751, -20.0505803 ], [ -44.0626634, -20.0505368 ], [ -44.0626474, -20.0505033 ], [ -44.0626255, -20.0504758 ], [ -44.0625961, -20.0504534 ], [ -44.062495, -20.0503972 ], [ -44.0624675, -20.0503732 ], [ -44.0624479, -20.0503437 ], [ -44.0624342, -20.0503091 ], [ -44.0624249, -20.0502708 ], [ -44.0624148, -20.0501869 ], [ -44.0624078, -20.0498687 ], [ -44.0624016, -20.0497815 ], [ -44.0623954, -20.0497405 ], [ -44.0623861, -20.0497022 ], [ -44.0623724, -20.0496676 ], [ -44.0623527, -20.0496381 ], [ -44.0623252, -20.0496141 ], [ -44.0622242, -20.0495579 ], [ -44.0621948, -20.0495356 ], [ -44.0621729, -20.049508 ], [ -44.0621568, -20.0494746 ], [ -44.0621452, -20.049431 ], [ -44.0621323, -20.0493221 ], [ -44.062129, -20.0492048 ], [ -44.0621323, -20.0490334 ], [ -44.0621323, -20.0479223 ], [ -44.0621282, -20.0477491 ], [ -44.062131, -20.0477051 ], [ -44.0621373, -20.0476797 ], [ -44.0621509, -20.0476604 ], [ -44.0621759, -20.0476501 ], [ -44.0622081, -20.047646 ], [ -44.0623511, -20.0476416 ], [ -44.0623803, -20.0476349 ], [ -44.0623916, -20.0476287 ], [ -44.0623996, -20.0476201 ], [ -44.062409, -20.0475973 ], [ -44.0624139, -20.0475552 ], [ -44.0624101, -20.0473668 ], [ -44.0624151, -20.0461556 ], [ -44.0624086, -20.0459887 ], [ -44.0623956, -20.0458849 ], [ -44.0623842, -20.0458373 ], [ -44.0623678, -20.0457938 ], [ -44.0623448, -20.0457561 ], [ -44.0623129, -20.0457239 ], [ -44.0622395, -20.0456678 ], [ -44.0622068, -20.0456363 ], [ -44.0621833, -20.0456009 ], [ -44.0621658, -20.0455603 ], [ -44.0621526, -20.0455161 ], [ -44.0621158, -20.0453254 ], [ -44.0621041, -20.0452798 ], [ -44.0620881, -20.0452371 ], [ -44.0620627, -20.045195 ], [ -44.0620246, -20.0451525 ], [ -44.0619374, -20.0450698 ], [ -44.0619012, -20.0450257 ], [ -44.0618771, -20.0449824 ], [ -44.0618618, -20.0449409 ], [ -44.0618536, -20.0449052 ], [ -44.0618515, -20.0448793 ], [ -44.0618546, -20.0448668 ], [ -44.0620012, -20.0448706 ], [ -44.0620608, -20.044869 ], [ -44.0620918, -20.0448638 ], [ -44.0621048, -20.044859 ] ] ] ] } },
{ "type": "Feature", "properties": { "Sub_bacia": "Palmares", "Area_Ha": 608.591, "Nome": "Palmares" }, "geometry": { "type": "MultiPolygon", "coordinates": [ [ [ [ -44.083853, -19.9934865 ], [ -44.0839938, -19.9934818 ], [ -44.0840611, -19.9934769 ], [ -44.0841252, -19.9934692 ], [ -44.0841849, -19.9934577 ], [ -44.0842387, -19.9934412 ], [ -44.0842846, -19.9934178 ], [ -44.0843174, -19.9933904 ], [ -44.0843451, -19.9933586 ], [ -44.0843962, -19.9932913 ], [ -44.0844247, -19.9932601 ], [ -44.0844601, -19.9932309 ], [ -44.0845365, -19.9931774 ], [ -44.0845713, -19.9931477 ], [ -44.0845986, -19.9931156 ], [ -44.0846692, -19.9930094 ], [ -44.0846965, -19.9929772 ], [ -44.0847312, -19.9929474 ], [ -44.0848079, -19.9928941 ], [ -44.0848435, -19.9928651 ], [ -44.084872, -19.992834 ], [ -44.0849494, -19.9927336 ], [ -44.0849813, -19.9927054 ], [ -44.0850237, -19.9926823 ], [ -44.0850772, -19.9926653 ], [ -44.0851463, -19.9926534 ], [ -44.0852265, -19.9926455 ], [ -44.0854029, -19.9926391 ], [ -44.0857435, -19.9926445 ], [ -44.085954, -19.9926463 ], [ -44.0859857, -19.9926438 ], [ -44.0860098, -19.9926347 ], [ -44.0860204, -19.9926129 ], [ -44.0860232, -19.9925844 ], [ -44.0860213, -19.9923667 ], [ -44.086299, -19.9923667 ], [ -44.0870456, -19.9923619 ], [ -44.0871803, -19.9923657 ], [ -44.0872628, -19.9923746 ], [ -44.0872999, -19.9923826 ], [ -44.0873327, -19.9923943 ], [ -44.0873598, -19.992411 ], [ -44.0873777, -19.9924305 ], [ -44.0874025, -19.9924792 ], [ -44.0874329, -19.9925584 ], [ -44.0874465, -19.9925819 ], [ -44.0874642, -19.9926019 ], [ -44.0874909, -19.9926191 ], [ -44.0875235, -19.9926312 ], [ -44.0875603, -19.9926396 ], [ -44.0876002, -19.9926452 ], [ -44.087685, -19.9926501 ], [ -44.0877715, -19.9926482 ], [ -44.0878133, -19.9926444 ], [ -44.0878538, -19.9926353 ], [ -44.0878913, -19.9926174 ], [ -44.0879221, -19.9925902 ], [ -44.0879416, -19.992559 ], [ -44.0879547, -19.9925234 ], [ -44.0879628, -19.992486 ], [ -44.0879682, -19.9924168 ], [ -44.0879657, -19.9923667 ], [ -44.0880005, -19.9923649 ], [ -44.0880736, -19.9923742 ], [ -44.0881146, -19.9923859 ], [ -44.0881527, -19.9924041 ], [ -44.0881844, -19.9924296 ], [ -44.0882094, -19.9924605 ], [ -44.0882285, -19.9924936 ], [ -44.0882557, -19.9925546 ], [ -44.0882719, -19.9925804 ], [ -44.0882938, -19.9926013 ], [ -44.0883227, -19.9926163 ], [ -44.0883572, -19.9926264 ], [ -44.0883956, -19.9926332 ], [ -44.0886465, -19.9926561 ], [ -44.0886837, -19.9926639 ], [ -44.0887168, -19.9926752 ], [ -44.0887443, -19.9926913 ], [ -44.0887651, -19.9927132 ], [ -44.0887807, -19.9927395 ], [ -44.0888175, -19.992827 ], [ -44.0888328, -19.9928536 ], [ -44.088853, -19.992876 ], [ -44.0888799, -19.9928926 ], [ -44.0889125, -19.9929044 ], [ -44.088989, -19.9929182 ], [ -44.0892014, -19.9929347 ], [ -44.0892421, -19.9929442 ], [ -44.0892797, -19.9929615 ], [ -44.0893104, -19.9929873 ], [ -44.0893322, -19.9930214 ], [ -44.089346, -19.9930605 ], [ -44.0893536, -19.9931008 ], [ -44.0893567, -19.9931385 ], [ -44.0893546, -19.9932 ], [ -44.0896324, -19.9932 ], [ -44.0896283, -19.9930267 ], [ -44.089631, -19.9929828 ], [ -44.0896373, -19.9929573 ], [ -44.0896509, -19.9929381 ], [ -44.0896759, -19.9929278 ], [ -44.0897081, -19.9929236 ], [ -44.0898511, -19.9929193 ], [ -44.0898803, -19.9929126 ], [ -44.0898916, -19.9929063 ], [ -44.0898996, -19.9928978 ], [ -44.089909, -19.9928749 ], [ -44.0899139, -19.9928328 ], [ -44.0899102, -19.9926445 ], [ -44.0903078, -19.992648 ], [ -44.090374, -19.9926452 ], [ -44.0904128, -19.9926388 ], [ -44.0904291, -19.992633 ], [ -44.0904424, -19.9926245 ], [ -44.0904574, -19.9926003 ], [ -44.0904658, -19.9925519 ], [ -44.0904721, -19.9924277 ], [ -44.0904811, -19.9923984 ], [ -44.0904894, -19.9923869 ], [ -44.0905019, -19.9923779 ], [ -44.0905177, -19.9923716 ], [ -44.0905636, -19.9923648 ], [ -44.0906229, -19.9923633 ], [ -44.0907435, -19.9923667 ], [ -44.0908443, -19.9923695 ], [ -44.0909113, -19.9923659 ], [ -44.0909425, -19.992361 ], [ -44.0909695, -19.9923533 ], [ -44.0909902, -19.9923421 ], [ -44.0910036, -19.9923263 ], [ -44.0910158, -19.9922862 ], [ -44.0910204, -19.9922397 ], [ -44.0910197, -19.9919613 ], [ -44.0910232, -19.9919138 ], [ -44.0910327, -19.9918714 ], [ -44.0910411, -19.9918534 ], [ -44.0910534, -19.9918386 ], [ -44.0910691, -19.9918283 ], [ -44.0911097, -19.9918155 ], [ -44.0912269, -19.9917969 ], [ -44.0912472, -19.9917905 ], [ -44.0912644, -19.9917814 ], [ -44.0912781, -19.9917676 ], [ -44.0912881, -19.9917473 ], [ -44.0912991, -19.9916915 ], [ -44.091302, -19.9916283 ], [ -44.091299, -19.9915333 ], [ -44.0913535, -19.991535 ], [ -44.0914257, -19.9915313 ], [ -44.0914637, -19.9915256 ], [ -44.0914988, -19.9915162 ], [ -44.0915278, -19.9915019 ], [ -44.0915471, -19.9914839 ], [ -44.091559, -19.9914627 ], [ -44.0915851, -19.991346 ], [ -44.0916031, -19.9913058 ], [ -44.0916172, -19.9912902 ], [ -44.0916374, -19.9912777 ], [ -44.0916615, -19.9912686 ], [ -44.0917692, -19.9912419 ], [ -44.0917928, -19.9912323 ], [ -44.0918123, -19.9912193 ], [ -44.0918259, -19.9912032 ], [ -44.0918429, -19.9911622 ], [ -44.0918696, -19.9910462 ], [ -44.091879, -19.9910264 ], [ -44.091892, -19.9910099 ], [ -44.0919114, -19.9909967 ], [ -44.0919353, -19.9909874 ], [ -44.0919626, -19.990981 ], [ -44.0920571, -19.9909727 ], [ -44.0921846, -19.9909728 ], [ -44.0924102, -19.9909778 ], [ -44.0924245, -19.9909745 ], [ -44.0924503, -19.990978 ], [ -44.0924844, -19.9909887 ], [ -44.092523, -19.9910076 ], [ -44.0925695, -19.9910409 ], [ -44.0927164, -19.9911798 ], [ -44.0928958, -19.9913155 ], [ -44.0930044, -19.9914308 ], [ -44.0930468, -19.9914639 ], [ -44.0930965, -19.9914893 ], [ -44.0931523, -19.9915095 ], [ -44.0933308, -19.9915605 ], [ -44.0933865, -19.9915808 ], [ -44.0934365, -19.991606 ], [ -44.0934802, -19.991638 ], [ -44.0935593, -19.9917091 ], [ -44.0936032, -19.9917409 ], [ -44.0936534, -19.991766 ], [ -44.0937092, -19.9917861 ], [ -44.0938876, -19.9918372 ], [ -44.0939435, -19.9918573 ], [ -44.0939937, -19.9918823 ], [ -44.0940375, -19.9919142 ], [ -44.0941161, -19.9919858 ], [ -44.0941594, -19.9920182 ], [ -44.094209, -19.9920437 ], [ -44.0942644, -19.9920642 ], [ -44.0944434, -19.9921148 ], [ -44.0944999, -19.9921344 ], [ -44.0945505, -19.992159 ], [ -44.0947109, -19.9922716 ], [ -44.0947782, -19.9923065 ], [ -44.0948525, -19.992332 ], [ -44.0949307, -19.9923495 ], [ -44.0950072, -19.9923607 ], [ -44.0950765, -19.9923667 ], [ -44.0951331, -19.992369 ], [ -44.0951879, -19.9923667 ], [ -44.0952227, -19.9923684 ], [ -44.0952569, -19.9923661 ], [ -44.0952969, -19.99236 ], [ -44.0953385, -19.9923489 ], [ -44.0953774, -19.9923314 ], [ -44.0954097, -19.9923064 ], [ -44.0954351, -19.9922759 ], [ -44.0954545, -19.9922429 ], [ -44.095481, -19.9921813 ], [ -44.0954961, -19.9921546 ], [ -44.095516, -19.9921319 ], [ -44.0955418, -19.9921144 ], [ -44.0956639, -19.9920604 ], [ -44.0956887, -19.992042 ], [ -44.0957077, -19.9920185 ], [ -44.0957222, -19.9919913 ], [ -44.0957589, -19.9919037 ], [ -44.0957748, -19.9918776 ], [ -44.0957958, -19.991856 ], [ -44.0958236, -19.9918401 ], [ -44.095857, -19.991829 ], [ -44.0958944, -19.9918214 ], [ -44.0961464, -19.9917993 ], [ -44.0961849, -19.9917926 ], [ -44.0962194, -19.9917826 ], [ -44.0962484, -19.9917677 ], [ -44.0962703, -19.9917468 ], [ -44.0962866, -19.9917211 ], [ -44.0963139, -19.9916602 ], [ -44.096333, -19.9916271 ], [ -44.096358, -19.9915962 ], [ -44.0963898, -19.9915707 ], [ -44.0964279, -19.9915525 ], [ -44.0964689, -19.9915409 ], [ -44.096542, -19.9915316 ], [ -44.0965768, -19.9915333 ], [ -44.0965806, -19.9905706 ], [ -44.0965771, -19.9904288 ], [ -44.0965692, -19.9903388 ], [ -44.0965514, -19.9902571 ], [ -44.0965363, -19.9902215 ], [ -44.096515, -19.9901913 ], [ -44.0964866, -19.9901675 ], [ -44.0963861, -19.9901119 ], [ -44.0963584, -19.9900902 ], [ -44.0963393, -19.9900642 ], [ -44.0963275, -19.9900344 ], [ -44.0963223, -19.9900026 ], [ -44.0963235, -19.9899706 ], [ -44.0963315, -19.9899401 ], [ -44.0963474, -19.9899132 ], [ -44.0963732, -19.9898907 ], [ -44.0964479, -19.9898421 ], [ -44.0964874, -19.989812 ], [ -44.0965214, -19.9897763 ], [ -44.0965461, -19.9897366 ], [ -44.0965631, -19.9896951 ], [ -44.0965736, -19.9896559 ], [ -44.0965789, -19.9896226 ], [ -44.0965798, -19.9895992 ], [ -44.0965768, -19.9895889 ], [ -44.0966434, -19.9895908 ], [ -44.0967112, -19.9895865 ], [ -44.0967926, -19.9895766 ], [ -44.0968803, -19.9895593 ], [ -44.096967, -19.9895325 ], [ -44.0970369, -19.9895004 ], [ -44.0972197, -19.9893916 ], [ -44.0972848, -19.9893624 ], [ -44.0974879, -19.9892984 ], [ -44.0975519, -19.9892739 ], [ -44.0976084, -19.9892429 ], [ -44.0976499, -19.9892091 ], [ -44.0977575, -19.9890929 ], [ -44.0978473, -19.9890112 ], [ -44.0978873, -19.9889662 ], [ -44.0979184, -19.9889134 ], [ -44.0979424, -19.9888546 ], [ -44.098, -19.9886659 ], [ -44.0980228, -19.988606 ], [ -44.0980517, -19.9885515 ], [ -44.0981649, -19.9884104 ], [ -44.0981943, -19.9883562 ], [ -44.0982174, -19.9882967 ], [ -44.0982739, -19.988107 ], [ -44.0982964, -19.9880469 ], [ -44.0983253, -19.9879923 ], [ -44.0983622, -19.9879446 ], [ -44.098441, -19.9878523 ], [ -44.0984766, -19.9877916 ], [ -44.0990232, -19.9873757 ], [ -44.0989616, -19.9872937 ], [ -44.0985282, -19.9867175 ], [ -44.0985257, -19.9862079 ], [ -44.0985211, -19.9860656 ], [ -44.0985158, -19.9859971 ], [ -44.0985073, -19.9859313 ], [ -44.0984944, -19.9858692 ], [ -44.0984754, -19.9858124 ], [ -44.0984481, -19.9857627 ], [ -44.0984186, -19.9857284 ], [ -44.0983168, -19.9856372 ], [ -44.0982824, -19.9855972 ], [ -44.0982191, -19.9855126 ], [ -44.0981836, -19.9854735 ], [ -44.0981485, -19.9854441 ], [ -44.0980728, -19.98539 ], [ -44.0980373, -19.9853609 ], [ -44.0980014, -19.9853222 ], [ -44.0979372, -19.9852383 ], [ -44.097902, -19.985199 ], [ -44.0978656, -19.9851683 ], [ -44.097725, -19.9850659 ], [ -44.0975745, -19.9849287 ], [ -44.0975263, -19.9848959 ], [ -44.0974861, -19.9848775 ], [ -44.0974508, -19.9848672 ], [ -44.0974243, -19.9848638 ], [ -44.0974102, -19.9848667 ], [ -44.0974123, -19.984835 ], [ -44.0974001, -19.9847675 ], [ -44.0973858, -19.9847281 ], [ -44.0973643, -19.9846895 ], [ -44.0973337, -19.9846535 ], [ -44.097297, -19.9846215 ], [ -44.0972209, -19.9845659 ], [ -44.0971897, -19.9845399 ], [ -44.0971668, -19.9845131 ], [ -44.0970933, -19.9843909 ], [ -44.09707, -19.9843646 ], [ -44.0970409, -19.9843419 ], [ -44.0969451, -19.9842812 ], [ -44.0969188, -19.9842561 ], [ -44.0968982, -19.9842233 ], [ -44.0968836, -19.9841853 ], [ -44.0968733, -19.9841436 ], [ -44.0968391, -19.9839203 ], [ -44.0968272, -19.98388 ], [ -44.0968102, -19.9838441 ], [ -44.0967859, -19.9838144 ], [ -44.0967547, -19.9837936 ], [ -44.0967168, -19.9837784 ], [ -44.0966742, -19.9837673 ], [ -44.0964861, -19.9837381 ], [ -44.0964415, -19.9837287 ], [ -44.0964011, -19.9837157 ], [ -44.096367, -19.9836973 ], [ -44.0963397, -19.9836696 ], [ -44.09632, -19.9836287 ], [ -44.0963066, -19.9835765 ], [ -44.0962984, -19.9835168 ], [ -44.096293, -19.98339 ], [ -44.096299, -19.9832 ], [ -44.0960363, -19.9831954 ], [ -44.0958731, -19.9831876 ], [ -44.0956942, -19.9831744 ], [ -44.0955135, -19.9831542 ], [ -44.09522, -19.9831107 ], [ -44.0951025, -19.983101 ], [ -44.0949937, -19.9831001 ], [ -44.0947872, -19.9831157 ], [ -44.0946787, -19.9831124 ], [ -44.0945685, -19.9830923 ], [ -44.0944646, -19.9830534 ], [ -44.094383, -19.9830033 ], [ -44.0942402, -19.9828889 ], [ -44.0941775, -19.9828292 ], [ -44.0941113, -19.9827512 ], [ -44.0939865, -19.982584 ], [ -44.0939181, -19.982504 ], [ -44.0938297, -19.9824208 ], [ -44.0937375, -19.9823405 ], [ -44.093651, -19.9822552 ], [ -44.0935857, -19.9821719 ], [ -44.0934154, -19.9819032 ], [ -44.0933136, -19.9817584 ], [ -44.0932604, -19.9816713 ], [ -44.0931715, -19.9815092 ], [ -44.0931375, -19.9814332 ], [ -44.0931109, -19.9813387 ], [ -44.093098, -19.9812398 ], [ -44.0930973, -19.9811398 ], [ -44.0931077, -19.9810418 ], [ -44.0931406, -19.9808797 ], [ -44.0931538, -19.9807607 ], [ -44.0931518, -19.980639 ], [ -44.0931322, -19.9805203 ], [ -44.0930911, -19.980411 ], [ -44.0930226, -19.9803185 ], [ -44.0929197, -19.9802472 ], [ -44.0927905, -19.9801949 ], [ -44.0926435, -19.9801552 ], [ -44.0921634, -19.9800603 ], [ -44.0920109, -19.9800207 ], [ -44.09178, -19.9799395 ], [ -44.0913514, -19.9798032 ], [ -44.0911977, -19.9797451 ], [ -44.0910531, -19.979678 ], [ -44.0909265, -19.9796053 ], [ -44.0907225, -19.9794743 ], [ -44.0905152, -19.9793296 ], [ -44.0904819, -19.9793128 ], [ -44.0904657, -19.9793111 ], [ -44.0901121, -19.979308 ], [ -44.0899374, -19.9793154 ], [ -44.0898614, -19.9793234 ], [ -44.0897996, -19.9793354 ], [ -44.0897497, -19.9793521 ], [ -44.0897075, -19.9793755 ], [ -44.089676, -19.979404 ], [ -44.0895954, -19.9795016 ], [ -44.0895618, -19.9795284 ], [ -44.0895169, -19.9795495 ], [ -44.0894644, -19.9795639 ], [ -44.0894062, -19.9795736 ], [ -44.0892792, -19.9795838 ], [ -44.0889402, -19.9795908 ], [ -44.0888085, -19.979597 ], [ -44.0887463, -19.9796032 ], [ -44.0886881, -19.9796128 ], [ -44.0886354, -19.9796272 ], [ -44.0885905, -19.9796482 ], [ -44.0885568, -19.9796749 ], [ -44.0884757, -19.9797721 ], [ -44.0884442, -19.9798007 ], [ -44.0884024, -19.9798243 ], [ -44.0883535, -19.979842 ], [ -44.0882383, -19.9798714 ], [ -44.0881738, -19.9798912 ], [ -44.0881113, -19.9799165 ], [ -44.0880563, -19.979948 ], [ -44.0880133, -19.9799864 ], [ -44.0879864, -19.9800272 ], [ -44.0879705, -19.9800683 ], [ -44.0879632, -19.9801047 ], [ -44.0879621, -19.9801315 ], [ -44.0879657, -19.9801444 ], [ -44.0879041, -19.9801453 ], [ -44.0878273, -19.9801358 ], [ -44.0877888, -19.980125 ], [ -44.0877553, -19.9801085 ], [ -44.0877318, -19.980088 ], [ -44.0877152, -19.9800638 ], [ -44.0877046, -19.9800379 ], [ -44.0876855, -19.9799613 ], [ -44.0876648, -19.9799173 ], [ -44.0876486, -19.9799003 ], [ -44.0876248, -19.9798868 ], [ -44.0875958, -19.9798776 ], [ -44.0875632, -19.9798715 ], [ -44.0874912, -19.9798652 ], [ -44.0873748, -19.9798629 ], [ -44.086299, -19.9798667 ], [ -44.086301, -19.9797861 ], [ -44.0862952, -19.9797146 ], [ -44.0862878, -19.9796799 ], [ -44.0862761, -19.9796495 ], [ -44.0862592, -19.9796259 ], [ -44.0862377, -19.9796117 ], [ -44.086213, -19.9796031 ], [ -44.086105, -19.9795766 ], [ -44.0860818, -19.9795667 ], [ -44.0860627, -19.9795534 ], [ -44.0860482, -19.9795349 ], [ -44.0860379, -19.9795129 ], [ -44.0860124, -19.9794112 ], [ -44.0859938, -19.9793655 ], [ -44.0859788, -19.9793475 ], [ -44.0859592, -19.9793345 ], [ -44.0859099, -19.9793173 ], [ -44.0858291, -19.9792973 ], [ -44.0858052, -19.979288 ], [ -44.085785, -19.9792755 ], [ -44.0857695, -19.979258 ], [ -44.0857583, -19.9792367 ], [ -44.0857502, -19.9792128 ], [ -44.0857264, -19.9791093 ], [ -44.0857132, -19.9790855 ], [ -44.0856913, -19.9790653 ], [ -44.0856621, -19.979051 ], [ -44.0856272, -19.9790414 ], [ -44.0855898, -19.9790356 ], [ -44.085519, -19.9790317 ], [ -44.0854657, -19.9790333 ], [ -44.0854657, -19.9770889 ], [ -44.0848679, -19.9771004 ], [ -44.0847499, -19.9771009 ], [ -44.0846366, -19.9770978 ], [ -44.0845321, -19.9770871 ], [ -44.0844855, -19.9770769 ], [ -44.0844447, -19.9770618 ], [ -44.0844116, -19.97704 ], [ -44.0843878, -19.9770099 ], [ -44.0843716, -19.9769733 ], [ -44.084361, -19.9769318 ], [ -44.0843544, -19.9768871 ], [ -44.0843477, -19.9767412 ], [ -44.0843528, -19.9762823 ], [ -44.0843479, -19.9761855 ], [ -44.0843334, -19.9760969 ], [ -44.0843198, -19.9760581 ], [ -44.0842995, -19.9760249 ], [ -44.0842712, -19.9759976 ], [ -44.084159, -19.9759106 ], [ -44.0841273, -19.9758754 ], [ -44.0841044, -19.9758375 ], [ -44.0840888, -19.9757988 ], [ -44.0840747, -19.9757321 ], [ -44.084074, -19.9757103 ], [ -44.0840768, -19.9757 ], [ -44.083799, -19.9757 ], [ -44.0838005, -19.9756213 ], [ -44.0837939, -19.9755513 ], [ -44.083786, -19.9755171 ], [ -44.0837739, -19.9754868 ], [ -44.0837566, -19.9754629 ], [ -44.0837348, -19.9754478 ], [ -44.0837099, -19.9754391 ], [ -44.0836278, -19.9754201 ], [ -44.083579, -19.9754025 ], [ -44.08356, -19.975389 ], [ -44.0835458, -19.9753703 ], [ -44.0835361, -19.9753478 ], [ -44.0835297, -19.9753224 ], [ -44.0835231, -19.9752663 ], [ -44.0835207, -19.9750523 ], [ -44.0835169, -19.9749938 ], [ -44.0835064, -19.9749411 ], [ -44.0834967, -19.9749186 ], [ -44.0834825, -19.9748999 ], [ -44.0834635, -19.9748864 ], [ -44.0834147, -19.9748687 ], [ -44.0833326, -19.9748498 ], [ -44.0833077, -19.9748411 ], [ -44.0832859, -19.974826 ], [ -44.0832686, -19.9748021 ], [ -44.0832565, -19.9747717 ], [ -44.0832486, -19.9747375 ], [ -44.083242, -19.9746675 ], [ -44.0832435, -19.9745889 ], [ -44.0832435, -19.9726444 ], [ -44.083799, -19.9726444 ], [ -44.0838035, -19.9718704 ], [ -44.0838015, -19.9717584 ], [ -44.0837958, -19.9716876 ], [ -44.0837817, -19.9716239 ], [ -44.0837694, -19.9715965 ], [ -44.0837518, -19.9715738 ], [ -44.0837304, -19.9715581 ], [ -44.083705, -19.9715459 ], [ -44.0836202, -19.9715165 ], [ -44.083594, -19.9715049 ], [ -44.0835716, -19.9714901 ], [ -44.0835531, -19.971469 ], [ -44.0835398, -19.9714434 ], [ -44.083524, -19.9713828 ], [ -44.0835172, -19.9713093 ], [ -44.0835165, -19.9711655 ], [ -44.0835212, -19.9709778 ], [ -44.0835212, -19.9707 ], [ -44.0835236, -19.9702504 ], [ -44.0835194, -19.9701923 ], [ -44.0835113, -19.9701684 ], [ -44.0835041, -19.9701591 ], [ -44.0834937, -19.9701522 ], [ -44.0834807, -19.9701474 ], [ -44.0834497, -19.9701422 ], [ -44.0833902, -19.9701406 ], [ -44.0832435, -19.9701444 ], [ -44.0832435, -19.9698666 ], [ -44.0832439, -19.969852 ], [ -44.0832336, -19.9698203 ], [ -44.0832122, -19.9697755 ], [ -44.0831178, -19.9696156 ], [ -44.0830755, -19.9695225 ], [ -44.0830386, -19.9694176 ], [ -44.0830069, -19.9693061 ], [ -44.0829323, -19.9689926 ], [ -44.0829077, -19.9689094 ], [ -44.0828764, -19.968832 ], [ -44.0827883, -19.9686696 ], [ -44.0827579, -19.9685914 ], [ -44.082734, -19.9685077 ], [ -44.082676, -19.9682449 ], [ -44.0826534, -19.9681601 ], [ -44.0826252, -19.9680801 ], [ -44.0825885, -19.9680074 ], [ -44.0825536, -19.9679579 ], [ -44.0824762, -19.9678656 ], [ -44.0823893, -19.9677549 ], [ -44.0823431, -19.9677018 ], [ -44.0822102, -19.9675777 ], [ -44.0820669, -19.9674227 ], [ -44.0819308, -19.9673013 ], [ -44.0817867, -19.967147 ], [ -44.0816507, -19.9670255 ], [ -44.0815072, -19.9668707 ], [ -44.0813648, -19.9667437 ], [ -44.0812394, -19.9666178 ], [ -44.0811709, -19.9665534 ], [ -44.0811086, -19.9665016 ], [ -44.0808699, -19.9663098 ], [ -44.0808212, -19.9662772 ], [ -44.0807854, -19.9662603 ], [ -44.0807585, -19.9662532 ], [ -44.0807435, -19.9662555 ], [ -44.0807312, -19.9662533 ], [ -44.0807053, -19.9662543 ], [ -44.0806696, -19.9662595 ], [ -44.0806285, -19.9662703 ], [ -44.0805865, -19.9662882 ], [ -44.0805485, -19.9663134 ], [ -44.0805143, -19.9663448 ], [ -44.0804271, -19.9664489 ], [ -44.0803998, -19.9664767 ], [ -44.0803699, -19.9664988 ], [ -44.0802724, -19.9665581 ], [ -44.0802461, -19.9665832 ], [ -44.0802252, -19.9666174 ], [ -44.080211, -19.9666573 ], [ -44.0802016, -19.9667013 ], [ -44.080192, -19.9667972 ], [ -44.0801853, -19.9670519 ], [ -44.0801786, -19.9671503 ], [ -44.0801619, -19.9672402 ], [ -44.080147, -19.9672795 ], [ -44.0801255, -19.9673132 ], [ -44.0800991, -19.9673381 ], [ -44.080004, -19.9673995 ], [ -44.0799764, -19.9674234 ], [ -44.0799539, -19.9674547 ], [ -44.0799375, -19.9674911 ], [ -44.0799257, -19.9675315 ], [ -44.079904, -19.9676664 ], [ -44.0798931, -19.9677168 ], [ -44.0798765, -19.9677675 ], [ -44.0798536, -19.967815 ], [ -44.0798239, -19.967856 ], [ -44.0797871, -19.9678877 ], [ -44.0797475, -19.9679076 ], [ -44.0797073, -19.9679192 ], [ -44.0796717, -19.9679244 ], [ -44.0796453, -19.967925 ], [ -44.0796323, -19.9679222 ], [ -44.0779657, -19.9679222 ], [ -44.077713, -19.9679272 ], [ -44.0776012, -19.9679265 ], [ -44.0775132, -19.9679179 ], [ -44.0774879, -19.9679116 ], [ -44.0774658, -19.9679025 ], [ -44.0774479, -19.9678899 ], [ -44.0774351, -19.967873 ], [ -44.0774262, -19.9678528 ], [ -44.0774026, -19.9677342 ], [ -44.0773865, -19.9676924 ], [ -44.0773731, -19.9676761 ], [ -44.0773542, -19.9676637 ], [ -44.077331, -19.9676551 ], [ -44.0773046, -19.9676492 ], [ -44.0772455, -19.9676427 ], [ -44.0771486, -19.96764 ], [ -44.0765768, -19.9676444 ], [ -44.0765802, -19.9676599 ], [ -44.0765754, -19.9676911 ], [ -44.0765612, -19.967733 ], [ -44.0765357, -19.9677804 ], [ -44.0765038, -19.9678215 ], [ -44.0763804, -19.9679475 ], [ -44.0763369, -19.968001 ], [ -44.0762652, -19.9681015 ], [ -44.0762311, -19.9681418 ], [ -44.0761291, -19.9682329 ], [ -44.0760996, -19.9682671 ], [ -44.076073, -19.9683138 ], [ -44.076053, -19.9683661 ], [ -44.075992, -19.9685916 ], [ -44.0759711, -19.9686431 ], [ -44.0759435, -19.9686889 ], [ -44.0759132, -19.9687225 ], [ -44.0758109, -19.9688133 ], [ -44.0757769, -19.9688536 ], [ -44.0757146, -19.9689391 ], [ -44.0756796, -19.9689786 ], [ -44.0756448, -19.9690083 ], [ -44.0755697, -19.9690629 ], [ -44.0755346, -19.9690924 ], [ -44.0754991, -19.9691314 ], [ -44.0754356, -19.9692159 ], [ -44.0754006, -19.9692553 ], [ -44.0753657, -19.9692849 ], [ -44.0752903, -19.9693394 ], [ -44.075255, -19.9693686 ], [ -44.0752195, -19.9694077 ], [ -44.0751468, -19.9695072 ], [ -44.0751034, -19.9695609 ], [ -44.0749814, -19.969688 ], [ -44.0749501, -19.9697297 ], [ -44.0749252, -19.9697776 ], [ -44.0749115, -19.96982 ], [ -44.0749069, -19.9698513 ], [ -44.0749101, -19.9698666 ], [ -44.0748938, -19.9698717 ], [ -44.0748679, -19.9698683 ], [ -44.0748355, -19.9698561 ], [ -44.0748007, -19.9698337 ], [ -44.0747622, -19.9697934 ], [ -44.0747277, -19.9697396 ], [ -44.0746973, -19.969676 ], [ -44.0746201, -19.9694696 ], [ -44.0745946, -19.9694113 ], [ -44.074566, -19.9693647 ], [ -44.0745353, -19.9693311 ], [ -44.0744304, -19.9692408 ], [ -44.0743207, -19.969124 ], [ -44.0742763, -19.9690918 ], [ -44.0742191, -19.9690668 ], [ -44.074153, -19.9690494 ], [ -44.0740807, -19.9690378 ], [ -44.0739247, -19.9690261 ], [ -44.0738438, -19.9690244 ], [ -44.0736816, -19.9690278 ], [ -44.073526, -19.9690416 ], [ -44.0734538, -19.969054 ], [ -44.0733875, -19.9690716 ], [ -44.0733293, -19.9690963 ], [ -44.073283, -19.9691273 ], [ -44.0732007, -19.9691979 ], [ -44.0731556, -19.9692297 ], [ -44.0731009, -19.9692551 ], [ -44.0730388, -19.9692741 ], [ -44.0729714, -19.9692884 ], [ -44.0726807, -19.9693276 ], [ -44.0726042, -19.9693436 ], [ -44.0725274, -19.9693677 ], [ -44.072456, -19.9694009 ], [ -44.0723951, -19.9694413 ], [ -44.072291, -19.9695249 ], [ -44.0722433, -19.9695573 ], [ -44.0722048, -19.9695764 ], [ -44.0721713, -19.9695877 ], [ -44.0721463, -19.9695918 ], [ -44.0721323, -19.9695889 ], [ -44.0721362, -19.9696899 ], [ -44.0721356, -19.969767 ], [ -44.0721301, -19.9698052 ], [ -44.0721175, -19.9698341 ], [ -44.0721068, -19.9698448 ], [ -44.0720753, -19.9698575 ], [ -44.0719297, -19.9698715 ], [ -44.0718946, -19.9698811 ], [ -44.0718812, -19.9698894 ], [ -44.0718714, -19.9699009 ], [ -44.0718601, -19.9699309 ], [ -44.0718481, -19.9700794 ], [ -44.0718386, -19.9701109 ], [ -44.0718299, -19.9701233 ], [ -44.0718174, -19.9701324 ], [ -44.0718014, -19.9701389 ], [ -44.0717539, -19.970146 ], [ -44.0716946, -19.9701477 ], [ -44.0715768, -19.9701444 ], [ -44.071579, -19.9701758 ], [ -44.0715666, -19.9702422 ], [ -44.0715522, -19.970281 ], [ -44.0715306, -19.9703193 ], [ -44.0715, -19.9703551 ], [ -44.0714634, -19.970387 ], [ -44.0713551, -19.9704698 ], [ -44.0713317, -19.9704965 ], [ -44.071256, -19.9706168 ], [ -44.0712321, -19.9706427 ], [ -44.0712027, -19.970665 ], [ -44.0711058, -19.9707248 ], [ -44.0710792, -19.9707496 ], [ -44.0710577, -19.9707827 ], [ -44.0710428, -19.9708213 ], [ -44.0710325, -19.9708639 ], [ -44.0710256, -19.9709095 ], [ -44.0710185, -19.9710063 ], [ -44.0710162, -19.9711586 ], [ -44.0710209, -19.9717285 ], [ -44.0710171, -19.9718305 ], [ -44.0710079, -19.9718839 ], [ -44.0709919, -19.9719364 ], [ -44.0709686, -19.9719848 ], [ -44.0709377, -19.972026 ], [ -44.0708995, -19.9720572 ], [ -44.0708591, -19.972076 ], [ -44.0708184, -19.9720867 ], [ -44.0707824, -19.9720912 ], [ -44.0707559, -19.9720914 ], [ -44.0707434, -19.9720889 ], [ -44.0707434, -19.9723667 ], [ -44.0706625, -19.9723644 ], [ -44.0704713, -19.9723755 ], [ -44.0703528, -19.9723892 ], [ -44.0702291, -19.9724102 ], [ -44.0701079, -19.9724403 ], [ -44.0700054, -19.9724757 ], [ -44.0698162, -19.9725498 ], [ -44.0697125, -19.9725801 ], [ -44.0696121, -19.9726006 ], [ -44.0695068, -19.9726162 ], [ -44.0691829, -19.972656 ], [ -44.0690798, -19.9726735 ], [ -44.068983, -19.9726963 ], [ -44.0688953, -19.9727269 ], [ -44.0688271, -19.9727611 ], [ -44.0686976, -19.9728354 ], [ -44.0686253, -19.9728686 ], [ -44.0684732, -19.9729286 ], [ -44.0683996, -19.9729608 ], [ -44.0683321, -19.9729981 ], [ -44.0682741, -19.9730411 ], [ -44.0681678, -19.9731352 ], [ -44.068073, -19.9732126 ], [ -44.0680279, -19.9732533 ], [ -44.0679806, -19.9733054 ], [ -44.0678926, -19.9734152 ], [ -44.0678144, -19.9735069 ], [ -44.0677794, -19.9735561 ], [ -44.0677427, -19.9736289 ], [ -44.0677149, -19.9737092 ], [ -44.067693, -19.9737947 ], [ -44.0676381, -19.9740602 ], [ -44.0676152, -19.9741447 ], [ -44.0675849, -19.9742254 ], [ -44.0675217, -19.9743603 ], [ -44.0674908, -19.9744367 ], [ -44.0674588, -19.9745477 ], [ -44.0674362, -19.9746657 ], [ -44.0674215, -19.9747839 ], [ -44.0674088, -19.974994 ], [ -44.0674101, -19.9751444 ], [ -44.067412, -19.9753621 ], [ -44.0674093, -19.9753907 ], [ -44.0673987, -19.9754124 ], [ -44.0673746, -19.9754215 ], [ -44.0673428, -19.9754241 ], [ -44.0671323, -19.9754222 ], [ -44.0671327, -19.9755381 ], [ -44.0671213, -19.9756091 ], [ -44.0671097, -19.9756396 ], [ -44.0670928, -19.9756632 ], [ -44.0670715, -19.9756776 ], [ -44.0670468, -19.9756862 ], [ -44.0669393, -19.9757131 ], [ -44.0669163, -19.9757232 ], [ -44.0668974, -19.9757367 ], [ -44.0668831, -19.9757553 ], [ -44.0668731, -19.9757776 ], [ -44.066841, -19.9759044 ], [ -44.0668303, -19.9759261 ], [ -44.0668151, -19.9759439 ], [ -44.066795, -19.9759565 ], [ -44.0667704, -19.9759652 ], [ -44.0667426, -19.9759711 ], [ -44.0666805, -19.9759774 ], [ -44.0664767, -19.9759813 ], [ -44.0664124, -19.9759857 ], [ -44.0663568, -19.9759976 ], [ -44.0663347, -19.9760113 ], [ -44.0663177, -19.9760347 ], [ -44.0663064, -19.9760655 ], [ -44.0662996, -19.9761007 ], [ -44.0662955, -19.9761737 ], [ -44.066299, -19.9762555 ], [ -44.0662916, -19.9766914 ], [ -44.066292, -19.9768719 ], [ -44.0662983, -19.97702 ], [ -44.0663142, -19.9771453 ], [ -44.0663278, -19.9772031 ], [ -44.0663467, -19.9772563 ], [ -44.0663727, -19.9773035 ], [ -44.0664013, -19.9773385 ], [ -44.0664647, -19.9774032 ], [ -44.0664932, -19.9774382 ], [ -44.0665196, -19.9774851 ], [ -44.0665399, -19.9775371 ], [ -44.0666035, -19.9777604 ], [ -44.0666248, -19.9778116 ], [ -44.0666526, -19.9778572 ], [ -44.0666829, -19.9778908 ], [ -44.0667854, -19.9779815 ], [ -44.0668196, -19.9780216 ], [ -44.0668823, -19.9781068 ], [ -44.0669174, -19.9781462 ], [ -44.0669522, -19.9781759 ], [ -44.0670274, -19.9782304 ], [ -44.0670626, -19.9782597 ], [ -44.0670983, -19.9782986 ], [ -44.067162, -19.9783829 ], [ -44.067197, -19.9784224 ], [ -44.0672333, -19.9784532 ], [ -44.0673735, -19.9785559 ], [ -44.0675237, -19.9786934 ], [ -44.0675718, -19.9787263 ], [ -44.0676119, -19.9787447 ], [ -44.0676473, -19.9787551 ], [ -44.0676737, -19.9787585 ], [ -44.0676879, -19.9787556 ], [ -44.0676879, -19.9795889 ], [ -44.0676716, -19.9795865 ], [ -44.0676424, -19.9795944 ], [ -44.067604, -19.9796129 ], [ -44.0675524, -19.9796485 ], [ -44.0674293, -19.9797502 ], [ -44.0672339, -19.9798944 ], [ -44.0670946, -19.9800095 ], [ -44.0670296, -19.9800562 ], [ -44.0669605, -19.9800924 ], [ -44.0667358, -19.9801854 ], [ -44.0666685, -19.980223 ], [ -44.0666116, -19.9802669 ], [ -44.0665071, -19.9803626 ], [ -44.0664118, -19.9804395 ], [ -44.0663663, -19.9804799 ], [ -44.0663189, -19.9805319 ], [ -44.0662298, -19.9806407 ], [ -44.0661475, -19.9807289 ], [ -44.0661096, -19.9807757 ], [ -44.0660728, -19.9808368 ], [ -44.0659556, -19.9811067 ], [ -44.0659191, -19.981168 ], [ -44.0658815, -19.9812152 ], [ -44.0658007, -19.9813046 ], [ -44.0656735, -19.9814734 ], [ -44.0655944, -19.9815643 ], [ -44.0655586, -19.981613 ], [ -44.0655237, -19.9816823 ], [ -44.0654985, -19.9817599 ], [ -44.0654807, -19.9818439 ], [ -44.0654686, -19.9819354 ], [ -44.0654608, -19.9820446 ], [ -44.0654565, -19.9821673 ], [ -44.0654556, -19.9824293 ], [ -44.0654657, -19.9829222 ], [ -44.0654653, -19.9829804 ], [ -44.0654791, -19.9830538 ], [ -44.0654934, -19.9830918 ], [ -44.0655144, -19.9831263 ], [ -44.0655426, -19.9831547 ], [ -44.0655756, -19.983177 ], [ -44.0656696, -19.9832236 ], [ -44.0656929, -19.9832433 ], [ -44.0657098, -19.9832685 ], [ -44.0657213, -19.9832983 ], [ -44.0657342, -19.9833666 ], [ -44.0657509, -19.9835905 ], [ -44.0657656, -19.9836572 ], [ -44.0657782, -19.9836861 ], [ -44.065796, -19.9837106 ], [ -44.0658199, -19.9837297 ], [ -44.0659394, -19.983786 ], [ -44.0659649, -19.9838038 ], [ -44.065985, -19.9838263 ], [ -44.0660007, -19.9838525 ], [ -44.0660387, -19.983939 ], [ -44.0660536, -19.9839659 ], [ -44.0660727, -19.9839893 ], [ -44.0660974, -19.9840077 ], [ -44.0661926, -19.9840533 ], [ -44.0662253, -19.9840759 ], [ -44.066253, -19.9841047 ], [ -44.0662734, -19.9841397 ], [ -44.0662871, -19.9841782 ], [ -44.0662997, -19.9842527 ], [ -44.066299, -19.9843111 ], [ -44.0662944, -19.984892 ], [ -44.066298, -19.984985 ], [ -44.0663063, -19.985042 ], [ -44.0663139, -19.9850676 ], [ -44.0663249, -19.9850902 ], [ -44.0663406, -19.9851089 ], [ -44.0663602, -19.9851218 ], [ -44.0663836, -19.9851315 ], [ -44.0664899, -19.9851593 ], [ -44.0665138, -19.9851686 ], [ -44.066534, -19.9851811 ], [ -44.0665498, -19.9851984 ], [ -44.0665612, -19.9852195 ], [ -44.0665747, -19.9852697 ], [ -44.066582, -19.985356 ], [ -44.0665768, -19.9857 ], [ -44.0667544, -19.9856966 ], [ -44.0668021, -19.9857003 ], [ -44.0668279, -19.9857079 ], [ -44.0668443, -19.9857234 ], [ -44.0668518, -19.9857462 ], [ -44.066855, -19.9857873 ], [ -44.0668555, -19.9859185 ], [ -44.0668603, -19.9859437 ], [ -44.0668715, -19.9859633 ], [ -44.0668932, -19.9859744 ], [ -44.0669381, -19.9859806 ], [ -44.0671323, -19.9859778 ], [ -44.0671912, -19.9859799 ], [ -44.0673258, -19.9859714 ], [ -44.0674061, -19.9859599 ], [ -44.0674866, -19.9859415 ], [ -44.0675607, -19.9859147 ], [ -44.0676127, -19.9858859 ], [ -44.0676572, -19.9858535 ], [ -44.0677295, -19.9857912 ], [ -44.0677656, -19.9857666 ], [ -44.0678162, -19.9857451 ], [ -44.0678742, -19.9857298 ], [ -44.0680033, -19.9857106 ], [ -44.0682065, -19.98569 ], [ -44.0682716, -19.9856808 ], [ -44.0683331, -19.9856686 ], [ -44.0683894, -19.985652 ], [ -44.0684387, -19.9856293 ], [ -44.0684742, -19.9856042 ], [ -44.0685677, -19.9855176 ], [ -44.0686035, -19.9854927 ], [ -44.0686529, -19.9854702 ], [ -44.0687095, -19.9854537 ], [ -44.0687711, -19.9854416 ], [ -44.0688362, -19.9854325 ], [ -44.0691043, -19.9854026 ], [ -44.0691667, -19.9853911 ], [ -44.0692241, -19.9853754 ], [ -44.0692743, -19.9853534 ], [ -44.0693102, -19.9853287 ], [ -44.0694017, -19.9852404 ], [ -44.0694358, -19.9852141 ], [ -44.069486, -19.9851898 ], [ -44.0695539, -19.9851716 ], [ -44.0696355, -19.9851586 ], [ -44.0697259, -19.9851499 ], [ -44.0699128, -19.9851422 ], [ -44.0701879, -19.9851444 ], [ -44.0702092, -19.9851399 ], [ -44.0702429, -19.9851493 ], [ -44.0702831, -19.9851741 ], [ -44.0703234, -19.9852158 ], [ -44.0703615, -19.9852726 ], [ -44.0703974, -19.9853405 ], [ -44.0704671, -19.9854906 ], [ -44.0705038, -19.9855624 ], [ -44.0705441, -19.9856251 ], [ -44.0705878, -19.9856746 ], [ -44.0706753, -19.9857584 ], [ -44.0707746, -19.9858816 ], [ -44.0708103, -19.9859205 ], [ -44.0709501, -19.9860387 ], [ -44.071089, -19.9861975 ], [ -44.0712289, -19.9863156 ], [ -44.0713677, -19.9864745 ], [ -44.0715073, -19.9865928 ], [ -44.0716457, -19.9867521 ], [ -44.0717854, -19.9868703 ], [ -44.0719235, -19.9870299 ], [ -44.0720669, -19.9871527 ], [ -44.0721093, -19.987201 ], [ -44.0722374, -19.9873652 ], [ -44.0723366, -19.9874765 ], [ -44.0723743, -19.9875275 ], [ -44.0723964, -19.9875693 ], [ -44.072409, -19.987605 ], [ -44.0724134, -19.9876311 ], [ -44.0724101, -19.9876445 ], [ -44.0725307, -19.9876411 ], [ -44.0725901, -19.9876426 ], [ -44.0726359, -19.9876494 ], [ -44.0726517, -19.9876556 ], [ -44.0726642, -19.9876647 ], [ -44.0726725, -19.9876762 ], [ -44.0726815, -19.9877055 ], [ -44.0726879, -19.9878297 ], [ -44.0726962, -19.9878781 ], [ -44.0727112, -19.9879022 ], [ -44.0727245, -19.9879107 ], [ -44.0727408, -19.9879166 ], [ -44.0727796, -19.987923 ], [ -44.0728458, -19.9879257 ], [ -44.0732435, -19.9879222 ], [ -44.0729657, -19.9907 ], [ -44.0729696, -19.9920281 ], [ -44.072966, -19.9921533 ], [ -44.0729572, -19.9922312 ], [ -44.0729488, -19.9922668 ], [ -44.0729363, -19.9922988 ], [ -44.072918, -19.9923258 ], [ -44.0728945, -19.9923454 ], [ -44.0727997, -19.992395 ], [ -44.0727667, -19.9924181 ], [ -44.0727384, -19.9924467 ], [ -44.0727172, -19.9924806 ], [ -44.0727024, -19.9925175 ], [ -44.072693, -19.9925544 ], [ -44.0726857, -19.9926163 ], [ -44.0726879, -19.9926445 ], [ -44.0726879, -19.9940334 ], [ -44.0726846, -19.9942115 ], [ -44.0726901, -19.9942497 ], [ -44.0727028, -19.9942785 ], [ -44.0727134, -19.9942893 ], [ -44.0727449, -19.9943019 ], [ -44.0728906, -19.994316 ], [ -44.0729256, -19.9943256 ], [ -44.0729391, -19.9943339 ], [ -44.0729489, -19.9943454 ], [ -44.0729602, -19.9943754 ], [ -44.0729721, -19.9945239 ], [ -44.0729816, -19.9945554 ], [ -44.0729904, -19.9945678 ], [ -44.0730028, -19.9945769 ], [ -44.0730188, -19.9945834 ], [ -44.0730664, -19.9945904 ], [ -44.0731257, -19.9945921 ], [ -44.0732435, -19.9945889 ], [ -44.0732562, -19.9945913 ], [ -44.0732828, -19.9945902 ], [ -44.0733191, -19.9945847 ], [ -44.0733606, -19.9945732 ], [ -44.0734025, -19.9945544 ], [ -44.0734398, -19.9945279 ], [ -44.0734728, -19.9944951 ], [ -44.0735545, -19.9943886 ], [ -44.0735798, -19.9943613 ], [ -44.0736098, -19.9943394 ], [ -44.0737111, -19.9942834 ], [ -44.0737401, -19.9942606 ], [ -44.0737628, -19.9942338 ], [ -44.0738349, -19.9941104 ], [ -44.0738581, -19.9940839 ], [ -44.0738874, -19.9940615 ], [ -44.0739878, -19.9940047 ], [ -44.074017, -19.9939821 ], [ -44.07404, -19.9939556 ], [ -44.0741121, -19.9938321 ], [ -44.0741348, -19.9938053 ], [ -44.0741638, -19.9937825 ], [ -44.074264, -19.9937256 ], [ -44.0742936, -19.9937033 ], [ -44.0743169, -19.993677 ], [ -44.0743904, -19.9935548 ], [ -44.0744167, -19.9935292 ], [ -44.0744584, -19.9935087 ], [ -44.0745124, -19.993494 ], [ -44.0745747, -19.9934842 ], [ -44.074708, -19.9934754 ], [ -44.0749101, -19.9934778 ], [ -44.0752666, -19.9934735 ], [ -44.0755368, -19.9934739 ], [ -44.0756767, -19.9934796 ], [ -44.0758012, -19.9934935 ], [ -44.0758576, -19.9935055 ], [ -44.0759084, -19.9935225 ], [ -44.0759516, -19.9935459 ], [ -44.0759839, -19.9935746 ], [ -44.076065, -19.9936732 ], [ -44.0760977, -19.9937004 ], [ -44.0761408, -19.9937215 ], [ -44.0761906, -19.9937352 ], [ -44.0762446, -19.993743 ], [ -44.0763006, -19.9937457 ], [ -44.0763567, -19.9937434 ], [ -44.0764108, -19.993736 ], [ -44.0764607, -19.9937227 ], [ -44.076504, -19.993702 ], [ -44.0765369, -19.9936752 ], [ -44.0766186, -19.9935776 ], [ -44.0766509, -19.993549 ], [ -44.0766936, -19.9935253 ], [ -44.0767432, -19.9935074 ], [ -44.0767973, -19.9934935 ], [ -44.0769664, -19.9934579 ], [ -44.0770182, -19.9934416 ], [ -44.0770683, -19.993416 ], [ -44.0771113, -19.9933824 ], [ -44.0772308, -19.9932652 ], [ -44.0772729, -19.9932351 ], [ -44.0773192, -19.9932132 ], [ -44.0773615, -19.9932011 ], [ -44.0773935, -19.993197 ], [ -44.0774101, -19.9932 ], [ -44.0784859, -19.9931963 ], [ -44.0786023, -19.9931985 ], [ -44.0786743, -19.9932049 ], [ -44.0787069, -19.9932109 ], [ -44.0787359, -19.9932201 ], [ -44.0787597, -19.9932337 ], [ -44.0787759, -19.9932507 ], [ -44.0787966, -19.9932947 ], [ -44.0788157, -19.9933712 ], [ -44.0788263, -19.9933971 ], [ -44.0788429, -19.9934214 ], [ -44.0788664, -19.9934418 ], [ -44.0788999, -19.9934583 ], [ -44.0789384, -19.9934692 ], [ -44.0790152, -19.9934787 ], [ -44.0790768, -19.9934778 ], [ -44.0790749, -19.9932601 ], [ -44.0790776, -19.9932316 ], [ -44.0790882, -19.9932098 ], [ -44.0791123, -19.9932007 ], [ -44.0791441, -19.9931982 ], [ -44.0793546, -19.9932 ], [ -44.080221, -19.9931943 ], [ -44.0804119, -19.9932007 ], [ -44.0805293, -19.9932135 ], [ -44.0805826, -19.9932245 ], [ -44.0806306, -19.99324 ], [ -44.0806716, -19.9932616 ], [ -44.0807038, -19.9932896 ], [ -44.080784, -19.9933875 ], [ -44.0808167, -19.9934151 ], [ -44.0808577, -19.9934359 ], [ -44.0809057, -19.9934508 ], [ -44.0809589, -19.9934612 ], [ -44.0810759, -19.9934729 ], [ -44.0812011, -19.9934777 ], [ -44.0814584, -19.9934812 ], [ -44.0815831, -19.9934864 ], [ -44.0816422, -19.9934918 ], [ -44.0816976, -19.9935003 ], [ -44.081748, -19.9935135 ], [ -44.0817955, -19.993536 ], [ -44.0818382, -19.9935689 ], [ -44.0819546, -19.9936877 ], [ -44.0819958, -19.9937188 ], [ -44.0820323, -19.9937378 ], [ -44.0820673, -19.9937503 ], [ -44.0820975, -19.9937571 ], [ -44.0821199, -19.9937588 ], [ -44.0821324, -19.9937556 ], [ -44.0828294, -19.9937578 ], [ -44.0828941, -19.9937537 ], [ -44.0829303, -19.9937451 ], [ -44.0829443, -19.9937373 ], [ -44.0829539, -19.993727 ], [ -44.0829607, -19.9937143 ], [ -44.0829684, -19.9936838 ], [ -44.0829711, -19.9936211 ], [ -44.0829657, -19.9934778 ], [ -44.0836238, -19.9934865 ], [ -44.083853, -19.9934865 ] ] ] ] } },
{ "type": "Feature", "properties": { "Sub_bacia": "Pelado", "Area_Ha": 679.686, "Nome": "Pelado" }, "geometry": { "type": "MultiPolygon", "coordinates": [ [ [ [ -44.0724496, -20.0145894 ], [ -44.0724836, -20.0145998 ], [ -44.0725224, -20.0146182 ], [ -44.0725692, -20.0146507 ], [ -44.0727185, -20.0147867 ], [ -44.0729024, -20.0149208 ], [ -44.0730137, -20.015034 ], [ -44.0730566, -20.0150666 ], [ -44.0731063, -20.015092 ], [ -44.0733328, -20.0151699 ], [ -44.0733829, -20.015195 ], [ -44.0734247, -20.0152271 ], [ -44.0734589, -20.0152737 ], [ -44.0734824, -20.0153293 ], [ -44.0734984, -20.0153913 ], [ -44.0735095, -20.0154576 ], [ -44.0735402, -20.0157343 ], [ -44.0735528, -20.0157993 ], [ -44.0735711, -20.0158594 ], [ -44.0735977, -20.0159124 ], [ -44.0736257, -20.0159478 ], [ -44.0737252, -20.016041 ], [ -44.0738302, -20.0161595 ], [ -44.0738722, -20.0161929 ], [ -44.0739267, -20.0162195 ], [ -44.0739902, -20.0162383 ], [ -44.0740619, -20.0162511 ], [ -44.0741504, -20.0162595 ], [ -44.074253, -20.0162641 ], [ -44.0744776, -20.0162655 ], [ -44.0749101, -20.0162556 ], [ -44.0750568, -20.0162594 ], [ -44.0751164, -20.0162578 ], [ -44.0751474, -20.0162526 ], [ -44.0751603, -20.0162479 ], [ -44.0751708, -20.0162409 ], [ -44.075178, -20.0162317 ], [ -44.075186, -20.0162077 ], [ -44.0751903, -20.0161496 ], [ -44.0751879, -20.0157001 ], [ -44.0758194, -20.0156945 ], [ -44.0759147, -20.0157021 ], [ -44.0759425, -20.015708 ], [ -44.075967, -20.0157168 ], [ -44.075987, -20.0157294 ], [ -44.0760019, -20.0157474 ], [ -44.0760121, -20.0157696 ], [ -44.0760188, -20.0157947 ], [ -44.076027, -20.0158803 ], [ -44.0760212, -20.0165334 ], [ -44.0760439, -20.0165316 ], [ -44.0760909, -20.0165123 ], [ -44.0762657, -20.0164088 ], [ -44.0763701, -20.0163562 ], [ -44.0766102, -20.0162505 ], [ -44.0767274, -20.0161942 ], [ -44.0769531, -20.0160622 ], [ -44.077043, -20.0160203 ], [ -44.0772318, -20.0159441 ], [ -44.0773209, -20.0159014 ], [ -44.0775097, -20.0157853 ], [ -44.0775976, -20.0157417 ], [ -44.0777796, -20.0156596 ], [ -44.0778632, -20.0156123 ], [ -44.0779213, -20.0155694 ], [ -44.0781708, -20.0153601 ], [ -44.0783178, -20.0152081 ], [ -44.0784515, -20.0150848 ], [ -44.0785948, -20.0149297 ], [ -44.0787285, -20.0148063 ], [ -44.0788749, -20.0146539 ], [ -44.0790156, -20.0145365 ], [ -44.0791223, -20.0144427 ], [ -44.0791794, -20.014399 ], [ -44.0792616, -20.0143505 ], [ -44.0794462, -20.0142606 ], [ -44.0795472, -20.014202 ], [ -44.0796238, -20.0141476 ], [ -44.0797744, -20.0140306 ], [ -44.0799605, -20.0138947 ], [ -44.0800729, -20.0138068 ], [ -44.080118, -20.0137766 ], [ -44.0801637, -20.0137561 ], [ -44.0801879, -20.0137556 ], [ -44.0801844, -20.0136541 ], [ -44.0801896, -20.0135871 ], [ -44.0801964, -20.013556 ], [ -44.0802072, -20.0135294 ], [ -44.0802226, -20.0135093 ], [ -44.0802446, -20.0134966 ], [ -44.0802709, -20.0134894 ], [ -44.080332, -20.0134823 ], [ -44.0805361, -20.0134787 ], [ -44.0806014, -20.0134751 ], [ -44.0806596, -20.0134655 ], [ -44.0806842, -20.0134568 ], [ -44.0807042, -20.0134442 ], [ -44.080718, -20.0134282 ], [ -44.0807277, -20.0134088 ], [ -44.0807401, -20.0133638 ], [ -44.0807537, -20.0132922 ], [ -44.0807694, -20.01325 ], [ -44.0807822, -20.0132332 ], [ -44.0808014, -20.0132199 ], [ -44.0808251, -20.0132105 ], [ -44.0808819, -20.0131997 ], [ -44.0809464, -20.0131954 ], [ -44.0810737, -20.0131953 ], [ -44.081299, -20.0132 ], [ -44.0813579, -20.0131977 ], [ -44.0814919, -20.013208 ], [ -44.0815718, -20.0132207 ], [ -44.0816518, -20.0132405 ], [ -44.0817256, -20.0132688 ], [ -44.0817773, -20.0132988 ], [ -44.0818215, -20.0133325 ], [ -44.0818938, -20.0133968 ], [ -44.0819301, -20.0134222 ], [ -44.0819838, -20.0134454 ], [ -44.0820457, -20.0134614 ], [ -44.0821136, -20.0134722 ], [ -44.0821854, -20.0134793 ], [ -44.0823359, -20.0134859 ], [ -44.0824888, -20.0134852 ], [ -44.0826377, -20.0134769 ], [ -44.0827082, -20.0134688 ], [ -44.0827745, -20.0134569 ], [ -44.0828348, -20.0134399 ], [ -44.0828871, -20.0134159 ], [ -44.0829228, -20.0133904 ], [ -44.0830147, -20.0133008 ], [ -44.0830489, -20.0132742 ], [ -44.0830984, -20.0132481 ], [ -44.0831544, -20.0132277 ], [ -44.0833357, -20.0131782 ], [ -44.0833923, -20.0131585 ], [ -44.0834423, -20.0131333 ], [ -44.0834768, -20.0131071 ], [ -44.0835662, -20.0130167 ], [ -44.0836002, -20.0129902 ], [ -44.0836503, -20.0129658 ], [ -44.0837183, -20.0129477 ], [ -44.0838002, -20.0129348 ], [ -44.083891, -20.0129264 ], [ -44.0840786, -20.0129193 ], [ -44.0843247, -20.0128458 ], [ -44.0843546, -20.0128224 ], [ -44.0844512, -20.0127469 ], [ -44.0843546, -20.0126057 ], [ -44.0840691, -20.0121886 ], [ -44.0839393, -20.0120895 ], [ -44.0838788, -20.0120398 ], [ -44.0838341, -20.011995 ], [ -44.0837634, -20.0119111 ], [ -44.0837271, -20.0118728 ], [ -44.0835864, -20.0117554 ], [ -44.0834463, -20.0115976 ], [ -44.0833067, -20.0114792 ], [ -44.0832713, -20.0114401 ], [ -44.0831729, -20.0113161 ], [ -44.0830891, -20.0112292 ], [ -44.0830518, -20.0111819 ], [ -44.0830216, -20.0111244 ], [ -44.0829994, -20.01106 ], [ -44.0829828, -20.0109909 ], [ -44.0829698, -20.0109187 ], [ -44.0829359, -20.0106978 ], [ -44.0829209, -20.0106273 ], [ -44.0829011, -20.0105609 ], [ -44.0828743, -20.0105006 ], [ -44.0827708, -20.0103513 ], [ -44.0827422, -20.0102903 ], [ -44.0827212, -20.0102228 ], [ -44.0827061, -20.0101484 ], [ -44.0826954, -20.0100584 ], [ -44.0826846, -20.0098461 ], [ -44.082683, -20.0096257 ], [ -44.0826879, -20.0093112 ], [ -44.0827401, -20.0093127 ], [ -44.0828096, -20.0093086 ], [ -44.0828465, -20.0093028 ], [ -44.0828812, -20.0092932 ], [ -44.0829107, -20.009279 ], [ -44.0829334, -20.0092589 ], [ -44.0829479, -20.0092351 ], [ -44.0829739, -20.009133 ], [ -44.0829825, -20.0091095 ], [ -44.0829941, -20.0090886 ], [ -44.08301, -20.0090713 ], [ -44.0830303, -20.0090589 ], [ -44.0830543, -20.0090498 ], [ -44.0831351, -20.0090298 ], [ -44.0831845, -20.0090126 ], [ -44.0832041, -20.0089996 ], [ -44.0832191, -20.0089816 ], [ -44.0832296, -20.0089597 ], [ -44.0832416, -20.0089083 ], [ -44.0832477, -20.0088209 ], [ -44.0832435, -20.0082 ], [ -44.0832239, -20.0082054 ], [ -44.0831953, -20.0081972 ], [ -44.0831619, -20.0081747 ], [ -44.083118, -20.0081217 ], [ -44.0830773, -20.0080448 ], [ -44.0830404, -20.0079495 ], [ -44.0829427, -20.0076234 ], [ -44.0829093, -20.007526 ], [ -44.0828728, -20.0074463 ], [ -44.0827721, -20.0072946 ], [ -44.0827396, -20.0072299 ], [ -44.0826342, -20.0069498 ], [ -44.082602, -20.0068847 ], [ -44.0825366, -20.0067822 ], [ -44.0825063, -20.0067288 ], [ -44.0824765, -20.0066533 ], [ -44.0824552, -20.0065706 ], [ -44.0824398, -20.0064827 ], [ -44.0824012, -20.0061118 ], [ -44.082389, -20.0060211 ], [ -44.0823724, -20.0059344 ], [ -44.082349, -20.0058534 ], [ -44.0823159, -20.0057808 ], [ -44.0822818, -20.0057307 ], [ -44.082204, -20.0056387 ], [ -44.0821171, -20.0055279 ], [ -44.0820701, -20.0054756 ], [ -44.0820249, -20.005435 ], [ -44.0819295, -20.0053581 ], [ -44.0818252, -20.0052623 ], [ -44.0817684, -20.0052178 ], [ -44.0815328, -20.0050705 ], [ -44.081456, -20.0050095 ], [ -44.0813927, -20.0049397 ], [ -44.0813481, -20.004864 ], [ -44.0813188, -20.0047864 ], [ -44.0813017, -20.0047136 ], [ -44.0812942, -20.0046524 ], [ -44.0812938, -20.0046089 ], [ -44.081299, -20.0045889 ], [ -44.0812949, -20.0044156 ], [ -44.0812977, -20.0043717 ], [ -44.081304, -20.0043463 ], [ -44.0813176, -20.004327 ], [ -44.0813426, -20.0043167 ], [ -44.0813748, -20.0043126 ], [ -44.0815178, -20.0043082 ], [ -44.081547, -20.0043015 ], [ -44.0815582, -20.0042952 ], [ -44.0815663, -20.0042867 ], [ -44.0815756, -20.0042639 ], [ -44.0815805, -20.0042217 ], [ -44.0815768, -20.0040334 ], [ -44.0815819, -20.0036851 ], [ -44.0815789, -20.0036083 ], [ -44.0815717, -20.0035615 ], [ -44.0815556, -20.0035224 ], [ -44.0815421, -20.0035075 ], [ -44.0815238, -20.0034968 ], [ -44.0815017, -20.0034893 ], [ -44.0813987, -20.0034717 ], [ -44.0813521, -20.0034588 ], [ -44.0813337, -20.0034481 ], [ -44.0813202, -20.0034332 ], [ -44.0813107, -20.0034149 ], [ -44.0812997, -20.0033714 ], [ -44.0812943, -20.0032967 ], [ -44.081299, -20.0029223 ], [ -44.0808453, -20.0029243 ], [ -44.0807971, -20.002921 ], [ -44.0807703, -20.0029142 ], [ -44.08076, -20.0029081 ], [ -44.0807474, -20.0028896 ], [ -44.0807404, -20.0028518 ], [ -44.0807435, -20.0026445 ], [ -44.0806229, -20.0026411 ], [ -44.0805635, -20.0026426 ], [ -44.0805177, -20.0026494 ], [ -44.0805019, -20.0026557 ], [ -44.0804893, -20.0026647 ], [ -44.0804811, -20.0026762 ], [ -44.0804721, -20.0027055 ], [ -44.0804657, -20.0028297 ], [ -44.0804574, -20.0028781 ], [ -44.0804423, -20.0029023 ], [ -44.0804291, -20.0029108 ], [ -44.0804128, -20.0029166 ], [ -44.080374, -20.002923 ], [ -44.0803078, -20.0029258 ], [ -44.0799101, -20.0029223 ], [ -44.0797159, -20.0029251 ], [ -44.079671, -20.0029189 ], [ -44.0796493, -20.0029077 ], [ -44.0796381, -20.0028881 ], [ -44.0796333, -20.0028629 ], [ -44.0796328, -20.0027318 ], [ -44.0796296, -20.0026907 ], [ -44.0796221, -20.0026678 ], [ -44.0796057, -20.0026524 ], [ -44.0795799, -20.0026448 ], [ -44.0795322, -20.002641 ], [ -44.0793546, -20.0026445 ], [ -44.0793587, -20.0024712 ], [ -44.0793559, -20.0024273 ], [ -44.0793496, -20.0024018 ], [ -44.079336, -20.0023826 ], [ -44.079311, -20.0023723 ], [ -44.0792789, -20.0023681 ], [ -44.0791358, -20.0023637 ], [ -44.0791066, -20.002357 ], [ -44.0790954, -20.0023508 ], [ -44.0790874, -20.0023422 ], [ -44.079078, -20.0023194 ], [ -44.0790731, -20.0022773 ], [ -44.0790768, -20.0020889 ], [ -44.0790779, -20.0018164 ], [ -44.0790676, -20.0016296 ], [ -44.0790569, -20.0015382 ], [ -44.0790412, -20.0014545 ], [ -44.0790198, -20.0013833 ], [ -44.0789916, -20.0013285 ], [ -44.0789147, -20.0012358 ], [ -44.0788792, -20.0011869 ], [ -44.078853, -20.00113 ], [ -44.0788348, -20.0010662 ], [ -44.0788224, -20.0009974 ], [ -44.0788141, -20.0009252 ], [ -44.078787, -20.0004722 ], [ -44.078778, -20.0004006 ], [ -44.0787647, -20.0003326 ], [ -44.0787457, -20.0002695 ], [ -44.0787187, -20.0002133 ], [ -44.0786827, -20.0001648 ], [ -44.0786055, -20.0000723 ], [ -44.0785757, -20.0000185 ], [ -44.078552, -19.9999594 ], [ -44.0784941, -19.9997709 ], [ -44.078471, -19.9997113 ], [ -44.0784415, -19.9996572 ], [ -44.078325, -19.9995191 ], [ -44.0782966, -19.9994645 ], [ -44.0782753, -19.9993932 ], [ -44.07826, -19.9993092 ], [ -44.0782499, -19.9992173 ], [ -44.0782438, -19.9991225 ], [ -44.0782401, -19.9989429 ], [ -44.0782435, -19.9987556 ], [ -44.0782308, -19.9987584 ], [ -44.0782062, -19.9987569 ], [ -44.0781727, -19.9987506 ], [ -44.0781343, -19.9987385 ], [ -44.0780948, -19.9987193 ], [ -44.0780586, -19.9986933 ], [ -44.0780254, -19.9986614 ], [ -44.0779338, -19.9985593 ], [ -44.0779019, -19.9985334 ], [ -44.0778621, -19.9985136 ], [ -44.0778165, -19.9984999 ], [ -44.0777668, -19.9984896 ], [ -44.0776119, -19.9984636 ], [ -44.0775638, -19.9984519 ], [ -44.0775201, -19.9984365 ], [ -44.077483, -19.9984154 ], [ -44.0774569, -19.9983914 ], [ -44.0773954, -19.9983052 ], [ -44.0773731, -19.998278 ], [ -44.0773463, -19.9982547 ], [ -44.0773079, -19.9982347 ], [ -44.0772627, -19.9982206 ], [ -44.0772124, -19.9982108 ], [ -44.0771584, -19.9982042 ], [ -44.0769832, -19.9981956 ], [ -44.0757435, -19.9982 ], [ -44.075744, -19.9981459 ], [ -44.0757309, -19.9980766 ], [ -44.0757173, -19.9980398 ], [ -44.0756976, -19.9980052 ], [ -44.075671, -19.9979752 ], [ -44.0756396, -19.9979498 ], [ -44.0755454, -19.9978936 ], [ -44.0755212, -19.9978747 ], [ -44.075502, -19.9978514 ], [ -44.0754865, -19.9978251 ], [ -44.0754458, -19.9977408 ], [ -44.0754295, -19.9977151 ], [ -44.0754095, -19.9976926 ], [ -44.0753847, -19.9976742 ], [ -44.0752691, -19.9976145 ], [ -44.0752447, -19.9975958 ], [ -44.075225, -19.997573 ], [ -44.0752089, -19.9975471 ], [ -44.0751679, -19.9974632 ], [ -44.0751519, -19.9974372 ], [ -44.0751323, -19.9974143 ], [ -44.075108, -19.9973955 ], [ -44.074993, -19.9973354 ], [ -44.0749683, -19.9973168 ], [ -44.0749484, -19.9972942 ], [ -44.0749322, -19.9972684 ], [ -44.0748912, -19.9971845 ], [ -44.0748749, -19.9971587 ], [ -44.0748545, -19.9971366 ], [ -44.0748238, -19.997118 ], [ -44.0747802, -19.9971045 ], [ -44.0747265, -19.9970952 ], [ -44.0746663, -19.9970893 ], [ -44.0745405, -19.9970852 ], [ -44.0743546, -19.9970889 ], [ -44.0743577, -19.997056 ], [ -44.0743544, -19.9970243 ], [ -44.0743458, -19.9969873 ], [ -44.0743302, -19.9969487 ], [ -44.0743056, -19.9969122 ], [ -44.0742696, -19.9968806 ], [ -44.0742247, -19.9968558 ], [ -44.0741742, -19.9968372 ], [ -44.0741217, -19.9968242 ], [ -44.0739764, -19.9968019 ], [ -44.0739331, -19.9967915 ], [ -44.0738941, -19.9967773 ], [ -44.073861, -19.996758 ], [ -44.0738357, -19.9967335 ], [ -44.073815, -19.9967048 ], [ -44.0737592, -19.9966137 ], [ -44.0737359, -19.9965874 ], [ -44.0737066, -19.996565 ], [ -44.0736068, -19.9965076 ], [ -44.0735777, -19.996485 ], [ -44.0735546, -19.9964585 ], [ -44.0734811, -19.9963362 ], [ -44.0734581, -19.9963096 ], [ -44.0734292, -19.9962869 ], [ -44.073331, -19.9962282 ], [ -44.0733033, -19.9962043 ], [ -44.073281, -19.9961729 ], [ -44.0732651, -19.996136 ], [ -44.0732539, -19.9960951 ], [ -44.0732348, -19.9959588 ], [ -44.0732251, -19.9959082 ], [ -44.0732097, -19.9958571 ], [ -44.0731877, -19.995809 ], [ -44.0731585, -19.9957673 ], [ -44.0731219, -19.9957351 ], [ -44.0730821, -19.9957149 ], [ -44.0730416, -19.9957031 ], [ -44.0730056, -19.9956977 ], [ -44.0729788, -19.9956972 ], [ -44.0729657, -19.9957 ], [ -44.0729618, -19.9950784 ], [ -44.0729642, -19.9949998 ], [ -44.0729704, -19.9949514 ], [ -44.0729853, -19.9949104 ], [ -44.0729983, -19.9948946 ], [ -44.0730159, -19.9948833 ], [ -44.0730616, -19.9948695 ], [ -44.0731402, -19.9948576 ], [ -44.0731882, -19.9948458 ], [ -44.0732074, -19.9948358 ], [ -44.0732213, -19.9948215 ], [ -44.0732315, -19.9948003 ], [ -44.073243, -19.9947442 ], [ -44.0732461, -19.9946817 ], [ -44.0732435, -19.9945889 ], [ -44.0731257, -19.9945921 ], [ -44.0730664, -19.9945904 ], [ -44.0730188, -19.9945834 ], [ -44.0730028, -19.9945769 ], [ -44.0729904, -19.9945678 ], [ -44.0729816, -19.9945554 ], [ -44.0729721, -19.9945239 ], [ -44.0729602, -19.9943754 ], [ -44.0729489, -19.9943454 ], [ -44.0729391, -19.9943339 ], [ -44.0729256, -19.9943256 ], [ -44.0728906, -19.994316 ], [ -44.0727449, -19.9943019 ], [ -44.0727134, -19.9942893 ], [ -44.0727028, -19.9942785 ], [ -44.0726901, -19.9942497 ], [ -44.0726846, -19.9942115 ], [ -44.0726879, -19.9940334 ], [ -44.0726879, -19.9926445 ], [ -44.0726857, -19.9926163 ], [ -44.072693, -19.9925544 ], [ -44.0727024, -19.9925175 ], [ -44.0727172, -19.9924806 ], [ -44.0727384, -19.9924467 ], [ -44.0727667, -19.9924181 ], [ -44.0727997, -19.992395 ], [ -44.0728945, -19.9923454 ], [ -44.072918, -19.9923258 ], [ -44.0729363, -19.9922988 ], [ -44.0729488, -19.9922668 ], [ -44.0729572, -19.9922312 ], [ -44.072966, -19.9921533 ], [ -44.0729696, -19.9920281 ], [ -44.0729657, -19.9907 ], [ -44.0732435, -19.9879222 ], [ -44.0728458, -19.9879257 ], [ -44.0727796, -19.987923 ], [ -44.0727408, -19.9879166 ], [ -44.0727245, -19.9879107 ], [ -44.0727112, -19.9879022 ], [ -44.0726962, -19.9878781 ], [ -44.0726879, -19.9878297 ], [ -44.0726815, -19.9877055 ], [ -44.0726725, -19.9876762 ], [ -44.0726642, -19.9876647 ], [ -44.0726517, -19.9876556 ], [ -44.0726359, -19.9876494 ], [ -44.0725901, -19.9876426 ], [ -44.0725307, -19.9876411 ], [ -44.0724101, -19.9876445 ], [ -44.0724134, -19.9876311 ], [ -44.072409, -19.987605 ], [ -44.0723964, -19.9875693 ], [ -44.0723743, -19.9875275 ], [ -44.0723366, -19.9874765 ], [ -44.0722374, -19.9873652 ], [ -44.0721093, -19.987201 ], [ -44.0720669, -19.9871527 ], [ -44.0719235, -19.9870299 ], [ -44.0717854, -19.9868703 ], [ -44.0716457, -19.9867521 ], [ -44.0715073, -19.9865928 ], [ -44.0713677, -19.9864745 ], [ -44.0712289, -19.9863156 ], [ -44.071089, -19.9861975 ], [ -44.0709501, -19.9860387 ], [ -44.0708103, -19.9859205 ], [ -44.0707746, -19.9858816 ], [ -44.0706753, -19.9857584 ], [ -44.0705878, -19.9856746 ], [ -44.0705441, -19.9856251 ], [ -44.0705038, -19.9855624 ], [ -44.0704671, -19.9854906 ], [ -44.0703974, -19.9853405 ], [ -44.0703615, -19.9852726 ], [ -44.0703234, -19.9852158 ], [ -44.0702831, -19.9851741 ], [ -44.0702429, -19.9851493 ], [ -44.0702092, -19.9851399 ], [ -44.0701879, -19.9851444 ], [ -44.0699128, -19.9851422 ], [ -44.0697259, -19.9851499 ], [ -44.0696355, -19.9851586 ], [ -44.0695539, -19.9851716 ], [ -44.069486, -19.9851898 ], [ -44.0694358, -19.9852141 ], [ -44.0694017, -19.9852404 ], [ -44.0693102, -19.9853287 ], [ -44.0692743, -19.9853534 ], [ -44.0692241, -19.9853754 ], [ -44.0691667, -19.9853911 ], [ -44.0691043, -19.9854026 ], [ -44.0688362, -19.9854325 ], [ -44.0687711, -19.9854416 ], [ -44.0687095, -19.9854537 ], [ -44.0686529, -19.9854702 ], [ -44.0686035, -19.9854927 ], [ -44.0685677, -19.9855176 ], [ -44.0684742, -19.9856042 ], [ -44.0684387, -19.9856293 ], [ -44.0683894, -19.985652 ], [ -44.0683331, -19.9856686 ], [ -44.0682716, -19.9856808 ], [ -44.0682065, -19.98569 ], [ -44.0680033, -19.9857106 ], [ -44.0678742, -19.9857298 ], [ -44.0678162, -19.9857451 ], [ -44.0677656, -19.9857666 ], [ -44.0677295, -19.9857912 ], [ -44.0676572, -19.9858535 ], [ -44.0676127, -19.9858859 ], [ -44.0675607, -19.9859147 ], [ -44.0674866, -19.9859415 ], [ -44.0674061, -19.9859599 ], [ -44.0673258, -19.9859714 ], [ -44.0671912, -19.9859799 ], [ -44.0671323, -19.9859778 ], [ -44.0669381, -19.9859806 ], [ -44.0668932, -19.9859744 ], [ -44.0668715, -19.9859633 ], [ -44.0668603, -19.9859437 ], [ -44.0668555, -19.9859185 ], [ -44.066855, -19.9857873 ], [ -44.0668518, -19.9857462 ], [ -44.0668443, -19.9857234 ], [ -44.0668279, -19.9857079 ], [ -44.0668021, -19.9857003 ], [ -44.0667544, -19.9856966 ], [ -44.0665768, -19.9857 ], [ -44.066582, -19.985356 ], [ -44.0665747, -19.9852697 ], [ -44.0665612, -19.9852195 ], [ -44.0665498, -19.9851984 ], [ -44.066534, -19.9851811 ], [ -44.0665138, -19.9851686 ], [ -44.0664899, -19.9851593 ], [ -44.0663836, -19.9851315 ], [ -44.0663602, -19.9851218 ], [ -44.0663406, -19.9851089 ], [ -44.0663249, -19.9850902 ], [ -44.0663139, -19.9850676 ], [ -44.0663063, -19.985042 ], [ -44.066298, -19.984985 ], [ -44.0662944, -19.984892 ], [ -44.066299, -19.9843111 ], [ -44.0662997, -19.9842527 ], [ -44.0662871, -19.9841782 ], [ -44.0662734, -19.9841397 ], [ -44.066253, -19.9841047 ], [ -44.0662253, -19.9840759 ], [ -44.0661926, -19.9840533 ], [ -44.0660974, -19.9840077 ], [ -44.0660727, -19.9839893 ], [ -44.0660536, -19.9839659 ], [ -44.0660387, -19.983939 ], [ -44.0660007, -19.9838525 ], [ -44.065985, -19.9838263 ], [ -44.0659649, -19.9838038 ], [ -44.0659394, -19.983786 ], [ -44.0658199, -19.9837297 ], [ -44.065796, -19.9837106 ], [ -44.0657782, -19.9836861 ], [ -44.0657656, -19.9836572 ], [ -44.0657509, -19.9835905 ], [ -44.0657342, -19.9833666 ], [ -44.0657213, -19.9832983 ], [ -44.0657098, -19.9832685 ], [ -44.0656929, -19.9832433 ], [ -44.0656696, -19.9832236 ], [ -44.0655756, -19.983177 ], [ -44.0655426, -19.9831547 ], [ -44.0655144, -19.9831263 ], [ -44.0654934, -19.9830918 ], [ -44.0654791, -19.9830538 ], [ -44.0654653, -19.9829804 ], [ -44.0654657, -19.9829222 ], [ -44.0654556, -19.9824293 ], [ -44.0654565, -19.9821673 ], [ -44.0654608, -19.9820446 ], [ -44.0654686, -19.9819354 ], [ -44.0654807, -19.9818439 ], [ -44.0654985, -19.9817599 ], [ -44.0655237, -19.9816823 ], [ -44.0655586, -19.981613 ], [ -44.0655944, -19.9815643 ], [ -44.0656735, -19.9814734 ], [ -44.0658007, -19.9813046 ], [ -44.0658815, -19.9812152 ], [ -44.0659191, -19.981168 ], [ -44.0659556, -19.9811067 ], [ -44.0660728, -19.9808368 ], [ -44.0661096, -19.9807757 ], [ -44.0661475, -19.9807289 ], [ -44.0662298, -19.9806407 ], [ -44.0663189, -19.9805319 ], [ -44.0663663, -19.9804799 ], [ -44.0664118, -19.9804395 ], [ -44.0665071, -19.9803626 ], [ -44.0666116, -19.9802669 ], [ -44.0666685, -19.980223 ], [ -44.0667358, -19.9801854 ], [ -44.0669605, -19.9800924 ], [ -44.0670296, -19.9800562 ], [ -44.0670946, -19.9800095 ], [ -44.0672339, -19.9798944 ], [ -44.0674293, -19.9797502 ], [ -44.0675524, -19.9796485 ], [ -44.067604, -19.9796129 ], [ -44.0676424, -19.9795944 ], [ -44.0676716, -19.9795865 ], [ -44.0676879, -19.9795889 ], [ -44.0676879, -19.9787556 ], [ -44.0676737, -19.9787585 ], [ -44.0676473, -19.9787551 ], [ -44.0676119, -19.9787447 ], [ -44.0675718, -19.9787263 ], [ -44.0675237, -19.9786934 ], [ -44.0673735, -19.9785559 ], [ -44.0672333, -19.9784532 ], [ -44.067197, -19.9784224 ], [ -44.067162, -19.9783829 ], [ -44.0670983, -19.9782986 ], [ -44.0670626, -19.9782597 ], [ -44.0670274, -19.9782304 ], [ -44.0669522, -19.9781759 ], [ -44.0669174, -19.9781462 ], [ -44.0668823, -19.9781068 ], [ -44.0668196, -19.9780216 ], [ -44.0667854, -19.9779815 ], [ -44.0666829, -19.9778908 ], [ -44.0666526, -19.9778572 ], [ -44.0666248, -19.9778116 ], [ -44.0666035, -19.9777604 ], [ -44.0665399, -19.9775371 ], [ -44.0665196, -19.9774851 ], [ -44.0664932, -19.9774382 ], [ -44.0664647, -19.9774032 ], [ -44.0664013, -19.9773385 ], [ -44.0663727, -19.9773035 ], [ -44.0663467, -19.9772563 ], [ -44.0663278, -19.9772031 ], [ -44.0663142, -19.9771453 ], [ -44.0662983, -19.97702 ], [ -44.066292, -19.9768719 ], [ -44.0662916, -19.9766914 ], [ -44.066299, -19.9762555 ], [ -44.065894, -19.9762506 ], [ -44.0656867, -19.9762525 ], [ -44.0655128, -19.9762619 ], [ -44.0654437, -19.9762707 ], [ -44.0653792, -19.9762835 ], [ -44.065321, -19.9763016 ], [ -44.0652708, -19.9763266 ], [ -44.0652368, -19.976353 ], [ -44.0651468, -19.9764426 ], [ -44.0651115, -19.9764679 ], [ -44.0650605, -19.9764908 ], [ -44.0650015, -19.9765069 ], [ -44.0649367, -19.9765181 ], [ -44.0648677, -19.9765256 ], [ -44.0647214, -19.9765335 ], [ -44.0645688, -19.976536 ], [ -44.0639423, -19.9765323 ], [ -44.0637102, -19.9765334 ], [ -44.0635613, -19.9765392 ], [ -44.0634907, -19.9765453 ], [ -44.0634232, -19.9765556 ], [ -44.0633555, -19.9765752 ], [ -44.0632918, -19.9766055 ], [ -44.0632448, -19.9766388 ], [ -44.0631236, -19.9767482 ], [ -44.0630851, -19.9767764 ], [ -44.0630447, -19.9767976 ], [ -44.0630087, -19.9768101 ], [ -44.0629813, -19.9768146 ], [ -44.0629657, -19.9768111 ], [ -44.0629709, -19.9766826 ], [ -44.0629687, -19.9766104 ], [ -44.0629607, -19.9765773 ], [ -44.0629535, -19.9765636 ], [ -44.0629431, -19.9765526 ], [ -44.0629121, -19.9765395 ], [ -44.0628724, -19.9765339 ], [ -44.0628054, -19.9765318 ], [ -44.0625251, -19.976534 ], [ -44.0624637, -19.9765271 ], [ -44.0624326, -19.976514 ], [ -44.0624223, -19.976503 ], [ -44.0624151, -19.9764894 ], [ -44.0624071, -19.9764562 ], [ -44.0624049, -19.9763841 ], [ -44.0624101, -19.9762555 ], [ -44.0623876, -19.9762602 ], [ -44.0623383, -19.9762563 ], [ -44.0622679, -19.976244 ], [ -44.0621831, -19.9762226 ], [ -44.0620909, -19.9761912 ], [ -44.0618082, -19.9760616 ], [ -44.0616958, -19.9760238 ], [ -44.0615803, -19.9759967 ], [ -44.0614687, -19.9759799 ], [ -44.0613625, -19.9759712 ], [ -44.0612544, -19.9759666 ], [ -44.0610372, -19.9759678 ], [ -44.0609312, -19.9759738 ], [ -44.0608289, -19.9759842 ], [ -44.0607321, -19.9760002 ], [ -44.0606431, -19.9760232 ], [ -44.0605645, -19.9760556 ], [ -44.0605021, -19.9760953 ], [ -44.0602945, -19.9762636 ], [ -44.0602489, -19.9763042 ], [ -44.0602014, -19.9763566 ], [ -44.0601128, -19.9764667 ], [ -44.060032, -19.9765567 ], [ -44.0599949, -19.9766045 ], [ -44.059959, -19.9766665 ], [ -44.0599292, -19.9767338 ], [ -44.059849, -19.9769433 ], [ -44.0598164, -19.9770081 ], [ -44.0597151, -19.9771594 ], [ -44.059682, -19.9772238 ], [ -44.0596022, -19.9774333 ], [ -44.0595732, -19.9775011 ], [ -44.0595376, -19.9775646 ], [ -44.0594965, -19.977619 ], [ -44.059398, -19.9777349 ], [ -44.0592305, -19.9779546 ], [ -44.0591425, -19.9780579 ], [ -44.0591094, -19.9781026 ], [ -44.0590846, -19.9781482 ], [ -44.059074, -19.9781823 ], [ -44.0590768, -19.9782 ], [ -44.0590793, -19.9782185 ], [ -44.0590685, -19.9782552 ], [ -44.0590432, -19.9783041 ], [ -44.0590089, -19.9783514 ], [ -44.0589181, -19.9784589 ], [ -44.0587512, -19.9786808 ], [ -44.0586549, -19.9787886 ], [ -44.0586158, -19.9788366 ], [ -44.0585789, -19.9788976 ], [ -44.0584857, -19.9790955 ], [ -44.0584482, -19.9791559 ], [ -44.0584011, -19.9792082 ], [ -44.0583402, -19.9792512 ], [ -44.0582706, -19.9792868 ], [ -44.0581258, -19.9793531 ], [ -44.0580601, -19.979392 ], [ -44.0580052, -19.9794376 ], [ -44.0579064, -19.9795382 ], [ -44.0578185, -19.9796215 ], [ -44.0577789, -19.9796668 ], [ -44.057741, -19.979727 ], [ -44.05771, -19.979793 ], [ -44.0576553, -19.9799313 ], [ -44.0576252, -19.9799982 ], [ -44.0575889, -19.9800596 ], [ -44.0575511, -19.9801066 ], [ -44.0574691, -19.980195 ], [ -44.0573412, -19.9803632 ], [ -44.0572601, -19.9804524 ], [ -44.0572233, -19.9805002 ], [ -44.0571898, -19.980564 ], [ -44.0571651, -19.9806406 ], [ -44.0571475, -19.9807361 ], [ -44.0571358, -19.9808453 ], [ -44.0571257, -19.9810818 ], [ -44.0571267, -19.9813049 ], [ -44.0571323, -19.9815333 ], [ -44.0574101, -19.9815333 ], [ -44.0574101, -19.9820889 ], [ -44.057382, -19.9820867 ], [ -44.0573408, -19.9821127 ], [ -44.0572962, -19.9821685 ], [ -44.0572517, -19.9822504 ], [ -44.0571118, -19.9825798 ], [ -44.0570558, -19.9826891 ], [ -44.0569908, -19.9827832 ], [ -44.056917, -19.9828555 ], [ -44.0567701, -19.9829689 ], [ -44.0567084, -19.983035 ], [ -44.0566633, -19.9831154 ], [ -44.0566322, -19.9832078 ], [ -44.0566111, -19.9833088 ], [ -44.0565971, -19.9834158 ], [ -44.0565813, -19.9836404 ], [ -44.0565661, -19.9839845 ], [ -44.0565584, -19.984097 ], [ -44.0565474, -19.9842066 ], [ -44.0565312, -19.9843118 ], [ -44.056508, -19.9844109 ], [ -44.0564751, -19.9845018 ], [ -44.0563866, -19.984664 ], [ -44.0563496, -19.9847434 ], [ -44.0562526, -19.9849936 ], [ -44.0562152, -19.9850727 ], [ -44.0561237, -19.9852322 ], [ -44.0560904, -19.9853148 ], [ -44.0560652, -19.9854044 ], [ -44.0560459, -19.9854989 ], [ -44.05599, -19.9859034 ], [ -44.0559681, -19.9860187 ], [ -44.0559384, -19.9861368 ], [ -44.0559001, -19.9862517 ], [ -44.0558068, -19.9864769 ], [ -44.0557758, -19.9865757 ], [ -44.0557554, -19.9866652 ], [ -44.055744, -19.9867385 ], [ -44.0557402, -19.9867892 ], [ -44.0557434, -19.9868111 ], [ -44.0557402, -19.9869893 ], [ -44.0557456, -19.9870275 ], [ -44.0557583, -19.9870563 ], [ -44.0557689, -19.9870671 ], [ -44.0558005, -19.9870797 ], [ -44.0559461, -19.9870938 ], [ -44.0559812, -19.9871034 ], [ -44.0559946, -19.9871117 ], [ -44.0560044, -19.9871231 ], [ -44.0560157, -19.9871531 ], [ -44.0560276, -19.9873017 ], [ -44.0560371, -19.9873332 ], [ -44.0560459, -19.9873455 ], [ -44.0560584, -19.9873547 ], [ -44.0560743, -19.9873611 ], [ -44.0561219, -19.9873682 ], [ -44.0561812, -19.9873699 ], [ -44.056299, -19.9873667 ], [ -44.056299, -19.9898667 ], [ -44.0562971, -19.9898881 ], [ -44.056274, -19.9899362 ], [ -44.056193, -19.9900659 ], [ -44.0561363, -19.9901698 ], [ -44.0560785, -19.9902908 ], [ -44.0558578, -19.9907734 ], [ -44.0558182, -19.9908985 ], [ -44.0557969, -19.9910171 ], [ -44.0557864, -19.9911353 ], [ -44.0557834, -19.991255 ], [ -44.0557867, -19.9913737 ], [ -44.0557958, -19.9914892 ], [ -44.0558108, -19.991599 ], [ -44.0558319, -19.9917007 ], [ -44.0558724, -19.9918576 ], [ -44.0558805, -19.9919499 ], [ -44.0558725, -19.9920426 ], [ -44.0558322, -19.9922022 ], [ -44.0558082, -19.9923186 ], [ -44.0557894, -19.9924454 ], [ -44.0557434, -19.9928547 ], [ -44.0557244, -19.9929917 ], [ -44.0556994, -19.9931244 ], [ -44.0556651, -19.9932497 ], [ -44.0556173, -19.9933638 ], [ -44.0555697, -19.9934427 ], [ -44.0554558, -19.9936048 ], [ -44.0553914, -19.9936895 ], [ -44.055271, -19.993826 ], [ -44.0552056, -19.9939097 ], [ -44.0550887, -19.9940686 ], [ -44.0550392, -19.9941454 ], [ -44.0549896, -19.9942568 ], [ -44.0549549, -19.9943801 ], [ -44.0549332, -19.9945174 ], [ -44.0549264, -19.994679 ], [ -44.0549338, -19.9948552 ], [ -44.0549545, -19.9950351 ], [ -44.0549875, -19.995208 ], [ -44.0550313, -19.9953635 ], [ -44.0550834, -19.9954928 ], [ -44.0551599, -19.9956322 ], [ -44.0551841, -19.9956811 ], [ -44.0551879, -19.9957 ], [ -44.0551914, -19.9957133 ], [ -44.0551909, -19.9957416 ], [ -44.055184, -19.9957798 ], [ -44.0551683, -19.9958225 ], [ -44.0551407, -19.9958641 ], [ -44.0550996, -19.995899 ], [ -44.0550466, -19.9959265 ], [ -44.0549855, -19.9959467 ], [ -44.0549204, -19.99596 ], [ -44.0548556, -19.9959672 ], [ -44.0546725, -19.9959757 ], [ -44.0545582, -19.9959875 ], [ -44.0545063, -19.9959979 ], [ -44.0544596, -19.9960129 ], [ -44.05442, -19.9960339 ], [ -44.0543883, -19.9960623 ], [ -44.0543145, -19.9961657 ], [ -44.0542864, -19.9961972 ], [ -44.0542576, -19.9962202 ], [ -44.0541617, -19.9962807 ], [ -44.0541331, -19.9963038 ], [ -44.0541054, -19.9963357 ], [ -44.0540365, -19.9964433 ], [ -44.0540091, -19.9964754 ], [ -44.0539808, -19.9964988 ], [ -44.0538872, -19.9965614 ], [ -44.0538606, -19.9965861 ], [ -44.0538368, -19.9966213 ], [ -44.0538198, -19.9966623 ], [ -44.053808, -19.9967077 ], [ -44.0537948, -19.996808 ], [ -44.0537909, -19.9970105 ], [ -44.053799, -19.9973667 ], [ -44.0537967, -19.9974253 ], [ -44.0537992, -19.9974869 ], [ -44.0538062, -19.9975622 ], [ -44.0538193, -19.9976449 ], [ -44.0538405, -19.9977289 ], [ -44.0538715, -19.9978078 ], [ -44.0539128, -19.9978767 ], [ -44.0539972, -19.9979903 ], [ -44.0540263, -19.9980448 ], [ -44.0540486, -19.9981051 ], [ -44.0541046, -19.9982952 ], [ -44.0541281, -19.9983545 ], [ -44.0541582, -19.9984081 ], [ -44.0542751, -19.9985459 ], [ -44.0543047, -19.9985999 ], [ -44.0543278, -19.9986594 ], [ -44.0543847, -19.9988488 ], [ -44.0544078, -19.9989084 ], [ -44.0544372, -19.9989625 ], [ -44.054551, -19.999103 ], [ -44.0545777, -19.9991559 ], [ -44.0545973, -19.9992149 ], [ -44.0546116, -19.9992784 ], [ -44.0546224, -19.9993449 ], [ -44.0546562, -19.999619 ], [ -44.0546691, -19.9996837 ], [ -44.054687, -19.9997441 ], [ -44.0547124, -19.9997982 ], [ -44.0547943, -19.999914 ], [ -44.0548353, -19.9999831 ], [ -44.0548664, -20.0000619 ], [ -44.054888, -20.0001455 ], [ -44.0549017, -20.0002278 ], [ -44.0549123, -20.0003637 ], [ -44.0549101, -20.0004223 ], [ -44.0549082, -20.0006399 ], [ -44.0549109, -20.0006685 ], [ -44.0549215, -20.0006903 ], [ -44.0549456, -20.0006994 ], [ -44.0549774, -20.0007019 ], [ -44.0551879, -20.0007 ], [ -44.0552004, -20.0007036 ], [ -44.0552247, -20.0007017 ], [ -44.0552577, -20.0006943 ], [ -44.0552956, -20.0006807 ], [ -44.0553348, -20.0006599 ], [ -44.0553708, -20.0006321 ], [ -44.0554042, -20.0005987 ], [ -44.0554971, -20.0004926 ], [ -44.0555297, -20.0004661 ], [ -44.05557, -20.0004466 ], [ -44.0556155, -20.0004347 ], [ -44.055665, -20.0004281 ], [ -44.0557166, -20.0004257 ], [ -44.0557685, -20.0004272 ], [ -44.0558192, -20.0004325 ], [ -44.0558672, -20.0004421 ], [ -44.0559108, -20.0004566 ], [ -44.055948, -20.0004774 ], [ -44.0559743, -20.0005014 ], [ -44.0560599, -20.0006155 ], [ -44.0560871, -20.000639 ], [ -44.0561258, -20.0006594 ], [ -44.0561713, -20.0006738 ], [ -44.0562219, -20.0006839 ], [ -44.0563332, -20.0006951 ], [ -44.0564523, -20.0006995 ], [ -44.0568186, -20.0007039 ], [ -44.0569327, -20.0007121 ], [ -44.0569849, -20.0007203 ], [ -44.0570321, -20.0007328 ], [ -44.0570732, -20.0007522 ], [ -44.057106, -20.0007783 ], [ -44.0571974, -20.0008813 ], [ -44.05723, -20.0009135 ], [ -44.0572652, -20.0009401 ], [ -44.0573035, -20.0009598 ], [ -44.0573407, -20.0009725 ], [ -44.0573731, -20.0009793 ], [ -44.0573972, -20.0009809 ], [ -44.0574101, -20.0009778 ], [ -44.0576879, -20.0009778 ], [ -44.0577473, -20.0009768 ], [ -44.0578225, -20.0009858 ], [ -44.0578607, -20.0009962 ], [ -44.0578948, -20.001012 ], [ -44.0579223, -20.0010344 ], [ -44.0579423, -20.0010614 ], [ -44.0579554, -20.0010901 ], [ -44.0579819, -20.0011722 ], [ -44.057995, -20.0011957 ], [ -44.0580126, -20.0012154 ], [ -44.0580352, -20.00123 ], [ -44.0580617, -20.0012413 ], [ -44.0581479, -20.0012694 ], [ -44.0581738, -20.0012813 ], [ -44.0581956, -20.0012966 ], [ -44.0582124, -20.0013169 ], [ -44.058225, -20.0013408 ], [ -44.0582619, -20.0014481 ], [ -44.0582745, -20.0014721 ], [ -44.0582913, -20.0014924 ], [ -44.0583131, -20.0015077 ], [ -44.058339, -20.0015195 ], [ -44.0584251, -20.0015477 ], [ -44.0584516, -20.001559 ], [ -44.0584743, -20.0015736 ], [ -44.0584919, -20.0015932 ], [ -44.058505, -20.0016167 ], [ -44.0585314, -20.0016988 ], [ -44.0585446, -20.0017276 ], [ -44.0585645, -20.0017545 ], [ -44.058592, -20.001777 ], [ -44.0586261, -20.0017928 ], [ -44.0586644, -20.0018031 ], [ -44.0587396, -20.0018121 ], [ -44.058799, -20.0018111 ], [ -44.0593708, -20.0018067 ], [ -44.0594677, -20.0018094 ], [ -44.0595268, -20.0018159 ], [ -44.0595532, -20.0018218 ], [ -44.0595764, -20.0018305 ], [ -44.0595953, -20.0018428 ], [ -44.0596087, -20.0018591 ], [ -44.0596248, -20.001901 ], [ -44.0596484, -20.0020196 ], [ -44.0596573, -20.0020398 ], [ -44.0596701, -20.0020566 ], [ -44.059688, -20.0020693 ], [ -44.0597101, -20.0020783 ], [ -44.0597354, -20.0020846 ], [ -44.0598234, -20.0020932 ], [ -44.0599353, -20.002094 ], [ -44.0601879, -20.0020889 ], [ -44.0601855, -20.0021885 ], [ -44.0601952, -20.0023253 ], [ -44.0602077, -20.002401 ], [ -44.0602274, -20.0024752 ], [ -44.0602561, -20.0025431 ], [ -44.0602883, -20.0025932 ], [ -44.0603247, -20.002636 ], [ -44.0603949, -20.0027051 ], [ -44.0604289, -20.0027454 ], [ -44.0604922, -20.0028301 ], [ -44.0605278, -20.002869 ], [ -44.0605629, -20.0028984 ], [ -44.0606745, -20.0029813 ], [ -44.0607854, -20.0030947 ], [ -44.0608279, -20.0031277 ], [ -44.0608772, -20.0031534 ], [ -44.0609325, -20.0031741 ], [ -44.0611092, -20.0032267 ], [ -44.0611642, -20.0032475 ], [ -44.0612133, -20.0032735 ], [ -44.0612556, -20.0033067 ], [ -44.0613657, -20.0034207 ], [ -44.0614764, -20.0035043 ], [ -44.0615113, -20.0035339 ], [ -44.0615467, -20.003573 ], [ -44.0616104, -20.0036573 ], [ -44.0616452, -20.003697 ], [ -44.0616795, -20.0037271 ], [ -44.0617891, -20.003812 ], [ -44.0618816, -20.0038962 ], [ -44.0619382, -20.0039386 ], [ -44.062004, -20.0039747 ], [ -44.0620773, -20.0040007 ], [ -44.0621547, -20.0040182 ], [ -44.0622306, -20.0040289 ], [ -44.0622995, -20.0040343 ], [ -44.0623559, -20.004036 ], [ -44.0624101, -20.0040334 ], [ -44.0624416, -20.0040357 ], [ -44.0625089, -20.0040287 ], [ -44.0625471, -20.0040184 ], [ -44.0625837, -20.0040016 ], [ -44.0626199, -20.0039727 ], [ -44.0626479, -20.0039351 ], [ -44.0626678, -20.0038916 ], [ -44.06268, -20.0038454 ], [ -44.0626865, -20.0037544 ], [ -44.0626832, -20.0032886 ], [ -44.0626872, -20.0031531 ], [ -44.0626973, -20.0030692 ], [ -44.0627067, -20.003031 ], [ -44.0627206, -20.0029965 ], [ -44.0627405, -20.0029673 ], [ -44.0627634, -20.0029473 ], [ -44.0627903, -20.0029307 ], [ -44.0628768, -20.0028858 ], [ -44.0629018, -20.0028675 ], [ -44.0629252, -20.0028413 ], [ -44.062944, -20.0028111 ], [ -44.0629769, -20.0027467 ], [ -44.0629957, -20.0027165 ], [ -44.0630197, -20.0026908 ], [ -44.0630518, -20.0026725 ], [ -44.0630967, -20.0026591 ], [ -44.0631511, -20.00265 ], [ -44.0632117, -20.0026444 ], [ -44.0633372, -20.0026405 ], [ -44.0635212, -20.0026445 ], [ -44.0635381, -20.002643 ], [ -44.063571, -20.0026514 ], [ -44.0636151, -20.0026704 ], [ -44.0636746, -20.0027066 ], [ -44.0638195, -20.0028028 ], [ -44.063896, -20.0028418 ], [ -44.0639785, -20.0028767 ], [ -44.0641408, -20.002938 ], [ -44.0642094, -20.002967 ], [ -44.0642656, -20.0029984 ], [ -44.0643215, -20.0030431 ], [ -44.0644247, -20.00314 ], [ -44.064574, -20.00325 ], [ -44.0646779, -20.0033462 ], [ -44.0647343, -20.0033904 ], [ -44.06479, -20.0034221 ], [ -44.064973, -20.0035033 ], [ -44.0650287, -20.0035349 ], [ -44.0650762, -20.0035735 ], [ -44.0651179, -20.0036304 ], [ -44.0651476, -20.0036975 ], [ -44.0651692, -20.0037716 ], [ -44.06523, -20.0040899 ], [ -44.0652512, -20.0041643 ], [ -44.0652803, -20.004232 ], [ -44.065313, -20.0042833 ], [ -44.0653831, -20.0043819 ], [ -44.0654158, -20.0044464 ], [ -44.0654423, -20.0045163 ], [ -44.0654892, -20.0046614 ], [ -44.0655201, -20.0047341 ], [ -44.0655673, -20.0048063 ], [ -44.0656208, -20.0048636 ], [ -44.065868, -20.0050822 ], [ -44.0659252, -20.0051204 ], [ -44.0659693, -20.0051394 ], [ -44.0660032, -20.005147 ], [ -44.0660212, -20.0051445 ], [ -44.0660142, -20.005646 ], [ -44.066016, -20.0059068 ], [ -44.0660271, -20.0061312 ], [ -44.0660378, -20.0062215 ], [ -44.0660534, -20.0063074 ], [ -44.0660754, -20.0063877 ], [ -44.0661059, -20.0064608 ], [ -44.066201, -20.0066173 ], [ -44.0662296, -20.0066854 ], [ -44.0662513, -20.0067594 ], [ -44.0662686, -20.0068372 ], [ -44.0663137, -20.0070763 ], [ -44.0663329, -20.0071525 ], [ -44.0663578, -20.0072238 ], [ -44.0663907, -20.0072882 ], [ -44.0664267, -20.0073366 ], [ -44.0665072, -20.0074263 ], [ -44.0665946, -20.0075367 ], [ -44.066641, -20.0075895 ], [ -44.0667774, -20.0077106 ], [ -44.0669195, -20.0078667 ], [ -44.067058, -20.0079859 ], [ -44.0672, -20.0081421 ], [ -44.0672997, -20.0082309 ], [ -44.0673541, -20.0082839 ], [ -44.0674144, -20.0083539 ], [ -44.0675295, -20.0084985 ], [ -44.067621, -20.0086046 ], [ -44.0676552, -20.0086516 ], [ -44.0676802, -20.0087004 ], [ -44.0676906, -20.008737 ], [ -44.0676879, -20.0087556 ], [ -44.0676914, -20.0087757 ], [ -44.0676907, -20.008823 ], [ -44.0676845, -20.0088911 ], [ -44.0683494, -20.01016 ], [ -44.0696323, -20.0132 ], [ -44.069645, -20.0131976 ], [ -44.0696711, -20.0131987 ], [ -44.0697069, -20.0132043 ], [ -44.0697478, -20.0132157 ], [ -44.0697894, -20.0132344 ], [ -44.0698266, -20.0132606 ], [ -44.0698597, -20.0132932 ], [ -44.0699431, -20.0133995 ], [ -44.0699692, -20.0134273 ], [ -44.069999, -20.0134493 ], [ -44.0700997, -20.0135058 ], [ -44.0701286, -20.0135286 ], [ -44.0701514, -20.0135554 ], [ -44.0702242, -20.0136782 ], [ -44.0702475, -20.0137046 ], [ -44.0702768, -20.013727 ], [ -44.0703767, -20.0137842 ], [ -44.0704059, -20.0138068 ], [ -44.070429, -20.0138333 ], [ -44.0705023, -20.0139557 ], [ -44.0705253, -20.0139823 ], [ -44.0705543, -20.014005 ], [ -44.0706545, -20.014062 ], [ -44.0706841, -20.0140843 ], [ -44.0707075, -20.0141105 ], [ -44.0707798, -20.0142337 ], [ -44.0708024, -20.0142607 ], [ -44.0708329, -20.0142861 ], [ -44.0709086, -20.014341 ], [ -44.0709453, -20.0143729 ], [ -44.0709759, -20.0144091 ], [ -44.0709973, -20.0144482 ], [ -44.0710115, -20.0144882 ], [ -44.0710233, -20.0145569 ], [ -44.0710212, -20.0145889 ], [ -44.0715768, -20.0145889 ], [ -44.0724101, -20.0145889 ], [ -44.0724241, -20.0145859 ], [ -44.0724496, -20.0145894 ] ] ] ] } },
{ "type": "Feature", "properties": { "Sub_bacia": "Pintado", "Area_Ha": 1619.08, "Nome": "Pintado" }, "geometry": { "type": "MultiPolygon", "coordinates": [ [ [ [ -44.0884024, -19.9798243 ], [ -44.0884442, -19.9798007 ], [ -44.0884757, -19.9797721 ], [ -44.0885568, -19.9796749 ], [ -44.0885905, -19.9796482 ], [ -44.0886354, -19.9796272 ], [ -44.0886881, -19.9796128 ], [ -44.0887463, -19.9796032 ], [ -44.0888085, -19.979597 ], [ -44.0889402, -19.9795908 ], [ -44.0892792, -19.9795838 ], [ -44.0894062, -19.9795736 ], [ -44.0894644, -19.9795639 ], [ -44.0895169, -19.9795495 ], [ -44.0895618, -19.9795284 ], [ -44.0895954, -19.9795016 ], [ -44.089676, -19.979404 ], [ -44.0897075, -19.9793755 ], [ -44.0897497, -19.9793521 ], [ -44.0897996, -19.9793354 ], [ -44.0898614, -19.9793234 ], [ -44.0899374, -19.9793154 ], [ -44.0901121, -19.979308 ], [ -44.0904657, -19.9793111 ], [ -44.0904819, -19.9793128 ], [ -44.0905152, -19.9793296 ], [ -44.0907225, -19.9794743 ], [ -44.0909265, -19.9796053 ], [ -44.0910531, -19.979678 ], [ -44.0911977, -19.9797451 ], [ -44.0913514, -19.9798032 ], [ -44.09178, -19.9799395 ], [ -44.0920109, -19.9800207 ], [ -44.0921634, -19.9800603 ], [ -44.0926435, -19.9801552 ], [ -44.0927905, -19.9801949 ], [ -44.0929197, -19.9802472 ], [ -44.0930226, -19.9803185 ], [ -44.0930911, -19.980411 ], [ -44.0931322, -19.9805203 ], [ -44.0931518, -19.980639 ], [ -44.0931538, -19.9807607 ], [ -44.0931406, -19.9808797 ], [ -44.0931077, -19.9810418 ], [ -44.0930973, -19.9811398 ], [ -44.093098, -19.9812398 ], [ -44.0931109, -19.9813387 ], [ -44.0931375, -19.9814332 ], [ -44.0931715, -19.9815092 ], [ -44.0932604, -19.9816713 ], [ -44.0933136, -19.9817584 ], [ -44.0934154, -19.9819032 ], [ -44.0935857, -19.9821719 ], [ -44.093651, -19.9822552 ], [ -44.0937375, -19.9823405 ], [ -44.0938297, -19.9824208 ], [ -44.0939181, -19.982504 ], [ -44.0939865, -19.982584 ], [ -44.0941113, -19.9827512 ], [ -44.0941775, -19.9828292 ], [ -44.0942402, -19.9828889 ], [ -44.094383, -19.9830033 ], [ -44.0944646, -19.9830534 ], [ -44.0945685, -19.9830923 ], [ -44.0946787, -19.9831124 ], [ -44.0947872, -19.9831157 ], [ -44.0949937, -19.9831001 ], [ -44.0951025, -19.983101 ], [ -44.09522, -19.9831107 ], [ -44.0955135, -19.9831542 ], [ -44.0956942, -19.9831744 ], [ -44.0958731, -19.9831876 ], [ -44.0960363, -19.9831954 ], [ -44.096299, -19.9832 ], [ -44.096293, -19.98339 ], [ -44.0962984, -19.9835168 ], [ -44.0963066, -19.9835765 ], [ -44.09632, -19.9836287 ], [ -44.0963397, -19.9836696 ], [ -44.096367, -19.9836973 ], [ -44.0964011, -19.9837157 ], [ -44.0964415, -19.9837287 ], [ -44.0964861, -19.9837381 ], [ -44.0966742, -19.9837673 ], [ -44.0967168, -19.9837784 ], [ -44.0967547, -19.9837936 ], [ -44.0967859, -19.9838144 ], [ -44.0968102, -19.9838441 ], [ -44.0968272, -19.98388 ], [ -44.0968391, -19.9839203 ], [ -44.0968733, -19.9841436 ], [ -44.0968836, -19.9841853 ], [ -44.0968982, -19.9842233 ], [ -44.0969188, -19.9842561 ], [ -44.0969451, -19.9842812 ], [ -44.0970409, -19.9843419 ], [ -44.09707, -19.9843646 ], [ -44.0970933, -19.9843909 ], [ -44.0971668, -19.9845131 ], [ -44.0971897, -19.9845399 ], [ -44.0972209, -19.9845659 ], [ -44.097297, -19.9846215 ], [ -44.0973337, -19.9846535 ], [ -44.0973643, -19.9846895 ], [ -44.0973858, -19.9847281 ], [ -44.0974001, -19.9847675 ], [ -44.0974123, -19.984835 ], [ -44.0974102, -19.9848667 ], [ -44.0974243, -19.9848638 ], [ -44.0974508, -19.9848672 ], [ -44.0974861, -19.9848775 ], [ -44.0975263, -19.9848959 ], [ -44.0975745, -19.9849287 ], [ -44.097725, -19.9850659 ], [ -44.0978656, -19.9851683 ], [ -44.097902, -19.985199 ], [ -44.0979372, -19.9852383 ], [ -44.0980014, -19.9853222 ], [ -44.0980373, -19.9853609 ], [ -44.0980728, -19.98539 ], [ -44.0981485, -19.9854441 ], [ -44.0981836, -19.9854735 ], [ -44.0982191, -19.9855126 ], [ -44.0982824, -19.9855972 ], [ -44.0983168, -19.9856372 ], [ -44.0984186, -19.9857284 ], [ -44.0984481, -19.9857627 ], [ -44.0984754, -19.9858124 ], [ -44.0984944, -19.9858692 ], [ -44.0985073, -19.9859313 ], [ -44.0985158, -19.9859971 ], [ -44.0985211, -19.9860656 ], [ -44.0985257, -19.9862079 ], [ -44.0985282, -19.9867175 ], [ -44.0989616, -19.9872937 ], [ -44.0990232, -19.9873757 ], [ -44.0984766, -19.9877916 ], [ -44.098441, -19.9878523 ], [ -44.0983622, -19.9879446 ], [ -44.0983253, -19.9879923 ], [ -44.0982964, -19.9880469 ], [ -44.0982739, -19.988107 ], [ -44.0982174, -19.9882967 ], [ -44.0981943, -19.9883562 ], [ -44.0981649, -19.9884104 ], [ -44.0980517, -19.9885515 ], [ -44.0980228, -19.988606 ], [ -44.098, -19.9886659 ], [ -44.0979424, -19.9888546 ], [ -44.0979184, -19.9889134 ], [ -44.0978873, -19.9889662 ], [ -44.0978473, -19.9890112 ], [ -44.0977575, -19.9890929 ], [ -44.0976499, -19.9892091 ], [ -44.0976084, -19.9892429 ], [ -44.0975519, -19.9892739 ], [ -44.0974879, -19.9892984 ], [ -44.0972848, -19.9893624 ], [ -44.0972197, -19.9893916 ], [ -44.0970369, -19.9895004 ], [ -44.096967, -19.9895325 ], [ -44.0968803, -19.9895593 ], [ -44.0967926, -19.9895766 ], [ -44.0967112, -19.9895865 ], [ -44.0966434, -19.9895908 ], [ -44.0965768, -19.9895889 ], [ -44.0965798, -19.9895992 ], [ -44.0965789, -19.9896226 ], [ -44.0965736, -19.9896559 ], [ -44.0965631, -19.9896951 ], [ -44.0965461, -19.9897366 ], [ -44.0965214, -19.9897763 ], [ -44.0964874, -19.989812 ], [ -44.0964479, -19.9898421 ], [ -44.0963732, -19.9898907 ], [ -44.0963474, -19.9899132 ], [ -44.0963315, -19.9899401 ], [ -44.0963235, -19.9899706 ], [ -44.0963223, -19.9900026 ], [ -44.0963275, -19.9900344 ], [ -44.0963393, -19.9900642 ], [ -44.0963584, -19.9900902 ], [ -44.0963861, -19.9901119 ], [ -44.0964866, -19.9901675 ], [ -44.096515, -19.9901913 ], [ -44.0965363, -19.9902215 ], [ -44.0965514, -19.9902571 ], [ -44.0965692, -19.9903388 ], [ -44.0965771, -19.9904288 ], [ -44.0965806, -19.9905706 ], [ -44.0965768, -19.9915333 ], [ -44.096542, -19.9915316 ], [ -44.0964689, -19.9915409 ], [ -44.0964279, -19.9915525 ], [ -44.0963898, -19.9915707 ], [ -44.096358, -19.9915962 ], [ -44.096333, -19.9916271 ], [ -44.0963139, -19.9916602 ], [ -44.0962866, -19.9917211 ], [ -44.0962703, -19.9917468 ], [ -44.0962484, -19.9917677 ], [ -44.0962194, -19.9917826 ], [ -44.0961849, -19.9917926 ], [ -44.0961464, -19.9917993 ], [ -44.0958944, -19.9918214 ], [ -44.095857, -19.991829 ], [ -44.0958236, -19.9918401 ], [ -44.0957958, -19.991856 ], [ -44.0957748, -19.9918776 ], [ -44.0957589, -19.9919037 ], [ -44.0957222, -19.9919913 ], [ -44.0957077, -19.9920185 ], [ -44.0956887, -19.992042 ], [ -44.0956639, -19.9920604 ], [ -44.0955418, -19.9921144 ], [ -44.095516, -19.9921319 ], [ -44.0954961, -19.9921546 ], [ -44.095481, -19.9921813 ], [ -44.0954545, -19.9922429 ], [ -44.0954351, -19.9922759 ], [ -44.0954097, -19.9923064 ], [ -44.0953774, -19.9923314 ], [ -44.0953385, -19.9923489 ], [ -44.0952969, -19.99236 ], [ -44.0952569, -19.9923661 ], [ -44.0952227, -19.9923684 ], [ -44.0951879, -19.9923667 ], [ -44.0951331, -19.992369 ], [ -44.0950765, -19.9923667 ], [ -44.0950072, -19.9923607 ], [ -44.0949307, -19.9923495 ], [ -44.0948525, -19.992332 ], [ -44.0947782, -19.9923065 ], [ -44.0947109, -19.9922716 ], [ -44.0945505, -19.992159 ], [ -44.0944999, -19.9921344 ], [ -44.0944434, -19.9921148 ], [ -44.0942644, -19.9920642 ], [ -44.094209, -19.9920437 ], [ -44.0941594, -19.9920182 ], [ -44.0941161, -19.9919858 ], [ -44.0940375, -19.9919142 ], [ -44.0939937, -19.9918823 ], [ -44.0939435, -19.9918573 ], [ -44.0938876, -19.9918372 ], [ -44.0937092, -19.9917861 ], [ -44.0936534, -19.991766 ], [ -44.0936032, -19.9917409 ], [ -44.0935593, -19.9917091 ], [ -44.0934802, -19.991638 ], [ -44.0934365, -19.991606 ], [ -44.0933865, -19.9915808 ], [ -44.0933308, -19.9915605 ], [ -44.0931523, -19.9915095 ], [ -44.0930965, -19.9914893 ], [ -44.0930468, -19.9914639 ], [ -44.0930044, -19.9914308 ], [ -44.0928958, -19.9913155 ], [ -44.0927164, -19.9911798 ], [ -44.0925695, -19.9910409 ], [ -44.092523, -19.9910076 ], [ -44.0924844, -19.9909887 ], [ -44.0924503, -19.990978 ], [ -44.0924245, -19.9909745 ], [ -44.0924102, -19.9909778 ], [ -44.0921846, -19.9909728 ], [ -44.0920571, -19.9909727 ], [ -44.0919626, -19.990981 ], [ -44.0919353, -19.9909874 ], [ -44.0919114, -19.9909967 ], [ -44.091892, -19.9910099 ], [ -44.091879, -19.9910264 ], [ -44.0918696, -19.9910462 ], [ -44.0918429, -19.9911622 ], [ -44.0918259, -19.9912032 ], [ -44.0918123, -19.9912193 ], [ -44.0917928, -19.9912323 ], [ -44.0917692, -19.9912419 ], [ -44.0916615, -19.9912686 ], [ -44.0916374, -19.9912777 ], [ -44.0916172, -19.9912902 ], [ -44.0916031, -19.9913058 ], [ -44.0915851, -19.991346 ], [ -44.091559, -19.9914627 ], [ -44.0915471, -19.9914839 ], [ -44.0915278, -19.9915019 ], [ -44.0914988, -19.9915162 ], [ -44.0914637, -19.9915256 ], [ -44.0914257, -19.9915313 ], [ -44.0913535, -19.991535 ], [ -44.091299, -19.9915333 ], [ -44.091302, -19.9916283 ], [ -44.0912991, -19.9916915 ], [ -44.0912881, -19.9917473 ], [ -44.0912781, -19.9917676 ], [ -44.0912644, -19.9917814 ], [ -44.0912472, -19.9917905 ], [ -44.0912269, -19.9917969 ], [ -44.0911097, -19.9918155 ], [ -44.0910691, -19.9918283 ], [ -44.0910534, -19.9918386 ], [ -44.0910411, -19.9918534 ], [ -44.0910327, -19.9918714 ], [ -44.0910232, -19.9919138 ], [ -44.0910197, -19.9919613 ], [ -44.0910204, -19.9922397 ], [ -44.0910158, -19.9922862 ], [ -44.0910036, -19.9923263 ], [ -44.0909902, -19.9923421 ], [ -44.0909695, -19.9923533 ], [ -44.0909425, -19.992361 ], [ -44.0909113, -19.9923659 ], [ -44.0908443, -19.9923695 ], [ -44.0907435, -19.9923667 ], [ -44.0906229, -19.9923633 ], [ -44.0905636, -19.9923648 ], [ -44.0905177, -19.9923716 ], [ -44.0905019, -19.9923779 ], [ -44.0904894, -19.9923869 ], [ -44.0904811, -19.9923984 ], [ -44.0904721, -19.9924277 ], [ -44.0904658, -19.9925519 ], [ -44.0904574, -19.9926003 ], [ -44.0904424, -19.9926245 ], [ -44.0904291, -19.992633 ], [ -44.0904128, -19.9926388 ], [ -44.090374, -19.9926452 ], [ -44.0903078, -19.992648 ], [ -44.0899102, -19.9926445 ], [ -44.0899139, -19.9928328 ], [ -44.089909, -19.9928749 ], [ -44.0898996, -19.9928978 ], [ -44.0898916, -19.9929063 ], [ -44.0898803, -19.9929126 ], [ -44.0898511, -19.9929193 ], [ -44.0897081, -19.9929236 ], [ -44.0896759, -19.9929278 ], [ -44.0896509, -19.9929381 ], [ -44.0896373, -19.9929573 ], [ -44.089631, -19.9929828 ], [ -44.0896283, -19.9930267 ], [ -44.0896324, -19.9932 ], [ -44.089629, -19.9933714 ], [ -44.0896324, -19.9934887 ], [ -44.0896452, -19.9935976 ], [ -44.0896568, -19.9936411 ], [ -44.0896729, -19.9936746 ], [ -44.0896948, -19.9937021 ], [ -44.0897242, -19.9937245 ], [ -44.0898253, -19.9937807 ], [ -44.0898528, -19.9938047 ], [ -44.0898724, -19.9938342 ], [ -44.0898861, -19.9938688 ], [ -44.0898954, -19.9939071 ], [ -44.0899016, -19.9939481 ], [ -44.0899079, -19.9940353 ], [ -44.0899148, -19.9943534 ], [ -44.0899249, -19.9944374 ], [ -44.0899342, -19.9944757 ], [ -44.0899479, -19.9945103 ], [ -44.0899675, -19.9945398 ], [ -44.0899951, -19.9945638 ], [ -44.0900961, -19.99462 ], [ -44.0901255, -19.9946423 ], [ -44.0901474, -19.9946699 ], [ -44.0901635, -19.9947033 ], [ -44.0901751, -19.9947469 ], [ -44.0901879, -19.9948558 ], [ -44.0901913, -19.9949731 ], [ -44.0901879, -19.9951445 ], [ -44.0902233, -19.9951427 ], [ -44.0902974, -19.9951522 ], [ -44.0903386, -19.9951641 ], [ -44.0903766, -19.9951827 ], [ -44.0904042, -19.9952052 ], [ -44.0904263, -19.9952321 ], [ -44.0904433, -19.9952613 ], [ -44.0904774, -19.9953428 ], [ -44.0904918, -19.9953652 ], [ -44.0905107, -19.9953837 ], [ -44.0905393, -19.9953989 ], [ -44.0905736, -19.9954091 ], [ -44.0906535, -19.99542 ], [ -44.0907416, -19.9954239 ], [ -44.091209, -19.99542 ], [ -44.0913457, -19.9954219 ], [ -44.0914304, -19.9954287 ], [ -44.0914689, -19.9954353 ], [ -44.0915033, -19.9954456 ], [ -44.0915318, -19.9954608 ], [ -44.0915508, -19.9954793 ], [ -44.0915651, -19.9955017 ], [ -44.0915992, -19.9955831 ], [ -44.0916163, -19.9956124 ], [ -44.0916383, -19.9956393 ], [ -44.091666, -19.9956618 ], [ -44.091704, -19.9956803 ], [ -44.0917451, -19.9956923 ], [ -44.0918192, -19.9957018 ], [ -44.0918546, -19.9957 ], [ -44.0918493, -19.9958854 ], [ -44.0918527, -19.9961484 ], [ -44.0918628, -19.9962963 ], [ -44.0918814, -19.9964438 ], [ -44.0919109, -19.9965821 ], [ -44.0919538, -19.9967025 ], [ -44.0920078, -19.9967952 ], [ -44.0921089, -19.9969239 ], [ -44.0921991, -19.9970318 ], [ -44.0923315, -19.9971563 ], [ -44.0924803, -19.9973066 ], [ -44.0927337, -19.9975127 ], [ -44.0927921, -19.9975552 ], [ -44.0928752, -19.997603 ], [ -44.0930518, -19.9976897 ], [ -44.0931345, -19.9977378 ], [ -44.0931926, -19.9977806 ], [ -44.0934447, -19.9979878 ], [ -44.0935946, -19.9981372 ], [ -44.093731, -19.9982583 ], [ -44.0938796, -19.9984088 ], [ -44.0940202, -19.9985263 ], [ -44.0941255, -19.9986213 ], [ -44.0941809, -19.9986664 ], [ -44.0942592, -19.9987183 ], [ -44.0943415, -19.9987668 ], [ -44.0944249, -19.998823 ], [ -44.0945048, -19.9988983 ], [ -44.0945729, -19.9989941 ], [ -44.0946298, -19.9991037 ], [ -44.0947638, -19.9994297 ], [ -44.0948043, -19.9995106 ], [ -44.0948448, -19.9995659 ], [ -44.0948825, -19.9995919 ], [ -44.0949102, -19.9995889 ], [ -44.094907, -19.9996748 ], [ -44.0949099, -19.9997675 ], [ -44.0949186, -19.9998818 ], [ -44.094935, -20.000009 ], [ -44.0949616, -20.0001402 ], [ -44.0950009, -20.0002664 ], [ -44.095053, -20.0003804 ], [ -44.0952321, -20.0007268 ], [ -44.0952753, -20.0007978 ], [ -44.095326, -20.0008604 ], [ -44.0953906, -20.0009155 ], [ -44.0955215, -20.0010104 ], [ -44.0955695, -20.0010622 ], [ -44.0955914, -20.0011089 ], [ -44.0955999, -20.0011593 ], [ -44.095596, -20.001211 ], [ -44.0955503, -20.0013486 ], [ -44.0955303, -20.0014308 ], [ -44.0955175, -20.0015217 ], [ -44.0955117, -20.001618 ], [ -44.0955128, -20.0017167 ], [ -44.0955215, -20.0018151 ], [ -44.0955388, -20.0019104 ], [ -44.0955667, -20.0019999 ], [ -44.0956456, -20.0021649 ], [ -44.095679, -20.0022544 ], [ -44.095706, -20.0023502 ], [ -44.0957745, -20.0026502 ], [ -44.0958019, -20.0027465 ], [ -44.0958365, -20.0028367 ], [ -44.0959224, -20.0030025 ], [ -44.0959543, -20.0030868 ], [ -44.0959783, -20.003181 ], [ -44.0959963, -20.0032954 ], [ -44.0960091, -20.0034258 ], [ -44.0960176, -20.0035659 ], [ -44.0962791, -20.0045918 ], [ -44.0962842, -20.0046118 ], [ -44.0966192, -20.0045955 ], [ -44.0968261, -20.0045943 ], [ -44.0969235, -20.0045885 ], [ -44.096969, -20.0045828 ], [ -44.097011, -20.0045742 ], [ -44.0970485, -20.0045617 ], [ -44.0970797, -20.0045438 ], [ -44.0971013, -20.0045226 ], [ -44.0971183, -20.0044975 ], [ -44.0971599, -20.0044141 ], [ -44.0971758, -20.004388 ], [ -44.0971954, -20.0043651 ], [ -44.0972197, -20.0043463 ], [ -44.0973339, -20.0042855 ], [ -44.0973575, -20.004266 ], [ -44.0973767, -20.0042397 ], [ -44.0973904, -20.0042088 ], [ -44.0974068, -20.0041373 ], [ -44.0974251, -20.0039355 ], [ -44.0974366, -20.0038931 ], [ -44.0974547, -20.003853 ], [ -44.0974801, -20.0038178 ], [ -44.0975129, -20.0037901 ], [ -44.0975491, -20.0037724 ], [ -44.0975874, -20.0037612 ], [ -44.0976241, -20.0037553 ], [ -44.0976555, -20.0037531 ], [ -44.0976879, -20.0037556 ], [ -44.0976933, -20.0036714 ], [ -44.0977073, -20.0035821 ], [ -44.097732, -20.0034724 ], [ -44.0977974, -20.0032542 ], [ -44.0978363, -20.0031088 ], [ -44.0979379, -20.0026509 ], [ -44.0979732, -20.0025178 ], [ -44.0980136, -20.0024077 ], [ -44.0980653, -20.0023131 ], [ -44.0981341, -20.0022332 ], [ -44.0982259, -20.002169 ], [ -44.0983333, -20.0021182 ], [ -44.0984498, -20.0020753 ], [ -44.098688, -20.0019938 ], [ -44.0987996, -20.0019505 ], [ -44.0989149, -20.0019103 ], [ -44.0990534, -20.0018776 ], [ -44.0992036, -20.0018548 ], [ -44.0993618, -20.0018389 ], [ -44.1000204, -20.0017974 ], [ -44.1001793, -20.0017821 ], [ -44.1003305, -20.0017602 ], [ -44.1004702, -20.0017285 ], [ -44.1005939, -20.001683 ], [ -44.1006906, -20.0016269 ], [ -44.1007772, -20.0015622 ], [ -44.1008479, -20.0015038 ], [ -44.1009127, -20.0014404 ], [ -44.1009774, -20.0013569 ], [ -44.101089, -20.0011747 ], [ -44.1011474, -20.0010858 ], [ -44.1013286, -20.0008642 ], [ -44.101398, -20.0007848 ], [ -44.1014631, -20.0007216 ], [ -44.101619, -20.0005794 ], [ -44.1017201, -20.0004942 ], [ -44.1018524, -20.0003997 ], [ -44.1019899, -20.0003065 ], [ -44.1021173, -20.000211 ], [ -44.102212, -20.0001256 ], [ -44.1023477, -19.9999868 ], [ -44.1023882, -19.9999366 ], [ -44.1024116, -19.9998911 ], [ -44.1024102, -19.9998667 ], [ -44.1024494, -19.999865 ], [ -44.1025286, -19.9998496 ], [ -44.1027386, -19.9997935 ], [ -44.1028517, -19.9997669 ], [ -44.1029562, -19.9997549 ], [ -44.103064, -19.9997566 ], [ -44.1031884, -19.9997766 ], [ -44.1033124, -19.9998089 ], [ -44.1034553, -19.9998507 ], [ -44.1035886, -19.9998969 ], [ -44.1037056, -19.9999498 ], [ -44.1038987, -20.0000582 ], [ -44.1041388, -20.0001701 ], [ -44.1042565, -20.0002289 ], [ -44.1044486, -20.0003445 ], [ -44.104682, -20.0004645 ], [ -44.1047939, -20.0005283 ], [ -44.10497, -20.0006557 ], [ -44.1052084, -20.0008233 ], [ -44.1052965, -20.0008817 ], [ -44.105406, -20.0009375 ], [ -44.10552, -20.0009846 ], [ -44.1057203, -20.001064 ], [ -44.1058089, -20.0010917 ], [ -44.1058882, -20.0011029 ], [ -44.1059689, -20.0011016 ], [ -44.1060626, -20.0010867 ], [ -44.1061617, -20.0010665 ], [ -44.1062892, -20.0010483 ], [ -44.106429, -20.0010377 ], [ -44.1065756, -20.001035 ], [ -44.1067238, -20.0010413 ], [ -44.1068683, -20.0010586 ], [ -44.1070034, -20.0010897 ], [ -44.1071109, -20.0011297 ], [ -44.1072163, -20.0011769 ], [ -44.1073498, -20.0012438 ], [ -44.1074882, -20.0013262 ], [ -44.1076174, -20.0014269 ], [ -44.1077146, -20.0015293 ], [ -44.1077985, -20.0016373 ], [ -44.1078605, -20.0017285 ], [ -44.1079096, -20.0018176 ], [ -44.1079473, -20.0019165 ], [ -44.1079666, -20.0020013 ], [ -44.1079718, -20.0020618 ], [ -44.1079657, -20.0020889 ], [ -44.1087495, -20.002097 ], [ -44.1090265, -20.0020957 ], [ -44.1091948, -20.0020896 ], [ -44.1092755, -20.0020835 ], [ -44.1093527, -20.0020745 ], [ -44.1094253, -20.0020615 ], [ -44.1094917, -20.0020431 ], [ -44.1095497, -20.0020176 ], [ -44.109595, -20.0019868 ], [ -44.109676, -20.001917 ], [ -44.1097199, -20.001885 ], [ -44.1097694, -20.0018593 ], [ -44.1098241, -20.0018379 ], [ -44.1099983, -20.0017823 ], [ -44.110053, -20.0017608 ], [ -44.1101027, -20.0017349 ], [ -44.1101469, -20.0017028 ], [ -44.1102283, -20.0016326 ], [ -44.110274, -20.0016017 ], [ -44.1103308, -20.0015765 ], [ -44.1103955, -20.0015582 ], [ -44.110466, -20.0015452 ], [ -44.1105409, -20.0015362 ], [ -44.1106986, -20.0015272 ], [ -44.1108601, -20.0015277 ], [ -44.1109397, -20.0015317 ], [ -44.1110192, -20.0015399 ], [ -44.1111022, -20.0015565 ], [ -44.1111837, -20.0015824 ], [ -44.1112584, -20.0016179 ], [ -44.11132, -20.0016594 ], [ -44.111424, -20.0017449 ], [ -44.1114704, -20.0017784 ], [ -44.1115076, -20.0017984 ], [ -44.1115395, -20.0018105 ], [ -44.1115634, -20.0018149 ], [ -44.1115769, -20.0018111 ], [ -44.1115769, -20.0015334 ], [ -44.1115747, -20.0015206 ], [ -44.111584, -20.0014937 ], [ -44.1116043, -20.0014554 ], [ -44.1116967, -20.001316 ], [ -44.1117467, -20.0012296 ], [ -44.111796, -20.0011319 ], [ -44.1118919, -20.0009218 ], [ -44.1119902, -20.0007208 ], [ -44.1120308, -20.0006294 ], [ -44.1120522, -20.0005489 ], [ -44.1120611, -20.0004669 ], [ -44.1120599, -20.0003834 ], [ -44.1120491, -20.0003005 ], [ -44.1120284, -20.0002204 ], [ -44.111963, -20.0000544 ], [ -44.1119342, -19.9999595 ], [ -44.1119114, -19.9998577 ], [ -44.1118927, -19.9997512 ], [ -44.1118428, -19.9994228 ], [ -44.1118224, -19.999316 ], [ -44.111797, -19.9992135 ], [ -44.1117642, -19.9991172 ], [ -44.1116853, -19.9989454 ], [ -44.1116515, -19.9988547 ], [ -44.1115431, -19.9984693 ], [ -44.1115099, -19.9983784 ], [ -44.1114685, -19.9982945 ], [ -44.1114172, -19.9982193 ], [ -44.1112756, -19.9980359 ], [ -44.1112301, -19.9979821 ], [ -44.1111013, -19.9978543 ], [ -44.1109581, -19.997699 ], [ -44.1108269, -19.9975726 ], [ -44.1107775, -19.9975128 ], [ -44.1107286, -19.9974435 ], [ -44.1106162, -19.9972652 ], [ -44.1105606, -19.9971546 ], [ -44.1105191, -19.9970356 ], [ -44.1104909, -19.9969144 ], [ -44.1104734, -19.9967986 ], [ -44.1104643, -19.9966954 ], [ -44.1104614, -19.9966121 ], [ -44.1104624, -19.9965558 ], [ -44.1104657, -19.9965333 ], [ -44.1104627, -19.9965001 ], [ -44.1104659, -19.9964679 ], [ -44.1104744, -19.9964303 ], [ -44.1104899, -19.9963911 ], [ -44.1105145, -19.9963543 ], [ -44.1105506, -19.9963226 ], [ -44.1105956, -19.9962979 ], [ -44.1106462, -19.9962798 ], [ -44.1106986, -19.9962675 ], [ -44.1108436, -19.9962462 ], [ -44.1108871, -19.9962358 ], [ -44.110926, -19.9962216 ], [ -44.1109589, -19.9962021 ], [ -44.110984, -19.9961773 ], [ -44.1110042, -19.9961483 ], [ -44.1110585, -19.9960559 ], [ -44.1110814, -19.9960293 ], [ -44.1111105, -19.9960066 ], [ -44.1112096, -19.9959488 ], [ -44.1112386, -19.995926 ], [ -44.1112615, -19.9958993 ], [ -44.1113165, -19.9958076 ], [ -44.1113373, -19.995779 ], [ -44.1113629, -19.9957547 ], [ -44.1113964, -19.9957358 ], [ -44.1114358, -19.995722 ], [ -44.1114795, -19.9957118 ], [ -44.1116699, -19.9956845 ], [ -44.111715, -19.9956756 ], [ -44.1117563, -19.9956634 ], [ -44.1117916, -19.995646 ], [ -44.1118205, -19.9956218 ], [ -44.1119062, -19.9955187 ], [ -44.1119391, -19.9954858 ], [ -44.1119759, -19.9954589 ], [ -44.112017, -19.9954394 ], [ -44.1120577, -19.9954272 ], [ -44.1120932, -19.995421 ], [ -44.1121194, -19.9954196 ], [ -44.1121324, -19.9954222 ], [ -44.1121336, -19.995405 ], [ -44.1121219, -19.9953694 ], [ -44.1120972, -19.9953203 ], [ -44.1119893, -19.9951521 ], [ -44.1119496, -19.9950661 ], [ -44.1119177, -19.9949703 ], [ -44.1118935, -19.9948692 ], [ -44.1118764, -19.9947684 ], [ -44.1118423, -19.9944143 ], [ -44.1118307, -19.9943316 ], [ -44.1118151, -19.9942524 ], [ -44.1117939, -19.994178 ], [ -44.1117653, -19.9941099 ], [ -44.1116703, -19.9939533 ], [ -44.1116416, -19.9938853 ], [ -44.1116197, -19.9938115 ], [ -44.1116023, -19.9937338 ], [ -44.1115582, -19.9934938 ], [ -44.1115403, -19.9934165 ], [ -44.1115176, -19.9933434 ], [ -44.1114878, -19.9932763 ], [ -44.1113875, -19.9931243 ], [ -44.1113547, -19.9930597 ], [ -44.1112498, -19.9927792 ], [ -44.1112166, -19.9927151 ], [ -44.1111106, -19.992568 ], [ -44.1110765, -19.9925046 ], [ -44.1109946, -19.9922925 ], [ -44.1109557, -19.992216 ], [ -44.1109038, -19.9921416 ], [ -44.1108492, -19.9920832 ], [ -44.1106674, -19.9919191 ], [ -44.1106089, -19.9918698 ], [ -44.110555, -19.9918338 ], [ -44.110514, -19.9918158 ], [ -44.1104827, -19.9918086 ], [ -44.1104657, -19.9918111 ], [ -44.1104654, -19.9916952 ], [ -44.1104768, -19.9916242 ], [ -44.1104884, -19.9915937 ], [ -44.1105052, -19.9915701 ], [ -44.1105266, -19.9915557 ], [ -44.1105513, -19.9915471 ], [ -44.1106588, -19.9915202 ], [ -44.1106818, -19.9915102 ], [ -44.1107007, -19.9914966 ], [ -44.110715, -19.991478 ], [ -44.110725, -19.9914557 ], [ -44.1107571, -19.9913289 ], [ -44.1107678, -19.9913072 ], [ -44.110783, -19.9912894 ], [ -44.1108031, -19.9912769 ], [ -44.1108277, -19.9912682 ], [ -44.1108555, -19.9912622 ], [ -44.1109176, -19.991256 ], [ -44.1111213, -19.991252 ], [ -44.1111857, -19.9912476 ], [ -44.1112412, -19.9912357 ], [ -44.1112634, -19.9912221 ], [ -44.1112804, -19.9911986 ], [ -44.1112917, -19.9911678 ], [ -44.1112985, -19.9911326 ], [ -44.1113025, -19.9910596 ], [ -44.1112991, -19.9909778 ], [ -44.1112954, -19.9909656 ], [ -44.1112979, -19.9909421 ], [ -44.1113067, -19.9909099 ], [ -44.1113227, -19.9908721 ], [ -44.1113467, -19.9908319 ], [ -44.1113819, -19.9907895 ], [ -44.1114665, -19.9907052 ], [ -44.1115049, -19.9906599 ], [ -44.1115356, -19.9906066 ], [ -44.1115548, -19.9905519 ], [ -44.1115656, -19.9904967 ], [ -44.1115726, -19.9904383 ], [ -44.1115797, -19.9903156 ], [ -44.1115833, -19.9898012 ], [ -44.1115787, -19.9894178 ], [ -44.11157, -19.9892967 ], [ -44.1115619, -19.9892393 ], [ -44.11155, -19.9891852 ], [ -44.1115328, -19.9891358 ], [ -44.1115083, -19.9890925 ], [ -44.1114779, -19.989059 ], [ -44.1114078, -19.989 ], [ -44.1113761, -19.9889676 ], [ -44.1113496, -19.9889261 ], [ -44.1113304, -19.9888785 ], [ -44.1113166, -19.988826 ], [ -44.111307, -19.9887628 ], [ -44.1112969, -19.9886074 ], [ -44.1112951, -19.9884414 ], [ -44.1112991, -19.9882 ], [ -44.1112811, -19.9882015 ], [ -44.1112464, -19.9881923 ], [ -44.1112003, -19.9881716 ], [ -44.1111549, -19.9881438 ], [ -44.1110502, -19.9880714 ], [ -44.1109879, -19.9880348 ], [ -44.1109064, -19.9879993 ], [ -44.110817, -19.9879712 ], [ -44.1107256, -19.98795 ], [ -44.1104806, -19.9879095 ], [ -44.110407, -19.9878932 ], [ -44.1103394, -19.9878718 ], [ -44.11028, -19.9878434 ], [ -44.1102361, -19.9878116 ], [ -44.1101205, -19.9877022 ], [ -44.1099724, -19.9875911 ], [ -44.1098583, -19.9874806 ], [ -44.1098155, -19.9874477 ], [ -44.1097588, -19.987417 ], [ -44.1096958, -19.9873917 ], [ -44.1095636, -19.9873463 ], [ -44.1095004, -19.9873211 ], [ -44.1094435, -19.9872906 ], [ -44.1094006, -19.9872579 ], [ -44.1092866, -19.9871471 ], [ -44.1091423, -19.9870328 ], [ -44.1091061, -19.9869944 ], [ -44.1090398, -19.9869123 ], [ -44.1090044, -19.9868732 ], [ -44.1088625, -19.9867514 ], [ -44.108821, -19.9867037 ], [ -44.1086947, -19.9865387 ], [ -44.1085952, -19.9864263 ], [ -44.1085573, -19.9863745 ], [ -44.1085351, -19.986332 ], [ -44.1085225, -19.9862955 ], [ -44.1085182, -19.9862689 ], [ -44.1085213, -19.9862556 ], [ -44.1085213, -19.9859778 ], [ -44.1082435, -19.9859778 ], [ -44.1082435, -19.9854222 ], [ -44.1082503, -19.9850937 ], [ -44.108247, -19.9849273 ], [ -44.1082415, -19.984853 ], [ -44.1082325, -19.9847905 ], [ -44.1082191, -19.9847378 ], [ -44.1081998, -19.9846902 ], [ -44.1081728, -19.9846492 ], [ -44.1081397, -19.984618 ], [ -44.1080638, -19.9845639 ], [ -44.1080283, -19.9845348 ], [ -44.108, -19.9845034 ], [ -44.1079253, -19.9844003 ], [ -44.1078968, -19.984369 ], [ -44.1077867, -19.984284 ], [ -44.1077547, -19.9842516 ], [ -44.1077297, -19.9842109 ], [ -44.1077118, -19.984164 ], [ -44.1076992, -19.9841125 ], [ -44.1076905, -19.9840577 ], [ -44.1076785, -19.9838811 ], [ -44.1076782, -19.9836357 ], [ -44.1076884, -19.9834562 ], [ -44.1076959, -19.9833999 ], [ -44.1077071, -19.9833467 ], [ -44.1077261, -19.9832942 ], [ -44.1077562, -19.983243 ], [ -44.1077951, -19.9831976 ], [ -44.1078814, -19.9831129 ], [ -44.1079173, -19.9830701 ], [ -44.1079418, -19.9830293 ], [ -44.107958, -19.9829909 ], [ -44.107967, -19.9829582 ], [ -44.1079695, -19.9829344 ], [ -44.1079657, -19.9829222 ], [ -44.1079638, -19.9827045 ], [ -44.1079665, -19.982676 ], [ -44.1079771, -19.9826542 ], [ -44.1080012, -19.9826451 ], [ -44.108033, -19.9826426 ], [ -44.1082435, -19.9826444 ], [ -44.1087991, -19.9826444 ], [ -44.1087942, -19.9826264 ], [ -44.1088065, -19.9825977 ], [ -44.1088363, -19.9825618 ], [ -44.1089012, -19.9825115 ], [ -44.1090918, -19.9823987 ], [ -44.1091949, -19.9823312 ], [ -44.1092687, -19.9822711 ], [ -44.109472, -19.9820717 ], [ -44.1095309, -19.9820019 ], [ -44.1095751, -19.9819286 ], [ -44.1096861, -19.9816904 ], [ -44.1097306, -19.9816174 ], [ -44.1097879, -19.9815476 ], [ -44.1098483, -19.9814803 ], [ -44.1099368, -19.9813709 ], [ -44.1099831, -19.9813181 ], [ -44.110115, -19.9811931 ], [ -44.1102576, -19.9810374 ], [ -44.1103922, -19.9809147 ], [ -44.1105359, -19.9807601 ], [ -44.1106707, -19.9806376 ], [ -44.1108143, -19.9804829 ], [ -44.1109491, -19.9803604 ], [ -44.1110925, -19.9802054 ], [ -44.1112273, -19.9800829 ], [ -44.1113791, -19.9799169 ], [ -44.1115442, -19.9797505 ], [ -44.1117778, -19.9794658 ], [ -44.1118257, -19.9794008 ], [ -44.1118478, -19.9793584 ], [ -44.1118572, -19.9793271 ], [ -44.1118546, -19.9793111 ], [ -44.111909, -19.9793134 ], [ -44.1119651, -19.9793111 ], [ -44.1120338, -19.9793051 ], [ -44.1121098, -19.979294 ], [ -44.1121877, -19.9792765 ], [ -44.112262, -19.9792511 ], [ -44.1123296, -19.9792166 ], [ -44.1124929, -19.9791043 ], [ -44.1125437, -19.9790797 ], [ -44.1126002, -19.9790601 ], [ -44.1127792, -19.9790095 ], [ -44.1128347, -19.978989 ], [ -44.1128845, -19.9789637 ], [ -44.1129281, -19.9789316 ], [ -44.1130075, -19.9788608 ], [ -44.1130517, -19.9788292 ], [ -44.1131021, -19.9788044 ], [ -44.113158, -19.9787843 ], [ -44.1133354, -19.9787323 ], [ -44.1133903, -19.9787113 ], [ -44.1134392, -19.9786852 ], [ -44.1134811, -19.9786517 ], [ -44.1135903, -19.9785368 ], [ -44.1137009, -19.9784532 ], [ -44.1137358, -19.9784235 ], [ -44.1137711, -19.9783844 ], [ -44.1138346, -19.9782999 ], [ -44.1138694, -19.9782602 ], [ -44.1139036, -19.97823 ], [ -44.1139773, -19.9781742 ], [ -44.114012, -19.9781444 ], [ -44.114048, -19.9781041 ], [ -44.1141236, -19.9780003 ], [ -44.1141671, -19.9779458 ], [ -44.1142857, -19.9778179 ], [ -44.1143158, -19.9777768 ], [ -44.1143399, -19.9777302 ], [ -44.1143532, -19.9776893 ], [ -44.1143578, -19.9776592 ], [ -44.1143546, -19.9776444 ], [ -44.1145651, -19.9776463 ], [ -44.1145969, -19.9776437 ], [ -44.114621, -19.9776346 ], [ -44.1146316, -19.9776129 ], [ -44.1146343, -19.9775843 ], [ -44.1146324, -19.9773666 ], [ -44.1147368, -19.9773688 ], [ -44.1148042, -19.9773645 ], [ -44.1148348, -19.9773593 ], [ -44.1148603, -19.9773513 ], [ -44.1148786, -19.9773399 ], [ -44.1148889, -19.9773252 ], [ -44.1148999, -19.9772884 ], [ -44.1149109, -19.9771821 ], [ -44.11492, -19.9771436 ], [ -44.114928, -19.9771273 ], [ -44.1149394, -19.9771139 ], [ -44.1149554, -19.9771038 ], [ -44.1149751, -19.9770969 ], [ -44.1150216, -19.9770891 ], [ -44.1151007, -19.9770855 ], [ -44.1157435, -19.9770889 ], [ -44.1157783, -19.9770871 ], [ -44.1158125, -19.9770895 ], [ -44.1158525, -19.9770955 ], [ -44.1158941, -19.9771066 ], [ -44.1159329, -19.9771242 ], [ -44.1159653, -19.9771492 ], [ -44.1159907, -19.9771797 ], [ -44.11601, -19.9772126 ], [ -44.1160365, -19.9772742 ], [ -44.1160517, -19.977301 ], [ -44.1160716, -19.9773236 ], [ -44.1160974, -19.9773411 ], [ -44.1162195, -19.9773952 ], [ -44.1162443, -19.9774136 ], [ -44.1162632, -19.977437 ], [ -44.1162778, -19.9774642 ], [ -44.1163145, -19.9775518 ], [ -44.1163304, -19.9775779 ], [ -44.1163514, -19.9775996 ], [ -44.1163792, -19.9776155 ], [ -44.1164126, -19.9776265 ], [ -44.11645, -19.9776341 ], [ -44.116702, -19.9776562 ], [ -44.1167405, -19.9776629 ], [ -44.116775, -19.977673 ], [ -44.116804, -19.9776878 ], [ -44.1168259, -19.9777087 ], [ -44.1168422, -19.9777344 ], [ -44.1168695, -19.9777954 ], [ -44.1168886, -19.9778285 ], [ -44.1169136, -19.9778593 ], [ -44.1169454, -19.9778849 ], [ -44.1169835, -19.977903 ], [ -44.1170244, -19.9779147 ], [ -44.1170976, -19.977924 ], [ -44.1171324, -19.9779222 ], [ -44.1174102, -19.9779222 ], [ -44.1174102, -19.9765333 ], [ -44.1175569, -19.9765372 ], [ -44.1176164, -19.9765355 ], [ -44.1176475, -19.9765303 ], [ -44.1176604, -19.9765256 ], [ -44.1176708, -19.9765186 ], [ -44.117678, -19.9765094 ], [ -44.1176861, -19.9764854 ], [ -44.1176904, -19.9764273 ], [ -44.117688, -19.9759778 ], [ -44.1176702, -19.9759802 ], [ -44.1176398, -19.9759771 ], [ -44.1176026, -19.9759674 ], [ -44.1175653, -19.9759492 ], [ -44.1175358, -19.9759237 ], [ -44.1175143, -19.975891 ], [ -44.1175021, -19.9758536 ], [ -44.1175003, -19.9758143 ], [ -44.1175095, -19.9757764 ], [ -44.1175315, -19.9757397 ], [ -44.1175942, -19.9756757 ], [ -44.1176234, -19.9756416 ], [ -44.1176476, -19.9755966 ], [ -44.1176646, -19.9755451 ], [ -44.1176765, -19.975489 ], [ -44.1176847, -19.9754296 ], [ -44.1176959, -19.9752406 ], [ -44.1176968, -19.9751113 ], [ -44.1176935, -19.9749832 ], [ -44.1176837, -19.9748598 ], [ -44.1176749, -19.9748013 ], [ -44.1176623, -19.9747461 ], [ -44.1176444, -19.9746954 ], [ -44.1176196, -19.9746507 ], [ -44.11759, -19.9746161 ], [ -44.1175229, -19.9745539 ], [ -44.1174925, -19.9745201 ], [ -44.1174676, -19.9744795 ], [ -44.1174483, -19.974434 ], [ -44.1174331, -19.9743852 ], [ -44.1173817, -19.9741817 ], [ -44.1173635, -19.9741355 ], [ -44.1173393, -19.9740945 ], [ -44.1173088, -19.974061 ], [ -44.1171819, -19.9739603 ], [ -44.1170615, -19.9738442 ], [ -44.1170214, -19.9738109 ], [ -44.1169804, -19.9737848 ], [ -44.1169369, -19.9737662 ], [ -44.1168982, -19.9737561 ], [ -44.1168693, -19.9737529 ], [ -44.1168546, -19.9737555 ], [ -44.1168513, -19.9735887 ], [ -44.1168567, -19.9735436 ], [ -44.1168701, -19.9735124 ], [ -44.1168816, -19.9735008 ], [ -44.116913, -19.9734881 ], [ -44.1169526, -19.9734824 ], [ -44.1170378, -19.973476 ], [ -44.1170763, -19.9734694 ], [ -44.1171063, -19.9734554 ], [ -44.117117, -19.9734432 ], [ -44.1171243, -19.9734281 ], [ -44.1171325, -19.9733923 ], [ -44.1171362, -19.9733314 ], [ -44.1171324, -19.9729222 ], [ -44.1135213, -19.9715333 ], [ -44.113499, -19.9715383 ], [ -44.1134626, -19.9715299 ], [ -44.1134197, -19.9715056 ], [ -44.1133774, -19.9714612 ], [ -44.1133405, -19.9713984 ], [ -44.1133102, -19.9713208 ], [ -44.1132866, -19.9712329 ], [ -44.1132694, -19.9711395 ], [ -44.1132581, -19.9710453 ], [ -44.1132525, -19.9709554 ], [ -44.1132465, -19.970632 ], [ -44.1132357, -19.9704779 ], [ -44.1132259, -19.9704046 ], [ -44.1132116, -19.9703351 ], [ -44.1131914, -19.9702707 ], [ -44.1131634, -19.970213 ], [ -44.1131279, -19.970164 ], [ -44.1130524, -19.9700699 ], [ -44.1130229, -19.9700158 ], [ -44.1129992, -19.9699568 ], [ -44.1129387, -19.9697702 ], [ -44.1129148, -19.9697113 ], [ -44.1128849, -19.9696574 ], [ -44.1127704, -19.9695171 ], [ -44.1127402, -19.9694634 ], [ -44.1127161, -19.9694045 ], [ -44.1126564, -19.9692169 ], [ -44.1126332, -19.9691573 ], [ -44.1126041, -19.9691028 ], [ -44.1125677, -19.9690549 ], [ -44.1125284, -19.9690099 ], [ -44.1124932, -19.9689606 ], [ -44.1124707, -19.9688983 ], [ -44.1124616, -19.9688263 ], [ -44.1124651, -19.96875 ], [ -44.1124803, -19.968675 ], [ -44.112506, -19.9686064 ], [ -44.112541, -19.9685491 ], [ -44.1125832, -19.9685072 ], [ -44.1126278, -19.9684827 ], [ -44.1126657, -19.9684735 ], [ -44.112688, -19.9684777 ], [ -44.1126818, -19.9682373 ], [ -44.1126825, -19.9681435 ], [ -44.1126884, -19.9680707 ], [ -44.1127032, -19.9680093 ], [ -44.1127161, -19.9679833 ], [ -44.1127342, -19.9679618 ], [ -44.1127564, -19.9679469 ], [ -44.1127825, -19.9679352 ], [ -44.1128675, -19.967906 ], [ -44.1128932, -19.967894 ], [ -44.1129151, -19.9678788 ], [ -44.1129324, -19.9678589 ], [ -44.1129456, -19.9678355 ], [ -44.1129859, -19.9677311 ], [ -44.1129991, -19.9677077 ], [ -44.1130164, -19.9676878 ], [ -44.1130383, -19.9676726 ], [ -44.113064, -19.9676606 ], [ -44.113149, -19.9676314 ], [ -44.113175, -19.9676197 ], [ -44.1131972, -19.9676048 ], [ -44.1132154, -19.9675833 ], [ -44.1132283, -19.9675573 ], [ -44.1132371, -19.9675278 ], [ -44.1132468, -19.9674621 ], [ -44.1132496, -19.9673293 ], [ -44.1132435, -19.9670889 ], [ -44.1131914, -19.9670904 ], [ -44.1131219, -19.9670863 ], [ -44.1130849, -19.9670805 ], [ -44.1130502, -19.9670709 ], [ -44.1130207, -19.9670567 ], [ -44.112998, -19.9670366 ], [ -44.1129835, -19.9670128 ], [ -44.1129575, -19.9669107 ], [ -44.1129489, -19.9668872 ], [ -44.1129373, -19.9668663 ], [ -44.1129215, -19.966849 ], [ -44.1129012, -19.9668366 ], [ -44.1128772, -19.9668275 ], [ -44.1127963, -19.9668075 ], [ -44.1127469, -19.9667903 ], [ -44.1127274, -19.9667773 ], [ -44.1127124, -19.9667593 ], [ -44.1127019, -19.9667374 ], [ -44.1126898, -19.966686 ], [ -44.1126838, -19.9665986 ], [ -44.112688, -19.9659777 ], [ -44.112693, -19.9659613 ], [ -44.1126881, -19.9659316 ], [ -44.1126718, -19.9658932 ], [ -44.1126417, -19.9658517 ], [ -44.1125969, -19.9658131 ], [ -44.112539, -19.9657779 ], [ -44.1124722, -19.9657459 ], [ -44.1122683, -19.9656584 ], [ -44.1122166, -19.9656279 ], [ -44.1121762, -19.965593 ], [ -44.1121068, -19.9655136 ], [ -44.1120699, -19.9654757 ], [ -44.1119217, -19.9653647 ], [ -44.1118095, -19.9652525 ], [ -44.1117653, -19.9652209 ], [ -44.1117106, -19.9651964 ], [ -44.111648, -19.9651786 ], [ -44.1115802, -19.9651654 ], [ -44.1112949, -19.9651241 ], [ -44.1112295, -19.9651088 ], [ -44.1111707, -19.9650878 ], [ -44.1111214, -19.9650587 ], [ -44.1110847, -19.9650206 ], [ -44.1110569, -19.964975 ], [ -44.111035, -19.9649243 ], [ -44.110978, -19.9647648 ], [ -44.1109533, -19.9647165 ], [ -44.1109208, -19.9646749 ], [ -44.110879, -19.9646428 ], [ -44.1108291, -19.9646175 ], [ -44.110648, -19.9645551 ], [ -44.1105797, -19.9645274 ], [ -44.1105144, -19.9644934 ], [ -44.1104545, -19.9644525 ], [ -44.1103491, -19.9643711 ], [ -44.1103003, -19.9643403 ], [ -44.1102607, -19.9643226 ], [ -44.1102265, -19.9643123 ], [ -44.1102013, -19.9643086 ], [ -44.110188, -19.9643111 ], [ -44.1101908, -19.9643212 ], [ -44.1101901, -19.9643424 ], [ -44.110176, -19.9644074 ], [ -44.1101606, -19.9644454 ], [ -44.1101382, -19.9644829 ], [ -44.1101073, -19.9645183 ], [ -44.109997, -19.9646089 ], [ -44.1099683, -19.9646382 ], [ -44.1099476, -19.964673 ], [ -44.1099339, -19.9647133 ], [ -44.1099249, -19.9647577 ], [ -44.1099158, -19.9648541 ], [ -44.1099088, -19.9651085 ], [ -44.1099014, -19.9652063 ], [ -44.1098838, -19.9652954 ], [ -44.1098685, -19.9653344 ], [ -44.1098468, -19.9653679 ], [ -44.1098203, -19.9653928 ], [ -44.1097269, -19.9654556 ], [ -44.1097001, -19.9654802 ], [ -44.1096783, -19.965512 ], [ -44.1096624, -19.9655489 ], [ -44.1096508, -19.9655895 ], [ -44.1096158, -19.965812 ], [ -44.1096058, -19.965854 ], [ -44.1095917, -19.9658924 ], [ -44.1095713, -19.9659258 ], [ -44.1095426, -19.9659551 ], [ -44.1094334, -19.9660466 ], [ -44.1094029, -19.9660824 ], [ -44.1093809, -19.9661204 ], [ -44.109366, -19.9661588 ], [ -44.1093525, -19.9662243 ], [ -44.1093519, -19.9662455 ], [ -44.1093546, -19.9662555 ], [ -44.1091292, -19.9662603 ], [ -44.109002, -19.9662602 ], [ -44.1089375, -19.9662559 ], [ -44.1088807, -19.9662451 ], [ -44.1088569, -19.9662357 ], [ -44.1088378, -19.9662223 ], [ -44.1088249, -19.9662056 ], [ -44.1088093, -19.9661634 ], [ -44.1087957, -19.9660918 ], [ -44.1087833, -19.9660468 ], [ -44.1087735, -19.9660274 ], [ -44.1087598, -19.9660113 ], [ -44.1087398, -19.9659988 ], [ -44.1087152, -19.9659901 ], [ -44.108657, -19.9659805 ], [ -44.1085917, -19.9659769 ], [ -44.1083876, -19.9659733 ], [ -44.1083265, -19.9659661 ], [ -44.1083002, -19.9659589 ], [ -44.1082782, -19.9659463 ], [ -44.1082628, -19.9659262 ], [ -44.108252, -19.9658995 ], [ -44.1082452, -19.9658685 ], [ -44.1082399, -19.9658015 ], [ -44.1082435, -19.9657 ], [ -44.1082377, -19.9656832 ], [ -44.1082428, -19.9656543 ], [ -44.10826, -19.9656174 ], [ -44.1082914, -19.9655778 ], [ -44.1083375, -19.9655408 ], [ -44.1083967, -19.9655072 ], [ -44.108465, -19.9654764 ], [ -44.1086753, -19.9653909 ], [ -44.1087301, -19.9653604 ], [ -44.1087724, -19.9653259 ], [ -44.1088804, -19.9652077 ], [ -44.1089834, -19.9651146 ], [ -44.1090126, -19.9650791 ], [ -44.1090403, -19.9650273 ], [ -44.1090598, -19.9649684 ], [ -44.1090733, -19.9649045 ], [ -44.1090825, -19.964837 ], [ -44.109092, -19.9646955 ], [ -44.1090932, -19.9645507 ], [ -44.1090864, -19.9644082 ], [ -44.1090788, -19.9643398 ], [ -44.1090673, -19.9642746 ], [ -44.1090502, -19.964214 ], [ -44.1090257, -19.9641598 ], [ -44.1089909, -19.9641144 ], [ -44.1089482, -19.9640821 ], [ -44.1088974, -19.9640568 ], [ -44.1086688, -19.9639781 ], [ -44.1086184, -19.9639528 ], [ -44.1085747, -19.9639204 ], [ -44.1084605, -19.9638082 ], [ -44.1082727, -19.9636727 ], [ -44.1081226, -19.9635385 ], [ -44.108076, -19.9635067 ], [ -44.1080378, -19.9634885 ], [ -44.1080044, -19.9634782 ], [ -44.1079794, -19.9634747 ], [ -44.1079657, -19.9634777 ], [ -44.1079681, -19.9630282 ], [ -44.1079639, -19.9629701 ], [ -44.1079558, -19.9629461 ], [ -44.1079486, -19.9629369 ], [ -44.1079382, -19.9629299 ], [ -44.1079252, -19.9629252 ], [ -44.1078942, -19.96292 ], [ -44.1078346, -19.9629183 ], [ -44.1076879, -19.9629222 ], [ -44.1076897, -19.9630011 ], [ -44.1076836, -19.9630715 ], [ -44.1076761, -19.963106 ], [ -44.1076643, -19.9631366 ], [ -44.1076473, -19.9631608 ], [ -44.1076258, -19.9631762 ], [ -44.1076012, -19.9631851 ], [ -44.1074944, -19.9632126 ], [ -44.1074714, -19.9632227 ], [ -44.1074524, -19.9632361 ], [ -44.1074378, -19.9632545 ], [ -44.1074272, -19.9632763 ], [ -44.107392, -19.9634004 ], [ -44.1073809, -19.9634218 ], [ -44.1073656, -19.9634396 ], [ -44.107346, -19.9634525 ], [ -44.1073225, -19.9634621 ], [ -44.1072162, -19.96349 ], [ -44.1071924, -19.9634994 ], [ -44.1071724, -19.963512 ], [ -44.1071568, -19.9635295 ], [ -44.1071458, -19.963551 ], [ -44.107133, -19.9636017 ], [ -44.1071266, -19.9636888 ], [ -44.1071324, -19.9640333 ], [ -44.1071147, -19.9640368 ], [ -44.1070855, -19.9640284 ], [ -44.1070482, -19.9640083 ], [ -44.1069989, -19.9639697 ], [ -44.1068817, -19.9638612 ], [ -44.1065523, -19.9635989 ], [ -44.1064841, -19.9635572 ], [ -44.106403, -19.9635275 ], [ -44.1063108, -19.9635073 ], [ -44.1062106, -19.963494 ], [ -44.1061048, -19.9634855 ], [ -44.1059952, -19.9634803 ], [ -44.1056532, -19.9634757 ], [ -44.1048359, -19.9634819 ], [ -44.1044916, -19.9634793 ], [ -44.1042717, -19.9634694 ], [ -44.1041674, -19.9634597 ], [ -44.1040688, -19.9634449 ], [ -44.1039783, -19.9634234 ], [ -44.1038986, -19.9633925 ], [ -44.1038357, -19.9633537 ], [ -44.1037246, -19.9632637 ], [ -44.103575, -19.9631539 ], [ -44.1034684, -19.96306 ], [ -44.1034037, -19.9630173 ], [ -44.1033113, -19.9629823 ], [ -44.1031979, -19.9629567 ], [ -44.1030709, -19.962939 ], [ -44.1029377, -19.9629276 ], [ -44.1028056, -19.9629214 ], [ -44.1026817, -19.9629188 ], [ -44.1024102, -19.9629222 ], [ -44.1024102, -19.9626444 ], [ -44.1024102, -19.9615333 ], [ -44.1024102, -19.9609777 ], [ -44.1022159, -19.9609806 ], [ -44.102171, -19.9609744 ], [ -44.1021493, -19.9609632 ], [ -44.1021381, -19.9609436 ], [ -44.1021334, -19.9609184 ], [ -44.1021329, -19.9607873 ], [ -44.1021296, -19.9607462 ], [ -44.1021222, -19.9607233 ], [ -44.1021058, -19.9607079 ], [ -44.1020799, -19.9607003 ], [ -44.1020322, -19.9606965 ], [ -44.1018546, -19.9607 ], [ -44.101858, -19.9605838 ], [ -44.101857, -19.960457 ], [ -44.1018504, -19.9603001 ], [ -44.1018351, -19.9601252 ], [ -44.101808, -19.9599442 ], [ -44.1017657, -19.9597694 ], [ -44.1017233, -19.9596486 ], [ -44.1016273, -19.959414 ], [ -44.1015807, -19.9593073 ], [ -44.1015324, -19.9592097 ], [ -44.1014771, -19.959118 ], [ -44.1014223, -19.9590459 ], [ -44.1012301, -19.9588134 ], [ -44.1011028, -19.958684 ], [ -44.1009584, -19.9585292 ], [ -44.1008259, -19.958404 ], [ -44.1006761, -19.9582533 ], [ -44.1003762, -19.9579912 ], [ -44.1003, -19.9579364 ], [ -44.1001269, -19.9578242 ], [ -44.100026, -19.9577703 ], [ -44.0999034, -19.9577249 ], [ -44.0997687, -19.9576898 ], [ -44.0993414, -19.9576067 ], [ -44.0992075, -19.9575736 ], [ -44.0990875, -19.9575307 ], [ -44.0989889, -19.9574725 ], [ -44.0989223, -19.9574007 ], [ -44.0988783, -19.9573155 ], [ -44.0988541, -19.9572218 ], [ -44.0988483, -19.9571242 ], [ -44.0988609, -19.9570274 ], [ -44.098897, -19.9569339 ], [ -44.0989554, -19.9568547 ], [ -44.0990331, -19.9567757 ], [ -44.0991401, -19.9566837 ], [ -44.0992638, -19.9565985 ], [ -44.0994059, -19.9565243 ], [ -44.0998005, -19.9563596 ], [ -44.0998796, -19.9563159 ], [ -44.0999163, -19.9562795 ], [ -44.0999102, -19.9562555 ], [ -44.1001879, -19.9562555 ], [ -44.100288, -19.9562576 ], [ -44.1003521, -19.9562553 ], [ -44.1004237, -19.9562494 ], [ -44.1004978, -19.9562388 ], [ -44.1005694, -19.9562221 ], [ -44.1006335, -19.9561979 ], [ -44.1006829, -19.9561678 ], [ -44.1007224, -19.9561333 ], [ -44.1008081, -19.9560331 ], [ -44.1008438, -19.9560042 ], [ -44.1009206, -19.955951 ], [ -44.1009553, -19.9559212 ], [ -44.1009828, -19.9558892 ], [ -44.1010548, -19.9557843 ], [ -44.1010827, -19.9557526 ], [ -44.1011179, -19.9557232 ], [ -44.1011948, -19.9556702 ], [ -44.1012307, -19.9556414 ], [ -44.1013425, -19.955515 ], [ -44.1013767, -19.9554887 ], [ -44.1014256, -19.9554657 ], [ -44.1014825, -19.9554496 ], [ -44.1015452, -19.9554383 ], [ -44.1016117, -19.9554304 ], [ -44.1018189, -19.9554132 ], [ -44.1018856, -19.9554054 ], [ -44.1019482, -19.9553942 ], [ -44.1020045, -19.9553775 ], [ -44.1020513, -19.9553527 ], [ -44.1020847, -19.9553196 ], [ -44.1021089, -19.9552786 ], [ -44.102191, -19.955048 ], [ -44.1022182, -19.9549901 ], [ -44.1022503, -19.9549404 ], [ -44.1022875, -19.9549025 ], [ -44.1023265, -19.9548786 ], [ -44.1023634, -19.9548657 ], [ -44.1023928, -19.954862 ], [ -44.1024102, -19.9548666 ], [ -44.1024141, -19.9548496 ], [ -44.1024052, -19.9548184 ], [ -44.1023827, -19.954777 ], [ -44.1023326, -19.9547149 ], [ -44.1022046, -19.9545836 ], [ -44.1021392, -19.9545205 ], [ -44.1020668, -19.9544597 ], [ -44.1019628, -19.9543909 ], [ -44.1017525, -19.9542811 ], [ -44.1016672, -19.9542326 ], [ -44.1016096, -19.9541892 ], [ -44.1013624, -19.9539767 ], [ -44.1013142, -19.953925 ], [ -44.1012234, -19.9538169 ], [ -44.1011625, -19.9537495 ], [ -44.1011053, -19.9536788 ], [ -44.1010614, -19.9536047 ], [ -44.1010244, -19.9535246 ], [ -44.1009563, -19.9533595 ], [ -44.1009184, -19.9532804 ], [ -44.1008289, -19.953119 ], [ -44.1007985, -19.9530349 ], [ -44.1007776, -19.9529437 ], [ -44.1007641, -19.9528475 ], [ -44.1007568, -19.9527482 ], [ -44.1007549, -19.9526472 ], [ -44.100758, -19.9525461 ], [ -44.1007662, -19.9524464 ], [ -44.1007801, -19.9523497 ], [ -44.1008005, -19.9522578 ], [ -44.1008291, -19.9521732 ], [ -44.1009068, -19.9520116 ], [ -44.1009322, -19.9519326 ], [ -44.1009461, -19.95185 ], [ -44.1009484, -19.9517669 ], [ -44.1009371, -19.9516842 ], [ -44.1009046, -19.951598 ], [ -44.1008472, -19.9515069 ], [ -44.1006694, -19.951269 ], [ -44.100498, -19.9510651 ], [ -44.1004731, -19.9510242 ], [ -44.1004622, -19.9509939 ], [ -44.1004657, -19.9509777 ], [ -44.0999102, -19.9509777 ], [ -44.0998535, -19.9509799 ], [ -44.0997943, -19.950978 ], [ -44.0997221, -19.9509725 ], [ -44.0996428, -19.950962 ], [ -44.0995624, -19.9509448 ], [ -44.0994871, -19.9509195 ], [ -44.0994205, -19.9508845 ], [ -44.0992687, -19.9507736 ], [ -44.0992172, -19.9507496 ], [ -44.0991596, -19.950731 ], [ -44.0989772, -19.9506833 ], [ -44.0989215, -19.9506631 ], [ -44.0988726, -19.9506369 ], [ -44.0988316, -19.9506026 ], [ -44.0987272, -19.9504837 ], [ -44.098624, -19.9503937 ], [ -44.0985946, -19.9503594 ], [ -44.0985687, -19.950312 ], [ -44.0985506, -19.9502581 ], [ -44.098538, -19.9501995 ], [ -44.0985292, -19.9501375 ], [ -44.0985069, -19.9498789 ], [ -44.0984988, -19.9498164 ], [ -44.098487, -19.9497571 ], [ -44.0984698, -19.9497024 ], [ -44.0984449, -19.9496542 ], [ -44.0984162, -19.9496193 ], [ -44.0983147, -19.9495278 ], [ -44.0982805, -19.9494876 ], [ -44.0982093, -19.9493888 ], [ -44.0981655, -19.9493358 ], [ -44.0980401, -19.949211 ], [ -44.0980076, -19.94917 ], [ -44.0979816, -19.9491225 ], [ -44.0979671, -19.9490804 ], [ -44.0979621, -19.9490491 ], [ -44.0979657, -19.9490333 ], [ -44.0974101, -19.9490333 ], [ -44.0974146, -19.9480312 ], [ -44.0974124, -19.9479029 ], [ -44.0974061, -19.9478215 ], [ -44.0973908, -19.9477477 ], [ -44.0973774, -19.9477158 ], [ -44.0973581, -19.947689 ], [ -44.0973342, -19.9476698 ], [ -44.0973059, -19.9476543 ], [ -44.0972152, -19.9476131 ], [ -44.0971899, -19.9475951 ], [ -44.0971691, -19.9475702 ], [ -44.0971541, -19.9475403 ], [ -44.0971435, -19.9475065 ], [ -44.0971315, -19.9474154 ], [ -44.0971281, -19.9473052 ], [ -44.0971324, -19.9470888 ], [ -44.0968222, -19.9470835 ], [ -44.096637, -19.9470831 ], [ -44.0964981, -19.9470914 ], [ -44.0964179, -19.9471067 ], [ -44.0963838, -19.9471195 ], [ -44.0963554, -19.9471372 ], [ -44.0963348, -19.9471592 ], [ -44.0963186, -19.9471849 ], [ -44.0962774, -19.9472687 ], [ -44.0962604, -19.9472938 ], [ -44.0962388, -19.947315 ], [ -44.0962084, -19.9473322 ], [ -44.0961722, -19.9473444 ], [ -44.0961318, -19.9473531 ], [ -44.0959536, -19.9473735 ], [ -44.0958692, -19.9473878 ], [ -44.0958324, -19.9473996 ], [ -44.0958015, -19.9474163 ], [ -44.0957795, -19.9474371 ], [ -44.0957622, -19.947462 ], [ -44.0957213, -19.947546 ], [ -44.0957056, -19.9475723 ], [ -44.0956856, -19.9475948 ], [ -44.0956567, -19.9476136 ], [ -44.0956156, -19.9476273 ], [ -44.0955634, -19.9476368 ], [ -44.0955039, -19.9476428 ], [ -44.0953776, -19.9476475 ], [ -44.0951879, -19.9476444 ], [ -44.0951906, -19.9478511 ], [ -44.0951799, -19.9479868 ], [ -44.095168, -19.9480498 ], [ -44.0951501, -19.9481041 ], [ -44.0951251, -19.9481457 ], [ -44.0950979, -19.9481704 ], [ -44.0950035, -19.9482323 ], [ -44.0949754, -19.9482559 ], [ -44.0949483, -19.9482882 ], [ -44.0948798, -19.9483961 ], [ -44.094852, -19.9484279 ], [ -44.0948232, -19.9484509 ], [ -44.0947268, -19.948511 ], [ -44.0946979, -19.9485339 ], [ -44.0946696, -19.9485652 ], [ -44.0945948, -19.9486677 ], [ -44.0945629, -19.948696 ], [ -44.094525, -19.9487164 ], [ -44.094481, -19.9487316 ], [ -44.0944329, -19.9487432 ], [ -44.0942797, -19.9487706 ], [ -44.0942308, -19.9487816 ], [ -44.0941857, -19.9487959 ], [ -44.0941467, -19.9488154 ], [ -44.0941139, -19.9488429 ], [ -44.0940871, -19.9488755 ], [ -44.0940391, -19.9489454 ], [ -44.0940094, -19.9489804 ], [ -44.0939034, -19.9490724 ], [ -44.0938694, -19.9491062 ], [ -44.0938413, -19.9491428 ], [ -44.0938183, -19.9491883 ], [ -44.0938045, -19.9492327 ], [ -44.0937979, -19.9492711 ], [ -44.0937966, -19.9492987 ], [ -44.093799, -19.9493111 ], [ -44.0935213, -19.9493111 ], [ -44.0935291, -19.9493343 ], [ -44.0935162, -19.9493694 ], [ -44.0934803, -19.9494098 ], [ -44.0934166, -19.9494491 ], [ -44.0933282, -19.9494833 ], [ -44.093221, -19.949512 ], [ -44.0931016, -19.9495357 ], [ -44.0927459, -19.9495887 ], [ -44.0926516, -19.9496054 ], [ -44.0925674, -19.9496284 ], [ -44.0924944, -19.949661 ], [ -44.0924358, -19.9497034 ], [ -44.0923848, -19.9497523 ], [ -44.0922519, -19.9498897 ], [ -44.0922162, -19.9499385 ], [ -44.0921852, -19.9500045 ], [ -44.0921638, -19.9500787 ], [ -44.0921494, -19.950159 ], [ -44.092134, -19.950331 ], [ -44.0921231, -19.950692 ], [ -44.0921137, -19.9508691 ], [ -44.0921048, -19.9509541 ], [ -44.0920916, -19.9510354 ], [ -44.0920722, -19.9511114 ], [ -44.0920447, -19.9511804 ], [ -44.0920136, -19.9512331 ], [ -44.0919461, -19.9513339 ], [ -44.0919134, -19.9513985 ], [ -44.0918354, -19.9516094 ], [ -44.0918066, -19.9516773 ], [ -44.0917709, -19.9517394 ], [ -44.0917324, -19.9517872 ], [ -44.0916353, -19.951893 ], [ -44.0876879, -19.9501444 ], [ -44.0874101, -19.9501444 ], [ -44.0874081, -19.9500567 ], [ -44.0874144, -19.9499338 ], [ -44.0874227, -19.9498644 ], [ -44.0874358, -19.9497948 ], [ -44.087455, -19.9497291 ], [ -44.0874814, -19.9496711 ], [ -44.0875137, -19.9496254 ], [ -44.0875823, -19.9495578 ], [ -44.0876116, -19.9495234 ], [ -44.0876351, -19.9494818 ], [ -44.0876529, -19.9494353 ], [ -44.087667, -19.9493857 ], [ -44.0877038, -19.9492321 ], [ -44.0877192, -19.9491836 ], [ -44.0877388, -19.9491386 ], [ -44.0877645, -19.9490989 ], [ -44.0877959, -19.9490663 ], [ -44.0879022, -19.9489789 ], [ -44.0879301, -19.9489473 ], [ -44.0880047, -19.9488445 ], [ -44.0880325, -19.9488128 ], [ -44.088138, -19.9487246 ], [ -44.0881688, -19.9486915 ], [ -44.0881942, -19.9486492 ], [ -44.0882125, -19.9486008 ], [ -44.0882256, -19.9485479 ], [ -44.0882349, -19.9484917 ], [ -44.0882598, -19.9481926 ], [ -44.088267, -19.9481346 ], [ -44.0882787, -19.9480776 ], [ -44.0882991, -19.9480191 ], [ -44.0883294, -19.9479628 ], [ -44.0883659, -19.9479151 ], [ -44.0884445, -19.9478277 ], [ -44.0884769, -19.9477849 ], [ -44.0884991, -19.9477454 ], [ -44.0885139, -19.9477088 ], [ -44.0885221, -19.947678 ], [ -44.0885245, -19.9476558 ], [ -44.0885212, -19.9476444 ], [ -44.0884204, -19.9476472 ], [ -44.0883534, -19.9476436 ], [ -44.0883222, -19.9476387 ], [ -44.0882952, -19.947631 ], [ -44.0882745, -19.9476198 ], [ -44.0882612, -19.947604 ], [ -44.0882489, -19.9475639 ], [ -44.0882443, -19.9475174 ], [ -44.0882451, -19.947239 ], [ -44.0882415, -19.9471915 ], [ -44.0882321, -19.9471491 ], [ -44.0882236, -19.9471311 ], [ -44.0882114, -19.9471163 ], [ -44.0881956, -19.947106 ], [ -44.088155, -19.9470932 ], [ -44.0880378, -19.9470746 ], [ -44.0880175, -19.9470682 ], [ -44.0880003, -19.9470591 ], [ -44.0879866, -19.9470454 ], [ -44.0879766, -19.947025 ], [ -44.0879656, -19.9469692 ], [ -44.0879628, -19.946906 ], [ -44.0879657, -19.9468111 ], [ -44.0879518, -19.9468143 ], [ -44.087928, -19.94681 ], [ -44.0878965, -19.9467984 ], [ -44.0878602, -19.9467791 ], [ -44.0878149, -19.9467467 ], [ -44.0877137, -19.9466639 ], [ -44.0876534, -19.9466236 ], [ -44.0875765, -19.9465881 ], [ -44.0874921, -19.9465628 ], [ -44.0874061, -19.9465472 ], [ -44.0873232, -19.9465397 ], [ -44.0872388, -19.9465356 ], [ -44.0870644, -19.946532 ], [ -44.0859863, -19.9465377 ], [ -44.0857215, -19.9465351 ], [ -44.0855522, -19.9465271 ], [ -44.085472, -19.9465194 ], [ -44.0853963, -19.9465078 ], [ -44.0853268, -19.9464908 ], [ -44.085266, -19.9464664 ], [ -44.0852196, -19.9464367 ], [ -44.0851381, -19.9463676 ], [ -44.0850946, -19.9463354 ], [ -44.0850456, -19.9463095 ], [ -44.0849911, -19.9462881 ], [ -44.0848025, -19.9462269 ], [ -44.0847339, -19.946198 ], [ -44.0846693, -19.946163 ], [ -44.0846107, -19.9461214 ], [ -44.0845091, -19.9460389 ], [ -44.0844625, -19.9460076 ], [ -44.0844249, -19.9459893 ], [ -44.0843924, -19.9459786 ], [ -44.0843682, -19.9459748 ], [ -44.0843546, -19.9459777 ], [ -44.0843332, -19.9459818 ], [ -44.084298, -19.945972 ], [ -44.0842556, -19.9459469 ], [ -44.0842183, -19.9459108 ], [ -44.0841826, -19.9458629 ], [ -44.0841485, -19.9458063 ], [ -44.0840465, -19.9456192 ], [ -44.0840084, -19.9455642 ], [ -44.083966, -19.9455196 ], [ -44.083912, -19.945484 ], [ -44.0838516, -19.9454565 ], [ -44.0837259, -19.9454055 ], [ -44.083669, -19.9453749 ], [ -44.0836215, -19.9453362 ], [ -44.0835868, -19.9452866 ], [ -44.0835626, -19.945228 ], [ -44.083546, -19.9451629 ], [ -44.0835347, -19.9450932 ], [ -44.0835271, -19.9450203 ], [ -44.0835025, -19.9446446 ], [ -44.0834935, -19.9445729 ], [ -44.0834805, -19.9445047 ], [ -44.0834621, -19.9444411 ], [ -44.0834362, -19.9443839 ], [ -44.0833299, -19.944237 ], [ -44.0833017, -19.9441778 ], [ -44.0832811, -19.9441121 ], [ -44.083266, -19.9440418 ], [ -44.0832244, -19.943744 ], [ -44.0832103, -19.9436728 ], [ -44.0831906, -19.9436063 ], [ -44.083157, -19.9435436 ], [ -44.0831079, -19.9434881 ], [ -44.0828867, -19.9432917 ], [ -44.0828394, -19.9432538 ], [ -44.0827934, -19.9432252 ], [ -44.0827448, -19.9432054 ], [ -44.0827072, -19.9431977 ], [ -44.0826879, -19.9431999 ], [ -44.0824858, -19.9432023 ], [ -44.0823525, -19.9431935 ], [ -44.0822902, -19.9431837 ], [ -44.0822362, -19.943169 ], [ -44.0821946, -19.9431485 ], [ -44.0821683, -19.9431229 ], [ -44.0820949, -19.9430006 ], [ -44.0820716, -19.9429742 ], [ -44.0820422, -19.9429518 ], [ -44.0819421, -19.9428947 ], [ -44.0819133, -19.9428719 ], [ -44.0818906, -19.942845 ], [ -44.0818193, -19.9427209 ], [ -44.0817965, -19.9426941 ], [ -44.0817675, -19.9426713 ], [ -44.0816679, -19.9426139 ], [ -44.0816386, -19.9425914 ], [ -44.0816155, -19.9425649 ], [ -44.0815607, -19.942473 ], [ -44.0815404, -19.9424441 ], [ -44.0815152, -19.9424194 ], [ -44.0814822, -19.9424001 ], [ -44.0814431, -19.9423859 ], [ -44.0813996, -19.9423756 ], [ -44.0812543, -19.9423545 ], [ -44.0812019, -19.9423422 ], [ -44.0811513, -19.9423241 ], [ -44.0811062, -19.9422994 ], [ -44.08107, -19.9422678 ], [ -44.0810454, -19.942231 ], [ -44.0810299, -19.9421918 ], [ -44.0810214, -19.9421543 ], [ -44.0810182, -19.9421221 ], [ -44.0810212, -19.9420888 ], [ -44.0799101, -19.9420888 ], [ -44.0799121, -19.9421192 ], [ -44.079901, -19.9421851 ], [ -44.0798877, -19.942224 ], [ -44.0798675, -19.9422626 ], [ -44.0798387, -19.9422995 ], [ -44.0798039, -19.9423329 ], [ -44.0796983, -19.9424214 ], [ -44.0796747, -19.9424492 ], [ -44.0796164, -19.9425381 ], [ -44.079594, -19.9425652 ], [ -44.0795667, -19.9425882 ], [ -44.0795281, -19.9426079 ], [ -44.0794831, -19.9426223 ], [ -44.0792803, -19.9426601 ], [ -44.0792321, -19.9426717 ], [ -44.0791882, -19.942687 ], [ -44.0791506, -19.9427076 ], [ -44.079124, -19.9427311 ], [ -44.0790386, -19.9428431 ], [ -44.0790118, -19.9428665 ], [ -44.0789728, -19.9428871 ], [ -44.0789267, -19.9429017 ], [ -44.0788754, -19.9429119 ], [ -44.0788203, -19.9429187 ], [ -44.0787025, -19.942926 ], [ -44.0784528, -19.9429285 ], [ -44.0776879, -19.9429222 ], [ -44.0774101, -19.9429222 ], [ -44.0774078, -19.9429459 ], [ -44.0773855, -19.9429986 ], [ -44.077304, -19.9431365 ], [ -44.0772461, -19.9432443 ], [ -44.0771207, -19.9434942 ], [ -44.0770482, -19.9436165 ], [ -44.0769791, -19.9437102 ], [ -44.0768399, -19.9438818 ], [ -44.0767713, -19.9439619 ], [ -44.0766452, -19.9440919 ], [ -44.0764546, -19.9443253 ], [ -44.0763999, -19.9443976 ], [ -44.0763463, -19.9444904 ], [ -44.0762084, -19.944789 ], [ -44.0761204, -19.9449516 ], [ -44.0760794, -19.9450553 ], [ -44.0760464, -19.9451659 ], [ -44.0759892, -19.9453947 ], [ -44.0759577, -19.9455066 ], [ -44.0759195, -19.9456128 ], [ -44.0758405, -19.9457831 ], [ -44.0758021, -19.9458891 ], [ -44.0757706, -19.946001 ], [ -44.0757138, -19.9462301 ], [ -44.0756814, -19.9463412 ], [ -44.0756411, -19.9464456 ], [ -44.0755546, -19.9466095 ], [ -44.075509, -19.9467093 ], [ -44.0754255, -19.9469155 ], [ -44.0753748, -19.9470201 ], [ -44.0752595, -19.9472172 ], [ -44.0751946, -19.9473459 ], [ -44.0750758, -19.9476016 ], [ -44.0750185, -19.9477098 ], [ -44.0749358, -19.9478466 ], [ -44.0749125, -19.9478985 ], [ -44.0749101, -19.9479222 ], [ -44.0748854, -19.9479211 ], [ -44.0748419, -19.9479435 ], [ -44.0747992, -19.9479765 ], [ -44.0746918, -19.948071 ], [ -44.0746045, -19.9481402 ], [ -44.0744296, -19.9482702 ], [ -44.0743494, -19.9483259 ], [ -44.0742649, -19.9483747 ], [ -44.0741484, -19.9484211 ], [ -44.0740297, -19.9484487 ], [ -44.0739116, -19.9484623 ], [ -44.0737889, -19.948469 ], [ -44.0736642, -19.94847 ], [ -44.0735396, -19.948466 ], [ -44.0734169, -19.9484567 ], [ -44.0732982, -19.9484419 ], [ -44.0731855, -19.9484203 ], [ -44.0730812, -19.9483907 ], [ -44.0728583, -19.948302 ], [ -44.0727446, -19.9482714 ], [ -44.0726205, -19.9482496 ], [ -44.0724888, -19.9482345 ], [ -44.0723515, -19.9482242 ], [ -44.0722104, -19.9482173 ], [ -44.0716314, -19.9482031 ], [ -44.071348, -19.9481913 ], [ -44.0712125, -19.9481802 ], [ -44.0710837, -19.9481634 ], [ -44.0709647, -19.9481382 ], [ -44.0708593, -19.9481014 ], [ -44.0707927, -19.9480658 ], [ -44.0707322, -19.948025 ], [ -44.0705979, -19.9479282 ], [ -44.0705252, -19.9478715 ], [ -44.070372, -19.9477226 ], [ -44.0702867, -19.9476584 ], [ -44.070105, -19.9475417 ], [ -44.0700182, -19.9474928 ], [ -44.0699252, -19.9474507 ], [ -44.0697976, -19.9474104 ], [ -44.0696693, -19.9473842 ], [ -44.0695509, -19.9473692 ], [ -44.0694525, -19.9473627 ], [ -44.0693839, -19.9473624 ], [ -44.0693545, -19.9473666 ], [ -44.0693594, -19.9475567 ], [ -44.0693591, -19.9477 ], [ -44.0693528, -19.9477725 ], [ -44.0693375, -19.9478335 ], [ -44.0693244, -19.9478593 ], [ -44.0693059, -19.9478805 ], [ -44.0692835, -19.9478953 ], [ -44.0692572, -19.9479068 ], [ -44.0691721, -19.9479358 ], [ -44.0691467, -19.9479481 ], [ -44.0691254, -19.9479638 ], [ -44.0691083, -19.9479862 ], [ -44.0690965, -19.9480132 ], [ -44.0690834, -19.948076 ], [ -44.0690705, -19.9483242 ], [ -44.0690588, -19.9483883 ], [ -44.0690479, -19.9484159 ], [ -44.0690317, -19.9484391 ], [ -44.069011, -19.9484554 ], [ -44.068986, -19.9484679 ], [ -44.0688994, -19.9484976 ], [ -44.0688708, -19.9485137 ], [ -44.068846, -19.9485361 ], [ -44.0688268, -19.9485658 ], [ -44.0688134, -19.9486001 ], [ -44.0688048, -19.9486364 ], [ -44.0687976, -19.9487042 ], [ -44.068799, -19.9487555 ], [ -44.068802, -19.9487743 ], [ -44.068801, -19.9488191 ], [ -44.0687951, -19.9488842 ], [ -44.0687825, -19.9489635 ], [ -44.0687614, -19.9490509 ], [ -44.06873, -19.94914 ], [ -44.0686942, -19.9492137 ], [ -44.0686147, -19.9493553 ], [ -44.0685761, -19.9494378 ], [ -44.0684951, -19.949659 ], [ -44.0684667, -19.9497273 ], [ -44.0684325, -19.9497906 ], [ -44.0683261, -19.9499375 ], [ -44.0682926, -19.9500014 ], [ -44.0681874, -19.9502816 ], [ -44.0681549, -19.9503463 ], [ -44.0680875, -19.9504472 ], [ -44.0680561, -19.9504997 ], [ -44.0680277, -19.9505679 ], [ -44.068007, -19.9506427 ], [ -44.0679919, -19.9507224 ], [ -44.0679808, -19.9508055 ], [ -44.0679496, -19.9511491 ], [ -44.0679391, -19.9512327 ], [ -44.0679247, -19.951313 ], [ -44.0679048, -19.9513885 ], [ -44.067877, -19.9514573 ], [ -44.067846, -19.9515101 ], [ -44.0677785, -19.9516109 ], [ -44.0677456, -19.9516754 ], [ -44.0676649, -19.9518883 ], [ -44.0676258, -19.9519647 ], [ -44.0675735, -19.9520387 ], [ -44.0675184, -19.9520968 ], [ -44.067335, -19.9522595 ], [ -44.067276, -19.9523084 ], [ -44.0672217, -19.952344 ], [ -44.0671805, -19.9523618 ], [ -44.0671491, -19.952369 ], [ -44.0671323, -19.9523666 ], [ -44.0671293, -19.9524617 ], [ -44.0671319, -19.9525251 ], [ -44.0671427, -19.9525811 ], [ -44.0671525, -19.9526015 ], [ -44.0671661, -19.9526154 ], [ -44.0671831, -19.9526247 ], [ -44.0672255, -19.9526359 ], [ -44.0673194, -19.9526508 ], [ -44.0673594, -19.952664 ], [ -44.0673749, -19.9526745 ], [ -44.067387, -19.9526895 ], [ -44.0673954, -19.9527075 ], [ -44.0674054, -19.9527494 ], [ -44.067419, -19.9528388 ], [ -44.0674332, -19.9528771 ], [ -44.0674453, -19.952892 ], [ -44.0674608, -19.9529025 ], [ -44.0675009, -19.9529158 ], [ -44.0675947, -19.9529306 ], [ -44.0676371, -19.9529419 ], [ -44.0676541, -19.9529511 ], [ -44.0676677, -19.952965 ], [ -44.0676775, -19.9529855 ], [ -44.0676883, -19.9530415 ], [ -44.067691, -19.9531049 ], [ -44.0676879, -19.9532 ], [ -44.0676296, -19.9531982 ], [ -44.0675935, -19.9532002 ], [ -44.0675545, -19.9532054 ], [ -44.0675162, -19.953215 ], [ -44.0674818, -19.9532302 ], [ -44.0674528, -19.9532535 ], [ -44.0674323, -19.9532827 ], [ -44.0674197, -19.9533152 ], [ -44.0674122, -19.9533829 ], [ -44.0674127, -19.9537819 ], [ -44.0674094, -19.9538516 ], [ -44.0674005, -19.9539163 ], [ -44.0673923, -19.9539455 ], [ -44.0673803, -19.9539715 ], [ -44.0673633, -19.9539932 ], [ -44.0673418, -19.9540087 ], [ -44.0673161, -19.9540208 ], [ -44.0672305, -19.9540494 ], [ -44.0672041, -19.9540608 ], [ -44.0671816, -19.9540755 ], [ -44.067163, -19.9540966 ], [ -44.0671498, -19.9541224 ], [ -44.0671344, -19.9541832 ], [ -44.067128, -19.9542556 ], [ -44.0671275, -19.9543988 ], [ -44.0671323, -19.9545888 ], [ -44.0671512, -19.9545893 ], [ -44.0671881, -19.954605 ], [ -44.0672473, -19.9546435 ], [ -44.0673972, -19.9547577 ], [ -44.0674797, -19.9548243 ], [ -44.0675784, -19.9549133 ], [ -44.0677669, -19.9550924 ], [ -44.0678514, -19.9551768 ], [ -44.0679386, -19.9552778 ], [ -44.0680695, -19.9554522 ], [ -44.0681181, -19.9555296 ], [ -44.068165, -19.9556283 ], [ -44.0682039, -19.9557338 ], [ -44.068273, -19.9559524 ], [ -44.06831, -19.9560596 ], [ -44.0683532, -19.9561615 ], [ -44.0684405, -19.9563246 ], [ -44.0685817, -19.9566204 ], [ -44.0686349, -19.9567137 ], [ -44.0689669, -19.957183 ], [ -44.0690202, -19.9572762 ], [ -44.069162, -19.9575714 ], [ -44.0692497, -19.9577342 ], [ -44.0692932, -19.9578359 ], [ -44.0693306, -19.9579427 ], [ -44.0694002, -19.9581608 ], [ -44.0694388, -19.9582666 ], [ -44.0694846, -19.9583663 ], [ -44.0697381, -19.9587839 ], [ -44.0697832, -19.9588643 ], [ -44.0698293, -19.9589855 ], [ -44.0698636, -19.9591378 ], [ -44.0698877, -19.9593125 ], [ -44.0699035, -19.9595004 ], [ -44.0699125, -19.9596924 ], [ -44.0699164, -19.9598792 ], [ -44.0699167, -19.9600518 ], [ -44.0699101, -19.9604222 ], [ -44.0699064, -19.9606106 ], [ -44.0699113, -19.9606527 ], [ -44.0699207, -19.9606755 ], [ -44.0699287, -19.9606841 ], [ -44.0699399, -19.9606903 ], [ -44.0699691, -19.960697 ], [ -44.0701122, -19.9607014 ], [ -44.0701443, -19.9607055 ], [ -44.0701693, -19.9607159 ], [ -44.0701829, -19.9607351 ], [ -44.0701892, -19.9607606 ], [ -44.070192, -19.9608045 ], [ -44.0701879, -19.9609777 ], [ -44.0701858, -19.9610094 ], [ -44.0701992, -19.9610758 ], [ -44.0702142, -19.9611146 ], [ -44.0702362, -19.9611528 ], [ -44.070267, -19.9611887 ], [ -44.0703768, -19.9612788 ], [ -44.0704051, -19.9613073 ], [ -44.0704253, -19.9613406 ], [ -44.0704393, -19.9613791 ], [ -44.0704491, -19.9614213 ], [ -44.0704824, -19.9616453 ], [ -44.0704936, -19.9616861 ], [ -44.0705092, -19.9617233 ], [ -44.0705308, -19.9617552 ], [ -44.0705576, -19.9617799 ], [ -44.0706514, -19.9618424 ], [ -44.0706779, -19.9618672 ], [ -44.0706992, -19.9618995 ], [ -44.0707145, -19.9619369 ], [ -44.0707255, -19.961978 ], [ -44.0707518, -19.9621574 ], [ -44.0707696, -19.9622432 ], [ -44.0707841, -19.9622813 ], [ -44.0708046, -19.9623142 ], [ -44.0708309, -19.9623393 ], [ -44.0709278, -19.9623991 ], [ -44.0709575, -19.9624214 ], [ -44.0709845, -19.9624495 ], [ -44.0710708, -19.9625543 ], [ -44.0711048, -19.962586 ], [ -44.0711425, -19.9626114 ], [ -44.0711842, -19.9626295 ], [ -44.0712252, -19.9626404 ], [ -44.0712608, -19.9626457 ], [ -44.0712867, -19.9626467 ], [ -44.071299, -19.9626444 ], [ -44.0724101, -19.9626444 ], [ -44.0724054, -19.9627753 ], [ -44.07241, -19.9628381 ], [ -44.072416, -19.9628641 ], [ -44.0724252, -19.962884 ], [ -44.0724385, -19.9628978 ], [ -44.0724566, -19.9629074 ], [ -44.0724785, -19.9629137 ], [ -44.0725296, -19.96292 ], [ -44.0728199, -19.9629219 ], [ -44.0728729, -19.9629265 ], [ -44.0729177, -19.9629382 ], [ -44.0729349, -19.9629486 ], [ -44.0729473, -19.9629631 ], [ -44.0729559, -19.9629811 ], [ -44.0729656, -19.9630233 ], [ -44.0729804, -19.9631368 ], [ -44.0729874, -19.9631561 ], [ -44.0729992, -19.9631722 ], [ -44.0730184, -19.9631838 ], [ -44.0730445, -19.963192 ], [ -44.0730751, -19.9631973 ], [ -44.0731416, -19.9632019 ], [ -44.0732434, -19.9632 ], [ -44.0732415, -19.9632877 ], [ -44.073248, -19.9634104 ], [ -44.0732564, -19.9634796 ], [ -44.0732697, -19.9635491 ], [ -44.0732891, -19.9636146 ], [ -44.0733157, -19.9636724 ], [ -44.0733482, -19.9637179 ], [ -44.0734171, -19.9637852 ], [ -44.0734466, -19.9638195 ], [ -44.0734702, -19.963861 ], [ -44.0734882, -19.9639073 ], [ -44.0735024, -19.9639569 ], [ -44.0735389, -19.9641107 ], [ -44.0735539, -19.9641596 ], [ -44.0735728, -19.9642051 ], [ -44.0735973, -19.9642459 ], [ -44.0736271, -19.9642799 ], [ -44.0736933, -19.9643421 ], [ -44.0737229, -19.9643763 ], [ -44.073747, -19.9644173 ], [ -44.0737656, -19.9644631 ], [ -44.0737804, -19.9645122 ], [ -44.0738175, -19.9646656 ], [ -44.0738322, -19.9647148 ], [ -44.0738506, -19.9647607 ], [ -44.0738746, -19.9648019 ], [ -44.073904, -19.9648362 ], [ -44.0739704, -19.9648983 ], [ -44.0740005, -19.964932 ], [ -44.0740252, -19.9649726 ], [ -44.0740442, -19.965018 ], [ -44.0740592, -19.9650669 ], [ -44.074095, -19.9652214 ], [ -44.0741101, -19.9652737 ], [ -44.0741326, -19.9653281 ], [ -44.0741633, -19.965381 ], [ -44.0742006, -19.9654281 ], [ -44.0742794, -19.9655153 ], [ -44.0743115, -19.9655583 ], [ -44.0743333, -19.9655982 ], [ -44.0743476, -19.9656352 ], [ -44.0743555, -19.9656663 ], [ -44.0743577, -19.9656887 ], [ -44.0743546, -19.9657 ], [ -44.074565, -19.9656981 ], [ -44.0745968, -19.9657007 ], [ -44.0746209, -19.9657098 ], [ -44.0746315, -19.9657315 ], [ -44.0746343, -19.9657601 ], [ -44.0746323, -19.9659778 ], [ -44.0746299, -19.9659895 ], [ -44.0746312, -19.9660154 ], [ -44.0746376, -19.9660518 ], [ -44.0746508, -19.9660942 ], [ -44.0746725, -19.9661385 ], [ -44.0747065, -19.9661839 ], [ -44.074835, -19.9663074 ], [ -44.0748671, -19.9663455 ], [ -44.0749187, -19.9664149 ], [ -44.074947, -19.9664462 ], [ -44.0749813, -19.9664723 ], [ -44.075027, -19.9664926 ], [ -44.0750803, -19.9665065 ], [ -44.0751389, -19.9665158 ], [ -44.0752009, -19.9665221 ], [ -44.0754585, -19.9665394 ], [ -44.0755197, -19.9665465 ], [ -44.0755772, -19.9665568 ], [ -44.0756292, -19.9665717 ], [ -44.0756737, -19.9665931 ], [ -44.0757071, -19.96662 ], [ -44.075735, -19.9666517 ], [ -44.0757856, -19.9667194 ], [ -44.0758137, -19.9667509 ], [ -44.0758489, -19.9667802 ], [ -44.0759239, -19.966835 ], [ -44.075956, -19.9668669 ], [ -44.0759789, -19.9669029 ], [ -44.0759957, -19.9669441 ], [ -44.0760083, -19.9669889 ], [ -44.0760437, -19.9671807 ], [ -44.0760567, -19.967226 ], [ -44.0760815, -19.9672684 ], [ -44.0761209, -19.9673045 ], [ -44.0761794, -19.9673329 ], [ -44.0762495, -19.9673517 ], [ -44.0763252, -19.967363 ], [ -44.0764003, -19.9673685 ], [ -44.0764689, -19.96737 ], [ -44.0765768, -19.9673666 ], [ -44.0765768, -19.9676444 ], [ -44.0771486, -19.96764 ], [ -44.0772455, -19.9676427 ], [ -44.0773046, -19.9676492 ], [ -44.077331, -19.9676551 ], [ -44.0773542, -19.9676637 ], [ -44.0773731, -19.9676761 ], [ -44.0773865, -19.9676924 ], [ -44.0774026, -19.9677342 ], [ -44.0774262, -19.9678528 ], [ -44.0774351, -19.967873 ], [ -44.0774479, -19.9678899 ], [ -44.0774658, -19.9679025 ], [ -44.0774879, -19.9679116 ], [ -44.0775132, -19.9679179 ], [ -44.0776012, -19.9679265 ], [ -44.077713, -19.9679272 ], [ -44.0779657, -19.9679222 ], [ -44.0796323, -19.9679222 ], [ -44.0796453, -19.967925 ], [ -44.0796717, -19.9679244 ], [ -44.0797073, -19.9679192 ], [ -44.0797475, -19.9679076 ], [ -44.0797871, -19.9678877 ], [ -44.0798239, -19.967856 ], [ -44.0798536, -19.967815 ], [ -44.0798765, -19.9677675 ], [ -44.0798931, -19.9677168 ], [ -44.079904, -19.9676664 ], [ -44.0799257, -19.9675315 ], [ -44.0799375, -19.9674911 ], [ -44.0799539, -19.9674547 ], [ -44.0799764, -19.9674234 ], [ -44.080004, -19.9673995 ], [ -44.0800991, -19.9673381 ], [ -44.0801255, -19.9673132 ], [ -44.080147, -19.9672795 ], [ -44.0801619, -19.9672402 ], [ -44.0801786, -19.9671503 ], [ -44.0801853, -19.9670519 ], [ -44.080192, -19.9667972 ], [ -44.0802016, -19.9667013 ], [ -44.080211, -19.9666573 ], [ -44.0802252, -19.9666174 ], [ -44.0802461, -19.9665832 ], [ -44.0802724, -19.9665581 ], [ -44.0803699, -19.9664988 ], [ -44.0803998, -19.9664767 ], [ -44.0804271, -19.9664489 ], [ -44.0805143, -19.9663448 ], [ -44.0805485, -19.9663134 ], [ -44.0805865, -19.9662882 ], [ -44.0806285, -19.9662703 ], [ -44.0806696, -19.9662595 ], [ -44.0807053, -19.9662543 ], [ -44.0807312, -19.9662533 ], [ -44.0807435, -19.9662555 ], [ -44.0807585, -19.9662532 ], [ -44.0807854, -19.9662603 ], [ -44.0808212, -19.9662772 ], [ -44.0808699, -19.9663098 ], [ -44.0811086, -19.9665016 ], [ -44.0811709, -19.9665534 ], [ -44.0812394, -19.9666178 ], [ -44.0813648, -19.9667437 ], [ -44.0815072, -19.9668707 ], [ -44.0816507, -19.9670255 ], [ -44.0817867, -19.967147 ], [ -44.0819308, -19.9673013 ], [ -44.0820669, -19.9674227 ], [ -44.0822102, -19.9675777 ], [ -44.0823431, -19.9677018 ], [ -44.0823893, -19.9677549 ], [ -44.0824762, -19.9678656 ], [ -44.0825536, -19.9679579 ], [ -44.0825885, -19.9680074 ], [ -44.0826252, -19.9680801 ], [ -44.0826534, -19.9681601 ], [ -44.082676, -19.9682449 ], [ -44.082734, -19.9685077 ], [ -44.0827579, -19.9685914 ], [ -44.0827883, -19.9686696 ], [ -44.0828764, -19.968832 ], [ -44.0829077, -19.9689094 ], [ -44.0829323, -19.9689926 ], [ -44.0830069, -19.9693061 ], [ -44.0830386, -19.9694176 ], [ -44.0830755, -19.9695225 ], [ -44.0831178, -19.9696156 ], [ -44.0832122, -19.9697755 ], [ -44.0832336, -19.9698203 ], [ -44.0832439, -19.969852 ], [ -44.0832435, -19.9698666 ], [ -44.0832435, -19.9701444 ], [ -44.0833902, -19.9701406 ], [ -44.0834497, -19.9701422 ], [ -44.0834807, -19.9701474 ], [ -44.0834937, -19.9701522 ], [ -44.0835041, -19.9701591 ], [ -44.0835113, -19.9701684 ], [ -44.0835194, -19.9701923 ], [ -44.0835236, -19.9702504 ], [ -44.0835212, -19.9707 ], [ -44.0835212, -19.9709778 ], [ -44.0835165, -19.9711655 ], [ -44.0835172, -19.9713093 ], [ -44.083524, -19.9713828 ], [ -44.0835398, -19.9714434 ], [ -44.0835531, -19.971469 ], [ -44.0835716, -19.9714901 ], [ -44.083594, -19.9715049 ], [ -44.0836202, -19.9715165 ], [ -44.083705, -19.9715459 ], [ -44.0837304, -19.9715581 ], [ -44.0837518, -19.9715738 ], [ -44.0837694, -19.9715965 ], [ -44.0837817, -19.9716239 ], [ -44.0837958, -19.9716876 ], [ -44.0838015, -19.9717584 ], [ -44.0838035, -19.9718704 ], [ -44.083799, -19.9726444 ], [ -44.0832435, -19.9726444 ], [ -44.0832435, -19.9745889 ], [ -44.083242, -19.9746675 ], [ -44.0832486, -19.9747375 ], [ -44.0832565, -19.9747717 ], [ -44.0832686, -19.9748021 ], [ -44.0832859, -19.974826 ], [ -44.0833077, -19.9748411 ], [ -44.0833326, -19.9748498 ], [ -44.0834147, -19.9748687 ], [ -44.0834635, -19.9748864 ], [ -44.0834825, -19.9748999 ], [ -44.0834967, -19.9749186 ], [ -44.0835064, -19.9749411 ], [ -44.0835169, -19.9749938 ], [ -44.0835207, -19.9750523 ], [ -44.0835231, -19.9752663 ], [ -44.0835297, -19.9753224 ], [ -44.0835361, -19.9753478 ], [ -44.0835458, -19.9753703 ], [ -44.08356, -19.975389 ], [ -44.083579, -19.9754025 ], [ -44.0836278, -19.9754201 ], [ -44.0837099, -19.9754391 ], [ -44.0837348, -19.9754478 ], [ -44.0837566, -19.9754629 ], [ -44.0837739, -19.9754868 ], [ -44.083786, -19.9755171 ], [ -44.0837939, -19.9755513 ], [ -44.0838005, -19.9756213 ], [ -44.083799, -19.9757 ], [ -44.0840768, -19.9757 ], [ -44.084074, -19.9757103 ], [ -44.0840747, -19.9757321 ], [ -44.0840888, -19.9757988 ], [ -44.0841044, -19.9758375 ], [ -44.0841273, -19.9758754 ], [ -44.084159, -19.9759106 ], [ -44.0842712, -19.9759976 ], [ -44.0842995, -19.9760249 ], [ -44.0843198, -19.9760581 ], [ -44.0843334, -19.9760969 ], [ -44.0843479, -19.9761855 ], [ -44.0843528, -19.9762823 ], [ -44.0843477, -19.9767412 ], [ -44.0843544, -19.9768871 ], [ -44.084361, -19.9769318 ], [ -44.0843716, -19.9769733 ], [ -44.0843878, -19.9770099 ], [ -44.0844116, -19.97704 ], [ -44.0844447, -19.9770618 ], [ -44.0844855, -19.9770769 ], [ -44.0845321, -19.9770871 ], [ -44.0846366, -19.9770978 ], [ -44.0847499, -19.9771009 ], [ -44.0848679, -19.9771004 ], [ -44.0854657, -19.9770889 ], [ -44.0854657, -19.9790333 ], [ -44.085519, -19.9790317 ], [ -44.0855898, -19.9790356 ], [ -44.0856272, -19.9790414 ], [ -44.0856621, -19.979051 ], [ -44.0856913, -19.9790653 ], [ -44.0857132, -19.9790855 ], [ -44.0857264, -19.9791093 ], [ -44.0857502, -19.9792128 ], [ -44.0857583, -19.9792367 ], [ -44.0857695, -19.979258 ], [ -44.085785, -19.9792755 ], [ -44.0858052, -19.979288 ], [ -44.0858291, -19.9792973 ], [ -44.0859099, -19.9793173 ], [ -44.0859592, -19.9793345 ], [ -44.0859788, -19.9793475 ], [ -44.0859938, -19.9793655 ], [ -44.0860124, -19.9794112 ], [ -44.0860379, -19.9795129 ], [ -44.0860482, -19.9795349 ], [ -44.0860627, -19.9795534 ], [ -44.0860818, -19.9795667 ], [ -44.086105, -19.9795766 ], [ -44.086213, -19.9796031 ], [ -44.0862377, -19.9796117 ], [ -44.0862592, -19.9796259 ], [ -44.0862761, -19.9796495 ], [ -44.0862878, -19.9796799 ], [ -44.0862952, -19.9797146 ], [ -44.086301, -19.9797861 ], [ -44.086299, -19.9798667 ], [ -44.0873748, -19.9798629 ], [ -44.0874912, -19.9798652 ], [ -44.0875632, -19.9798715 ], [ -44.0875958, -19.9798776 ], [ -44.0876248, -19.9798868 ], [ -44.0876486, -19.9799003 ], [ -44.0876648, -19.9799173 ], [ -44.0876855, -19.9799613 ], [ -44.0877046, -19.9800379 ], [ -44.0877152, -19.9800638 ], [ -44.0877318, -19.980088 ], [ -44.0877553, -19.9801085 ], [ -44.0877888, -19.980125 ], [ -44.0878273, -19.9801358 ], [ -44.0879041, -19.9801453 ], [ -44.0879657, -19.9801444 ], [ -44.0879621, -19.9801315 ], [ -44.0879632, -19.9801047 ], [ -44.0879705, -19.9800683 ], [ -44.0879864, -19.9800272 ], [ -44.0880133, -19.9799864 ], [ -44.0880563, -19.979948 ], [ -44.0881113, -19.9799165 ], [ -44.0881738, -19.9798912 ], [ -44.0882383, -19.9798714 ], [ -44.0883535, -19.979842 ], [ -44.0884024, -19.9798243 ] ] ] ] } },
{ "type": "Feature", "properties": { "Sub_bacia": "Fubá", "Area_Ha": 367.093, "Nome": "Fubá" }, "geometry": { "type": "MultiPolygon", "coordinates": [ [ [ [ -44.0404656, -20.062089 ], [ -44.040471, -20.0620699 ], [ -44.0404922, -20.0620214 ], [ -44.0405589, -20.0618837 ], [ -44.0406054, -20.0617558 ], [ -44.0406466, -20.0616018 ], [ -44.0406822, -20.0614304 ], [ -44.0407679, -20.060914 ], [ -44.0407956, -20.0607756 ], [ -44.0408306, -20.0606513 ], [ -44.0408781, -20.0605377 ], [ -44.0411293, -20.0601182 ], [ -44.0411726, -20.0600364 ], [ -44.0412139, -20.0599236 ], [ -44.0412429, -20.0598002 ], [ -44.0412628, -20.0596692 ], [ -44.0412762, -20.0595325 ], [ -44.0412851, -20.0593919 ], [ -44.0413071, -20.0586701 ], [ -44.0413148, -20.0585285 ], [ -44.0413264, -20.0583903 ], [ -44.0413439, -20.0582571 ], [ -44.0413694, -20.0581308 ], [ -44.041406, -20.0580139 ], [ -44.0414856, -20.0578443 ], [ -44.04162, -20.0575427 ], [ -44.0416726, -20.0574488 ], [ -44.0419042, -20.0571316 ], [ -44.0419619, -20.0570574 ], [ -44.0420221, -20.0569709 ], [ -44.0420877, -20.0568524 ], [ -44.0421488, -20.0567216 ], [ -44.0423552, -20.0562569 ], [ -44.0423887, -20.056153 ], [ -44.0424076, -20.0560662 ], [ -44.0424143, -20.0560052 ], [ -44.0424101, -20.0559779 ], [ -44.0435118, -20.0559882 ], [ -44.043703, -20.0559872 ], [ -44.0438236, -20.0559807 ], [ -44.0438798, -20.0559739 ], [ -44.0439315, -20.0559633 ], [ -44.0439771, -20.0559475 ], [ -44.0440143, -20.0559244 ], [ -44.0440416, -20.0558922 ], [ -44.0440602, -20.0558526 ], [ -44.0440726, -20.0558077 ], [ -44.0440806, -20.055759 ], [ -44.0440881, -20.0556542 ], [ -44.0440889, -20.0554883 ], [ -44.0440768, -20.054589 ], [ -44.0440975, -20.054585 ], [ -44.0441454, -20.0545651 ], [ -44.0442593, -20.0545056 ], [ -44.0443356, -20.0544705 ], [ -44.0444555, -20.0544294 ], [ -44.0445958, -20.0543952 ], [ -44.0447487, -20.0543679 ], [ -44.0449056, -20.0543466 ], [ -44.0453166, -20.0543025 ], [ -44.0454329, -20.0542832 ], [ -44.0455402, -20.0542561 ], [ -44.045635, -20.0542184 ], [ -44.0456988, -20.0541804 ], [ -44.0458878, -20.0540381 ], [ -44.0459591, -20.0539803 ], [ -44.0460094, -20.0539308 ], [ -44.046106, -20.0538282 ], [ -44.0462372, -20.0537028 ], [ -44.0462833, -20.0536496 ], [ -44.0464856, -20.0533999 ], [ -44.046529, -20.0533259 ], [ -44.0466355, -20.0530837 ], [ -44.0466749, -20.0530064 ], [ -44.0467728, -20.0528523 ], [ -44.0468116, -20.0527745 ], [ -44.0469095, -20.052525 ], [ -44.0469467, -20.0524457 ], [ -44.0470389, -20.0522868 ], [ -44.0470756, -20.0521991 ], [ -44.0471073, -20.0520956 ], [ -44.0472073, -20.0517206 ], [ -44.047248, -20.0516009 ], [ -44.0472937, -20.0514962 ], [ -44.0473806, -20.0513411 ], [ -44.0474003, -20.0512985 ], [ -44.04741, -20.0512689 ], [ -44.0474101, -20.0512557 ], [ -44.0474649, -20.0512584 ], [ -44.0475213, -20.0512564 ], [ -44.04759, -20.0512503 ], [ -44.0476656, -20.0512389 ], [ -44.0477425, -20.0512205 ], [ -44.0478149, -20.0511936 ], [ -44.0478796, -20.0511565 ], [ -44.0479348, -20.0511132 ], [ -44.0480247, -20.0510285 ], [ -44.0481718, -20.0509165 ], [ -44.0482841, -20.0508044 ], [ -44.048329, -20.0507734 ], [ -44.0483866, -20.0507495 ], [ -44.0484528, -20.050733 ], [ -44.0485252, -20.0507218 ], [ -44.0486815, -20.0507092 ], [ -44.0489239, -20.0506973 ], [ -44.0490769, -20.0506819 ], [ -44.0491463, -20.0506681 ], [ -44.049208, -20.0506478 ], [ -44.0492593, -20.0506186 ], [ -44.0492961, -20.0505806 ], [ -44.0493237, -20.0505348 ], [ -44.049345, -20.0504836 ], [ -44.0493961, -20.050319 ], [ -44.0494166, -20.0502671 ], [ -44.049443, -20.0502203 ], [ -44.0494717, -20.0501854 ], [ -44.0495704, -20.0500915 ], [ -44.0496044, -20.0500495 ], [ -44.049678, -20.0499439 ], [ -44.0497211, -20.049889 ], [ -44.04984, -20.0497616 ], [ -44.0498705, -20.0497208 ], [ -44.0498949, -20.0496744 ], [ -44.0499086, -20.0496338 ], [ -44.0499134, -20.0496039 ], [ -44.0499101, -20.049589 ], [ -44.0499305, -20.0495943 ], [ -44.0499605, -20.0495849 ], [ -44.0499959, -20.0495606 ], [ -44.0500378, -20.0495122 ], [ -44.0500785, -20.0494452 ], [ -44.0502034, -20.0491928 ], [ -44.0502535, -20.0491145 ], [ -44.0503019, -20.0490582 ], [ -44.0505021, -20.0488735 ], [ -44.0505629, -20.0488321 ], [ -44.0506323, -20.0488015 ], [ -44.0507103, -20.0487783 ], [ -44.0510485, -20.0487094 ], [ -44.0511272, -20.0486884 ], [ -44.0511986, -20.0486619 ], [ -44.0513244, -20.0485929 ], [ -44.0513876, -20.0485629 ], [ -44.0514603, -20.048543 ], [ -44.0515386, -20.0485343 ], [ -44.0516187, -20.0485358 ], [ -44.0516971, -20.0485475 ], [ -44.0517699, -20.0485701 ], [ -44.0518332, -20.0486025 ], [ -44.051894, -20.0486395 ], [ -44.0519588, -20.0486741 ], [ -44.0520299, -20.0486996 ], [ -44.0521081, -20.0487175 ], [ -44.0521908, -20.0487284 ], [ -44.0522753, -20.0487326 ], [ -44.0523589, -20.0487299 ], [ -44.0524386, -20.0487193 ], [ -44.0525112, -20.048699 ], [ -44.0525724, -20.0486665 ], [ -44.0526201, -20.0486172 ], [ -44.0526541, -20.0485523 ], [ -44.0526776, -20.0484642 ], [ -44.0526924, -20.0483579 ], [ -44.0527002, -20.0482401 ], [ -44.0527028, -20.0481176 ], [ -44.0527016, -20.0479968 ], [ -44.0526879, -20.0476446 ], [ -44.0529657, -20.0476446 ], [ -44.052967, -20.0475942 ], [ -44.0529593, -20.0475278 ], [ -44.0529504, -20.0474921 ], [ -44.0529367, -20.0474581 ], [ -44.0529173, -20.0474285 ], [ -44.0528924, -20.0474058 ], [ -44.0528636, -20.0473891 ], [ -44.052777, -20.0473585 ], [ -44.0527519, -20.047346 ], [ -44.0527311, -20.0473298 ], [ -44.0527143, -20.0473066 ], [ -44.0527029, -20.0472789 ], [ -44.0526952, -20.0472479 ], [ -44.0526872, -20.0471797 ], [ -44.052684, -20.0470698 ], [ -44.0526879, -20.0459779 ], [ -44.0526948, -20.0459478 ], [ -44.0526849, -20.0458826 ], [ -44.0526581, -20.0457918 ], [ -44.0526123, -20.0456857 ], [ -44.0525573, -20.0455898 ], [ -44.0522792, -20.0451433 ], [ -44.0522249, -20.0450472 ], [ -44.0521835, -20.0449379 ], [ -44.0521597, -20.0448249 ], [ -44.0521475, -20.0447063 ], [ -44.0521453, -20.0445855 ], [ -44.0521524, -20.0444652 ], [ -44.0521692, -20.0443482 ], [ -44.0521971, -20.0442373 ], [ -44.0522384, -20.0441357 ], [ -44.0522851, -20.0440574 ], [ -44.0525542, -20.0436496 ], [ -44.052602, -20.0435505 ], [ -44.0526409, -20.0434439 ], [ -44.0527107, -20.0432241 ], [ -44.0527503, -20.0431184 ], [ -44.0527993, -20.0430209 ], [ -44.0528511, -20.0429459 ], [ -44.0529711, -20.0427901 ], [ -44.0530382, -20.0427083 ], [ -44.0531658, -20.0425792 ], [ -44.0533082, -20.042423 ], [ -44.0534382, -20.0422963 ], [ -44.0536972, -20.0419941 ], [ -44.0537691, -20.0418884 ], [ -44.0539187, -20.0416517 ], [ -44.0540024, -20.0415416 ], [ -44.0540786, -20.0414598 ], [ -44.0542267, -20.0413195 ], [ -44.0542891, -20.0412726 ], [ -44.0543307, -20.0412543 ], [ -44.0543546, -20.0412557 ], [ -44.0543546, -20.0409779 ], [ -44.0543511, -20.0409448 ], [ -44.0543567, -20.0408623 ], [ -44.0543717, -20.0407411 ], [ -44.0543971, -20.0405922 ], [ -44.0544344, -20.040427 ], [ -44.0545029, -20.0401784 ], [ -44.0545404, -20.0400072 ], [ -44.0545668, -20.0398329 ], [ -44.0545822, -20.0396639 ], [ -44.0545869, -20.0395086 ], [ -44.0545827, -20.0393674 ], [ -44.0545726, -20.0392283 ], [ -44.0545566, -20.0390926 ], [ -44.0545343, -20.0389623 ], [ -44.0545048, -20.0388396 ], [ -44.0544529, -20.038663 ], [ -44.0544308, -20.0385356 ], [ -44.0544248, -20.0384053 ], [ -44.0544347, -20.0382764 ], [ -44.054462, -20.0381533 ], [ -44.0545092, -20.0380408 ], [ -44.0545563, -20.037969 ], [ -44.0546103, -20.0379013 ], [ -44.0546776, -20.0378241 ], [ -44.054752, -20.0377515 ], [ -44.0548485, -20.0376772 ], [ -44.0549504, -20.0376066 ], [ -44.0550482, -20.037532 ], [ -44.0551252, -20.0374588 ], [ -44.0551969, -20.0373809 ], [ -44.0552565, -20.0373126 ], [ -44.0553113, -20.0372402 ], [ -44.0553749, -20.0371272 ], [ -44.0554268, -20.0370044 ], [ -44.0555196, -20.0367493 ], [ -44.0555714, -20.0366265 ], [ -44.0556563, -20.0364608 ], [ -44.0557896, -20.0361575 ], [ -44.0558377, -20.0360596 ], [ -44.0559302, -20.0359007 ], [ -44.0560805, -20.0356124 ], [ -44.0561368, -20.0355216 ], [ -44.0561913, -20.0354493 ], [ -44.0563828, -20.0352165 ], [ -44.0565087, -20.0350864 ], [ -44.0566522, -20.0349314 ], [ -44.0567809, -20.0348037 ], [ -44.0570444, -20.0345137 ], [ -44.0571091, -20.0344302 ], [ -44.057222, -20.0342691 ], [ -44.0572696, -20.0341909 ], [ -44.057321, -20.0340762 ], [ -44.0573616, -20.0339522 ], [ -44.05746, -20.0335603 ], [ -44.0574985, -20.0334345 ], [ -44.0575467, -20.0333171 ], [ -44.0575911, -20.0332361 ], [ -44.057694, -20.0330664 ], [ -44.057751, -20.0329763 ], [ -44.0578544, -20.032827 ], [ -44.0579094, -20.0327352 ], [ -44.0580134, -20.0325465 ], [ -44.0580706, -20.0324566 ], [ -44.0581257, -20.0323848 ], [ -44.0583172, -20.0321521 ], [ -44.058443, -20.032022 ], [ -44.0585947, -20.0318585 ], [ -44.0587543, -20.0316983 ], [ -44.0591019, -20.0313248 ], [ -44.0592977, -20.0310911 ], [ -44.0593333, -20.0310422 ], [ -44.0593548, -20.0309996 ], [ -44.0593546, -20.0309779 ], [ -44.0593546, -20.0290334 ], [ -44.0593714, -20.0290288 ], [ -44.0594021, -20.0290376 ], [ -44.0594424, -20.0290596 ], [ -44.0594961, -20.0291017 ], [ -44.0596231, -20.0292195 ], [ -44.0598242, -20.0293787 ], [ -44.059964, -20.0294943 ], [ -44.0600293, -20.0295348 ], [ -44.0601007, -20.0295613 ], [ -44.0601797, -20.0295777 ], [ -44.0602628, -20.0295856 ], [ -44.060347, -20.0295856 ], [ -44.0604292, -20.0295779 ], [ -44.0605065, -20.0295616 ], [ -44.0605756, -20.0295353 ], [ -44.0606327, -20.0294969 ], [ -44.0606763, -20.0294423 ], [ -44.0607065, -20.0293758 ], [ -44.0607266, -20.0293008 ], [ -44.0607392, -20.0292201 ], [ -44.0607459, -20.0291356 ], [ -44.0607478, -20.029049 ], [ -44.0607455, -20.0289618 ], [ -44.0607391, -20.0288753 ], [ -44.0607284, -20.0287906 ], [ -44.0607125, -20.0287092 ], [ -44.0606903, -20.0286325 ], [ -44.0606603, -20.0285624 ], [ -44.0605601, -20.028403 ], [ -44.0605302, -20.0283345 ], [ -44.0605087, -20.0282602 ], [ -44.0604943, -20.028182 ], [ -44.060486, -20.0281014 ], [ -44.0604835, -20.0280201 ], [ -44.0604869, -20.0279397 ], [ -44.0604972, -20.0278618 ], [ -44.0605155, -20.0277887 ], [ -44.0605443, -20.0277227 ], [ -44.0605791, -20.0276725 ], [ -44.0606733, -20.0275636 ], [ -44.0607894, -20.0274154 ], [ -44.060849, -20.0273441 ], [ -44.0609474, -20.027239 ], [ -44.060985, -20.0271928 ], [ -44.0610132, -20.0271446 ], [ -44.0610252, -20.0271082 ], [ -44.0610212, -20.027089 ], [ -44.0612744, -20.0270943 ], [ -44.0614175, -20.0270892 ], [ -44.0614831, -20.0270767 ], [ -44.0615103, -20.027066 ], [ -44.0615324, -20.027051 ], [ -44.061549, -20.0270305 ], [ -44.0615611, -20.0270061 ], [ -44.0615965, -20.0268975 ], [ -44.0616091, -20.0268735 ], [ -44.061626, -20.0268533 ], [ -44.0616479, -20.0268381 ], [ -44.0616738, -20.0268263 ], [ -44.0617591, -20.0267974 ], [ -44.061785, -20.0267856 ], [ -44.061807, -20.0267705 ], [ -44.0618241, -20.0267503 ], [ -44.0618368, -20.0267265 ], [ -44.061873, -20.0266186 ], [ -44.0618851, -20.0265943 ], [ -44.0619014, -20.0265736 ], [ -44.0619229, -20.0265579 ], [ -44.0619486, -20.026546 ], [ -44.0620359, -20.0265185 ], [ -44.0620643, -20.0265041 ], [ -44.0620888, -20.0264825 ], [ -44.0621075, -20.0264527 ], [ -44.0621203, -20.0264175 ], [ -44.0621282, -20.0263799 ], [ -44.062134, -20.026309 ], [ -44.0621323, -20.0262556 ], [ -44.0621343, -20.0261751 ], [ -44.0621285, -20.0261036 ], [ -44.0621211, -20.0260689 ], [ -44.0621094, -20.0260384 ], [ -44.0620925, -20.0260149 ], [ -44.062071, -20.0260006 ], [ -44.0620463, -20.0259921 ], [ -44.0619383, -20.0259656 ], [ -44.0619151, -20.0259557 ], [ -44.061896, -20.0259424 ], [ -44.0618815, -20.0259239 ], [ -44.0618712, -20.0259019 ], [ -44.0618457, -20.0258002 ], [ -44.0618271, -20.0257544 ], [ -44.0618121, -20.0257364 ], [ -44.0617925, -20.0257234 ], [ -44.0617432, -20.0257063 ], [ -44.0616624, -20.0256862 ], [ -44.0616385, -20.025677 ], [ -44.0616184, -20.0256645 ], [ -44.0616028, -20.0256469 ], [ -44.0615916, -20.0256256 ], [ -44.0615835, -20.0256017 ], [ -44.0615598, -20.0254983 ], [ -44.0615465, -20.0254745 ], [ -44.0615246, -20.0254542 ], [ -44.0614954, -20.02544 ], [ -44.0614605, -20.0254304 ], [ -44.0614231, -20.0254246 ], [ -44.0613523, -20.0254207 ], [ -44.061299, -20.0254223 ], [ -44.0610611, -20.0254262 ], [ -44.0609441, -20.0254217 ], [ -44.0608937, -20.0254161 ], [ -44.0608532, -20.0254076 ], [ -44.0608214, -20.0253952 ], [ -44.0607955, -20.0253778 ], [ -44.0607785, -20.0253576 ], [ -44.0607655, -20.0253339 ], [ -44.060724, -20.0252306 ], [ -44.0607097, -20.0252082 ], [ -44.0606909, -20.0251895 ], [ -44.0606629, -20.0251738 ], [ -44.0606292, -20.0251631 ], [ -44.0605914, -20.0251558 ], [ -44.06034, -20.0251332 ], [ -44.0603022, -20.0251259 ], [ -44.0602684, -20.0251152 ], [ -44.0602404, -20.0250995 ], [ -44.0602217, -20.0250809 ], [ -44.0602073, -20.0250584 ], [ -44.0601658, -20.0249551 ], [ -44.0601528, -20.0249315 ], [ -44.0601359, -20.0249113 ], [ -44.06011, -20.0248938 ], [ -44.0600781, -20.0248815 ], [ -44.0600376, -20.0248729 ], [ -44.0599303, -20.0248641 ], [ -44.0598105, -20.0248628 ], [ -44.0596323, -20.0248667 ], [ -44.0596375, -20.0248835 ], [ -44.059634, -20.024915 ], [ -44.059619, -20.0249555 ], [ -44.0595891, -20.0249983 ], [ -44.0595374, -20.0250398 ], [ -44.0594672, -20.0250742 ], [ -44.0593832, -20.0251009 ], [ -44.0592907, -20.0251203 ], [ -44.0591955, -20.0251327 ], [ -44.0591035, -20.0251387 ], [ -44.0588461, -20.0251431 ], [ -44.0586789, -20.0251498 ], [ -44.0585214, -20.0251652 ], [ -44.0584489, -20.0251784 ], [ -44.0583827, -20.0251971 ], [ -44.058325, -20.0252231 ], [ -44.0582797, -20.0252549 ], [ -44.0581984, -20.0253262 ], [ -44.0581529, -20.0253574 ], [ -44.0580976, -20.0253817 ], [ -44.0580348, -20.0253988 ], [ -44.0579667, -20.0254103 ], [ -44.0578954, -20.0254171 ], [ -44.0578224, -20.0254198 ], [ -44.0577493, -20.0254185 ], [ -44.0576778, -20.0254131 ], [ -44.0576097, -20.0254029 ], [ -44.057547, -20.0253865 ], [ -44.0574924, -20.0253624 ], [ -44.0574487, -20.0253302 ], [ -44.0573388, -20.025214 ], [ -44.057192, -20.0250989 ], [ -44.057106, -20.0250131 ], [ -44.0570519, -20.0249687 ], [ -44.0569876, -20.0249306 ], [ -44.0569148, -20.024903 ], [ -44.056837, -20.0248841 ], [ -44.0567601, -20.0248723 ], [ -44.0566901, -20.0248661 ], [ -44.0566325, -20.0248639 ], [ -44.0565768, -20.0248667 ], [ -44.0565818, -20.0248847 ], [ -44.0565699, -20.0249134 ], [ -44.0565406, -20.024949 ], [ -44.0564764, -20.0249989 ], [ -44.0562855, -20.0251095 ], [ -44.0561803, -20.0251747 ], [ -44.0561034, -20.0252322 ], [ -44.0558071, -20.025477 ], [ -44.0556614, -20.02563 ], [ -44.0555297, -20.0257552 ], [ -44.055484, -20.0258087 ], [ -44.0553414, -20.025991 ], [ -44.0552892, -20.0260653 ], [ -44.0552488, -20.0261499 ], [ -44.055218, -20.0262427 ], [ -44.0551455, -20.0265385 ], [ -44.0551168, -20.0266334 ], [ -44.0550803, -20.0267216 ], [ -44.0549872, -20.0268808 ], [ -44.0549493, -20.02696 ], [ -44.0548513, -20.0272114 ], [ -44.0548135, -20.0272908 ], [ -44.0547216, -20.0274508 ], [ -44.054689, -20.0275337 ], [ -44.0546656, -20.0276238 ], [ -44.0546497, -20.027719 ], [ -44.0546399, -20.0278177 ], [ -44.0546357, -20.0279182 ], [ -44.0546369, -20.0280191 ], [ -44.0546492, -20.0281249 ], [ -44.0546771, -20.0282349 ], [ -44.0547212, -20.0283422 ], [ -44.0547815, -20.0284403 ], [ -44.0548611, -20.0285308 ], [ -44.0550049, -20.0286623 ], [ -44.0550604, -20.028706 ], [ -44.0551105, -20.0287372 ], [ -44.0551621, -20.0287567 ], [ -44.0551879, -20.0287556 ], [ -44.0551902, -20.0288123 ], [ -44.0551816, -20.0289462 ], [ -44.0551694, -20.0290278 ], [ -44.0551494, -20.0291115 ], [ -44.0551198, -20.0291912 ], [ -44.0550801, -20.0292623 ], [ -44.0549966, -20.0293834 ], [ -44.0549667, -20.029439 ], [ -44.0549001, -20.0296201 ], [ -44.0548754, -20.0296783 ], [ -44.0548446, -20.0297313 ], [ -44.0548046, -20.0297764 ], [ -44.0547532, -20.0298116 ], [ -44.0546937, -20.0298401 ], [ -44.0545679, -20.0298909 ], [ -44.0545094, -20.0299201 ], [ -44.0544593, -20.0299565 ], [ -44.0544206, -20.0300027 ], [ -44.054391, -20.0300567 ], [ -44.0543003, -20.0302965 ], [ -44.0542706, -20.0303505 ], [ -44.0541576, -20.0304915 ], [ -44.0541284, -20.0305459 ], [ -44.0541054, -20.0306056 ], [ -44.0540488, -20.0307952 ], [ -44.0540257, -20.0308547 ], [ -44.0539956, -20.0309084 ], [ -44.0539565, -20.0309542 ], [ -44.0539122, -20.0309955 ], [ -44.0537601, -20.0311257 ], [ -44.0537003, -20.0311668 ], [ -44.053633, -20.031201 ], [ -44.0535479, -20.0312288 ], [ -44.0534605, -20.031246 ], [ -44.0533787, -20.0312551 ], [ -44.0533103, -20.0312583 ], [ -44.0532434, -20.0312556 ], [ -44.0532455, -20.0313444 ], [ -44.0532347, -20.0314204 ], [ -44.0532221, -20.0314557 ], [ -44.0532027, -20.0314849 ], [ -44.0531766, -20.0315051 ], [ -44.0531454, -20.0315171 ], [ -44.0531117, -20.0315226 ], [ -44.0528505, -20.0315368 ], [ -44.0527847, -20.0315483 ], [ -44.0527567, -20.0315584 ], [ -44.0527336, -20.0315726 ], [ -44.0527161, -20.0315923 ], [ -44.0526934, -20.0316423 ], [ -44.052667, -20.0317238 ], [ -44.0526547, -20.031748 ], [ -44.0526381, -20.0317686 ], [ -44.0526165, -20.0317841 ], [ -44.0525909, -20.0317961 ], [ -44.0525053, -20.0318247 ], [ -44.0524789, -20.0318361 ], [ -44.0524564, -20.0318509 ], [ -44.0524389, -20.0318706 ], [ -44.052416, -20.0319204 ], [ -44.0523996, -20.0319764 ], [ -44.0523865, -20.0320053 ], [ -44.0523666, -20.0320322 ], [ -44.0523391, -20.0320547 ], [ -44.0523051, -20.0320705 ], [ -44.0522669, -20.0320809 ], [ -44.0521917, -20.0320899 ], [ -44.0521323, -20.032089 ], [ -44.0519547, -20.0320855 ], [ -44.051907, -20.0320893 ], [ -44.0518812, -20.0320969 ], [ -44.0518648, -20.0321123 ], [ -44.0518573, -20.0321352 ], [ -44.0518541, -20.0321763 ], [ -44.0518536, -20.0323074 ], [ -44.0518489, -20.0323326 ], [ -44.0518376, -20.0323522 ], [ -44.0518159, -20.0323634 ], [ -44.0517711, -20.0323696 ], [ -44.0515768, -20.0323668 ], [ -44.0515823, -20.0327048 ], [ -44.0515739, -20.0328814 ], [ -44.0515641, -20.0329627 ], [ -44.0515493, -20.0330334 ], [ -44.0515287, -20.0330895 ], [ -44.0515007, -20.033135 ], [ -44.0514699, -20.0331681 ], [ -44.0513661, -20.0332576 ], [ -44.0513314, -20.0332973 ], [ -44.0512669, -20.0333809 ], [ -44.0512307, -20.0334194 ], [ -44.0510843, -20.0335319 ], [ -44.0510483, -20.0335705 ], [ -44.0509839, -20.0336543 ], [ -44.0509492, -20.033694 ], [ -44.0508473, -20.0337851 ], [ -44.0508177, -20.0338192 ], [ -44.05079, -20.033868 ], [ -44.0507703, -20.0339236 ], [ -44.0507566, -20.0339843 ], [ -44.0507473, -20.0340488 ], [ -44.0507412, -20.034116 ], [ -44.0507351, -20.0342558 ], [ -44.050734, -20.0344722 ], [ -44.0507434, -20.0354223 ], [ -44.0507455, -20.0362322 ], [ -44.0507537, -20.0371819 ], [ -44.0507487, -20.0373123 ], [ -44.0507428, -20.0373746 ], [ -44.0507333, -20.0374338 ], [ -44.0507185, -20.0374885 ], [ -44.0506964, -20.0375369 ], [ -44.0506642, -20.0375767 ], [ -44.0506213, -20.0376048 ], [ -44.0505687, -20.0376247 ], [ -44.0505092, -20.0376385 ], [ -44.0503772, -20.0376553 ], [ -44.0501709, -20.0376733 ], [ -44.0501041, -20.0376837 ], [ -44.050036, -20.0377022 ], [ -44.0499715, -20.0377301 ], [ -44.0499219, -20.0377614 ], [ -44.0497935, -20.0378639 ], [ -44.0497531, -20.03789 ], [ -44.0497111, -20.0379095 ], [ -44.0496743, -20.0379208 ], [ -44.0496469, -20.037925 ], [ -44.0496323, -20.0379223 ], [ -44.0496319, -20.0379482 ], [ -44.0496068, -20.038 ], [ -44.0495648, -20.0380579 ], [ -44.049347, -20.0383235 ], [ -44.0491814, -20.038497 ], [ -44.0490054, -20.0386894 ], [ -44.0488696, -20.0388161 ], [ -44.0487242, -20.0389694 ], [ -44.0485909, -20.0390931 ], [ -44.0484457, -20.0392466 ], [ -44.0483133, -20.039371 ], [ -44.0481703, -20.0395263 ], [ -44.0480418, -20.0396541 ], [ -44.0477929, -20.0399567 ], [ -44.0477369, -20.0400477 ], [ -44.0476378, -20.0402406 ], [ -44.0475821, -20.0403318 ], [ -44.0475264, -20.040403 ], [ -44.0473342, -20.0406351 ], [ -44.0472059, -20.0407631 ], [ -44.047063, -20.0409186 ], [ -44.0469305, -20.0410429 ], [ -44.046779, -20.0412015 ], [ -44.0466088, -20.0413536 ], [ -44.0464036, -20.0415448 ], [ -44.0461518, -20.0417471 ], [ -44.0460861, -20.0417926 ], [ -44.0460438, -20.0418111 ], [ -44.0460212, -20.0418112 ], [ -44.046022, -20.0418707 ], [ -44.0460103, -20.0419468 ], [ -44.045997, -20.041986 ], [ -44.0459769, -20.0420214 ], [ -44.0459494, -20.0420502 ], [ -44.0459169, -20.0420725 ], [ -44.0458229, -20.0421174 ], [ -44.0457986, -20.0421362 ], [ -44.04578, -20.0421599 ], [ -44.0457656, -20.0421873 ], [ -44.0457283, -20.0422744 ], [ -44.0457119, -20.0423001 ], [ -44.0456903, -20.0423213 ], [ -44.045662, -20.0423367 ], [ -44.0456283, -20.0423475 ], [ -44.0455907, -20.0423549 ], [ -44.045381, -20.0423735 ], [ -44.045303, -20.0423861 ], [ -44.0452693, -20.0423968 ], [ -44.045241, -20.0424123 ], [ -44.0452194, -20.0424335 ], [ -44.045203, -20.0424591 ], [ -44.0451513, -20.0425736 ], [ -44.0451327, -20.0425973 ], [ -44.0451084, -20.0426161 ], [ -44.0450144, -20.042661 ], [ -44.0449819, -20.0426833 ], [ -44.0449544, -20.0427121 ], [ -44.0449343, -20.0427475 ], [ -44.0449211, -20.0427867 ], [ -44.0449093, -20.0428628 ], [ -44.0449101, -20.0429223 ], [ -44.0449101, -20.0432001 ], [ -44.0443545, -20.0432001 ], [ -44.0443576, -20.0434074 ], [ -44.0443506, -20.0434452 ], [ -44.044338, -20.0434638 ], [ -44.0443277, -20.0434698 ], [ -44.044301, -20.0434766 ], [ -44.0442527, -20.0434799 ], [ -44.043799, -20.0434779 ], [ -44.0434426, -20.043471 ], [ -44.0432396, -20.0434741 ], [ -44.0431405, -20.0434849 ], [ -44.0430963, -20.0434946 ], [ -44.043057, -20.0435086 ], [ -44.0430243, -20.0435281 ], [ -44.0429998, -20.0435534 ], [ -44.0429804, -20.0435831 ], [ -44.0429286, -20.0436776 ], [ -44.0429061, -20.0437046 ], [ -44.0428772, -20.0437275 ], [ -44.0427779, -20.0437852 ], [ -44.0427492, -20.0438082 ], [ -44.0427268, -20.0438353 ], [ -44.0426746, -20.0439295 ], [ -44.0426547, -20.0439588 ], [ -44.0426297, -20.0439836 ], [ -44.0425965, -20.0440027 ], [ -44.0425567, -20.0440163 ], [ -44.0425122, -20.0440257 ], [ -44.0424641, -20.0440321 ], [ -44.0423069, -20.0440402 ], [ -44.04214, -20.0440405 ], [ -44.0415768, -20.0440334 ], [ -44.0415796, -20.0440689 ], [ -44.0415766, -20.0441035 ], [ -44.0415684, -20.0441438 ], [ -44.0415527, -20.0441852 ], [ -44.0415274, -20.044223 ], [ -44.0414937, -20.0442517 ], [ -44.0414522, -20.0442731 ], [ -44.041406, -20.0442879 ], [ -44.0413586, -20.0442968 ], [ -44.0412225, -20.0443106 ], [ -44.0411411, -20.0443274 ], [ -44.0411068, -20.0443412 ], [ -44.0410788, -20.0443605 ], [ -44.0410572, -20.0443884 ], [ -44.0410426, -20.0444222 ], [ -44.0410328, -20.0444601 ], [ -44.0410263, -20.0445007 ], [ -44.0410095, -20.0446716 ], [ -44.0409935, -20.0447504 ], [ -44.0409796, -20.0447849 ], [ -44.0409598, -20.0448142 ], [ -44.0409371, -20.0448344 ], [ -44.0409104, -20.0448512 ], [ -44.0408258, -20.0448977 ], [ -44.0408023, -20.0449172 ], [ -44.0407814, -20.0449456 ], [ -44.0407665, -20.0449791 ], [ -44.0407487, -20.0450565 ], [ -44.0407303, -20.0452298 ], [ -44.0407179, -20.0452759 ], [ -44.0406984, -20.0453198 ], [ -44.0406712, -20.0453581 ], [ -44.040636, -20.0453879 ], [ -44.0406005, -20.0454055 ], [ -44.0405631, -20.0454166 ], [ -44.0405276, -20.0454226 ], [ -44.0404973, -20.0454248 ], [ -44.0404656, -20.0454223 ], [ -44.0404596, -20.0458896 ], [ -44.0404661, -20.0460238 ], [ -44.040479, -20.0461054 ], [ -44.04049, -20.0461423 ], [ -44.0405054, -20.0461753 ], [ -44.0405267, -20.0462034 ], [ -44.0405555, -20.0462263 ], [ -44.0406565, -20.0462825 ], [ -44.0406846, -20.046306 ], [ -44.040705, -20.0463349 ], [ -44.0407195, -20.0463687 ], [ -44.0407366, -20.0464467 ], [ -44.0407442, -20.0465328 ], [ -44.0407467, -20.0466232 ], [ -44.0407452, -20.0470875 ], [ -44.040747, -20.0471327 ], [ -44.0407539, -20.0471794 ], [ -44.0407675, -20.0472258 ], [ -44.0407883, -20.0472691 ], [ -44.0408166, -20.0473063 ], [ -44.0408525, -20.0473349 ], [ -44.0408956, -20.0473541 ], [ -44.0409399, -20.0473646 ], [ -44.0409794, -20.0473689 ], [ -44.0410212, -20.0473668 ], [ -44.0410211, -20.0474317 ], [ -44.0410408, -20.0478428 ], [ -44.0410475, -20.0480936 ], [ -44.0410434, -20.048311 ], [ -44.0410349, -20.048397 ], [ -44.0410205, -20.0484773 ], [ -44.0409981, -20.0485507 ], [ -44.0409648, -20.0486148 ], [ -44.0409169, -20.0486664 ], [ -44.0408496, -20.0487039 ], [ -44.0407676, -20.0487288 ], [ -44.0406753, -20.0487449 ], [ -44.0405757, -20.0487548 ], [ -44.0404712, -20.0487604 ], [ -44.0402534, -20.0487642 ], [ -44.0396935, -20.0487605 ], [ -44.0394726, -20.0487616 ], [ -44.0392593, -20.0487693 ], [ -44.0391577, -20.0487774 ], [ -44.0390612, -20.0487899 ], [ -44.0389719, -20.0488086 ], [ -44.0388924, -20.0488356 ], [ -44.0388257, -20.0488711 ], [ -44.0387637, -20.0489107 ], [ -44.0386987, -20.0489476 ], [ -44.038625, -20.048976 ], [ -44.0385426, -20.0489969 ], [ -44.0384519, -20.0490121 ], [ -44.0383419, -20.049023 ], [ -44.0380793, -20.0490347 ], [ -44.0378046, -20.0490373 ], [ -44.0374101, -20.0490334 ], [ -44.0374074, -20.0491263 ], [ -44.0374106, -20.0491888 ], [ -44.037422, -20.0492449 ], [ -44.0374322, -20.049266 ], [ -44.0374461, -20.0492804 ], [ -44.0374653, -20.0492903 ], [ -44.0375133, -20.0493021 ], [ -44.0375919, -20.0493141 ], [ -44.0376376, -20.0493278 ], [ -44.0376553, -20.0493391 ], [ -44.0376682, -20.0493549 ], [ -44.0376831, -20.0493959 ], [ -44.0376894, -20.0494443 ], [ -44.0376917, -20.049523 ], [ -44.0376879, -20.0501446 ], [ -44.0375888, -20.0501425 ], [ -44.0375253, -20.0501448 ], [ -44.0374542, -20.0501506 ], [ -44.0373805, -20.0501612 ], [ -44.037309, -20.0501777 ], [ -44.0372446, -20.0502018 ], [ -44.0371945, -20.0502315 ], [ -44.037154, -20.0502659 ], [ -44.0370659, -20.0503655 ], [ -44.03703, -20.0503942 ], [ -44.0369529, -20.0504471 ], [ -44.0369179, -20.0504766 ], [ -44.03689, -20.0505083 ], [ -44.0368166, -20.0506121 ], [ -44.0367884, -20.0506435 ], [ -44.0367532, -20.0506728 ], [ -44.0366767, -20.0507262 ], [ -44.0366416, -20.0507556 ], [ -44.0366134, -20.0507871 ], [ -44.0365395, -20.0508904 ], [ -44.0365113, -20.0509218 ], [ -44.0364761, -20.0509512 ], [ -44.0363994, -20.0510045 ], [ -44.0363641, -20.0510337 ], [ -44.0363358, -20.051065 ], [ -44.0362619, -20.0511684 ], [ -44.0362339, -20.0512 ], [ -44.0361988, -20.0512293 ], [ -44.0361217, -20.0512823 ], [ -44.0360861, -20.0513112 ], [ -44.0360575, -20.0513423 ], [ -44.0359791, -20.0514535 ], [ -44.0359453, -20.0514948 ], [ -44.0358185, -20.0516205 ], [ -44.0357852, -20.0516636 ], [ -44.0357632, -20.0517047 ], [ -44.0357493, -20.0517433 ], [ -44.0357421, -20.0517761 ], [ -44.0357404, -20.0517997 ], [ -44.0357434, -20.0518112 ], [ -44.0355055, -20.0518152 ], [ -44.0353886, -20.0518107 ], [ -44.0353381, -20.0518051 ], [ -44.0352977, -20.0517965 ], [ -44.0352658, -20.0517841 ], [ -44.0352399, -20.0517667 ], [ -44.0352229, -20.0517465 ], [ -44.0352099, -20.0517229 ], [ -44.0351684, -20.0516195 ], [ -44.0351541, -20.0515971 ], [ -44.0351353, -20.0515784 ], [ -44.0351073, -20.0515628 ], [ -44.0350736, -20.051552 ], [ -44.0350358, -20.0515447 ], [ -44.0347844, -20.0515222 ], [ -44.0347466, -20.0515149 ], [ -44.0347128, -20.0515041 ], [ -44.0346848, -20.0514885 ], [ -44.0346661, -20.0514698 ], [ -44.0346517, -20.0514474 ], [ -44.0346102, -20.051344 ], [ -44.0345973, -20.0513204 ], [ -44.0345803, -20.0513002 ], [ -44.0345544, -20.0512828 ], [ -44.0345225, -20.0512704 ], [ -44.034482, -20.0512618 ], [ -44.0343747, -20.0512531 ], [ -44.0342549, -20.0512517 ], [ -44.0340767, -20.0512557 ], [ -44.0340499, -20.0513239 ], [ -44.0339832, -20.0514632 ], [ -44.0339417, -20.0515783 ], [ -44.0339045, -20.0517153 ], [ -44.0338721, -20.0518678 ], [ -44.033844, -20.0520285 ], [ -44.0337725, -20.0524814 ], [ -44.0337472, -20.0526002 ], [ -44.0337139, -20.0527106 ], [ -44.0336695, -20.0528115 ], [ -44.0336218, -20.0528896 ], [ -44.0334525, -20.0531413 ], [ -44.0333469, -20.0532887 ], [ -44.0332946, -20.0533828 ], [ -44.0331595, -20.0536839 ], [ -44.033079, -20.0538527 ], [ -44.0330414, -20.0539702 ], [ -44.0330152, -20.0540973 ], [ -44.0329972, -20.0542314 ], [ -44.032985, -20.0543705 ], [ -44.0329583, -20.054946 ], [ -44.0329495, -20.055088 ], [ -44.0329364, -20.0552264 ], [ -44.0329168, -20.0553592 ], [ -44.0328876, -20.0554837 ], [ -44.0328448, -20.0555967 ], [ -44.0327994, -20.0556768 ], [ -44.0327487, -20.0557522 ], [ -44.0326884, -20.0558395 ], [ -44.0326239, -20.0559231 ], [ -44.0324216, -20.0561369 ], [ -44.0323312, -20.0562272 ], [ -44.0319423, -20.0565672 ], [ -44.0318555, -20.0566346 ], [ -44.0316975, -20.0567528 ], [ -44.0316353, -20.0567935 ], [ -44.0315964, -20.0568104 ], [ -44.0315767, -20.0568112 ], [ -44.0315838, -20.0573998 ], [ -44.0315821, -20.0576646 ], [ -44.0315748, -20.0578126 ], [ -44.0315679, -20.0578839 ], [ -44.0315578, -20.0579524 ], [ -44.0315435, -20.0580174 ], [ -44.0315236, -20.0580775 ], [ -44.0314963, -20.0581313 ], [ -44.0313846, -20.0582734 ], [ -44.0313583, -20.0583267 ], [ -44.031339, -20.0583859 ], [ -44.0313246, -20.0584493 ], [ -44.0312757, -20.0587863 ], [ -44.0312615, -20.0588499 ], [ -44.0312424, -20.0589093 ], [ -44.0312164, -20.0589628 ], [ -44.0311053, -20.0591055 ], [ -44.0310785, -20.0591583 ], [ -44.0310586, -20.059217 ], [ -44.0310439, -20.0592802 ], [ -44.0310328, -20.0593464 ], [ -44.0310082, -20.0595526 ], [ -44.0309969, -20.0596237 ], [ -44.0309783, -20.0596992 ], [ -44.0309513, -20.0597741 ], [ -44.0309153, -20.0598441 ], [ -44.0307838, -20.0600212 ], [ -44.0307601, -20.0600654 ], [ -44.0307459, -20.0601032 ], [ -44.0307404, -20.0601306 ], [ -44.0307434, -20.0601446 ], [ -44.0309539, -20.0601427 ], [ -44.0309857, -20.0601453 ], [ -44.0310098, -20.0601544 ], [ -44.0310204, -20.0601761 ], [ -44.0310231, -20.0602047 ], [ -44.0310212, -20.0604224 ], [ -44.0316477, -20.0604183 ], [ -44.0318277, -20.0604253 ], [ -44.0319379, -20.0604384 ], [ -44.0319876, -20.0604494 ], [ -44.032032, -20.0604648 ], [ -44.0320694, -20.060486 ], [ -44.0320952, -20.0605102 ], [ -44.0321724, -20.0606203 ], [ -44.0321952, -20.0606407 ], [ -44.0322234, -20.0606543 ], [ -44.0322549, -20.060661 ], [ -44.0322875, -20.060661 ], [ -44.032319, -20.0606543 ], [ -44.0323472, -20.0606407 ], [ -44.03237, -20.0606203 ], [ -44.0324472, -20.0605102 ], [ -44.032473, -20.060486 ], [ -44.0325103, -20.0604648 ], [ -44.0325548, -20.0604494 ], [ -44.0326045, -20.0604384 ], [ -44.0327147, -20.0604253 ], [ -44.0328947, -20.0604183 ], [ -44.0335212, -20.0604224 ], [ -44.0335205, -20.0604774 ], [ -44.0335327, -20.0605485 ], [ -44.0335458, -20.0605861 ], [ -44.033565, -20.0606213 ], [ -44.0335912, -20.0606517 ], [ -44.0336222, -20.0606771 ], [ -44.0337147, -20.0607326 ], [ -44.0337385, -20.0607519 ], [ -44.0337573, -20.0607755 ], [ -44.0338135, -20.0608861 ], [ -44.033831, -20.0609108 ], [ -44.0338533, -20.0609314 ], [ -44.0338857, -20.0609483 ], [ -44.0339243, -20.0609598 ], [ -44.0340138, -20.0609723 ], [ -44.0341125, -20.060977 ], [ -44.0343675, -20.0609817 ], [ -44.0344623, -20.0609897 ], [ -44.0345054, -20.0609974 ], [ -44.0345439, -20.061009 ], [ -44.0345761, -20.061026 ], [ -44.0345983, -20.0610467 ], [ -44.0346157, -20.0610715 ], [ -44.0346728, -20.0611814 ], [ -44.0346927, -20.061204 ], [ -44.034722, -20.0612229 ], [ -44.034764, -20.0612369 ], [ -44.0348165, -20.0612468 ], [ -44.0348759, -20.0612531 ], [ -44.035001, -20.0612583 ], [ -44.0351879, -20.0612557 ], [ -44.0351871, -20.0613151 ], [ -44.0351994, -20.0613908 ], [ -44.035213, -20.0614297 ], [ -44.0352334, -20.0614649 ], [ -44.0352613, -20.0614934 ], [ -44.0352941, -20.0615154 ], [ -44.035389, -20.0615594 ], [ -44.0354137, -20.0615779 ], [ -44.0354325, -20.0616015 ], [ -44.0354471, -20.0616287 ], [ -44.0354836, -20.0617165 ], [ -44.0354989, -20.0617431 ], [ -44.0355186, -20.0617659 ], [ -44.035544, -20.0617838 ], [ -44.0356652, -20.0618386 ], [ -44.0356903, -20.0618567 ], [ -44.0357099, -20.0618797 ], [ -44.0357251, -20.0619063 ], [ -44.0357621, -20.0619937 ], [ -44.035777, -20.0620206 ], [ -44.0357963, -20.0620438 ], [ -44.0358212, -20.0620621 ], [ -44.0359432, -20.0621161 ], [ -44.0359691, -20.0621336 ], [ -44.0359892, -20.0621561 ], [ -44.0360047, -20.0621825 ], [ -44.0360331, -20.062244 ], [ -44.0360534, -20.0622768 ], [ -44.0360795, -20.0623069 ], [ -44.0361121, -20.0623316 ], [ -44.0361507, -20.0623491 ], [ -44.0361918, -20.0623601 ], [ -44.0362647, -20.0623686 ], [ -44.036299, -20.0623668 ], [ -44.0365768, -20.0623668 ], [ -44.0370987, -20.0623616 ], [ -44.0372141, -20.0623648 ], [ -44.0372844, -20.0623725 ], [ -44.0373158, -20.0623796 ], [ -44.0373435, -20.0623899 ], [ -44.0373659, -20.0624046 ], [ -44.037381, -20.0624226 ], [ -44.037392, -20.062444 ], [ -44.0374199, -20.0625436 ], [ -44.0374392, -20.0625888 ], [ -44.0374542, -20.0626068 ], [ -44.0374767, -20.0626215 ], [ -44.0375044, -20.0626318 ], [ -44.03757, -20.0626436 ], [ -44.0376822, -20.0626494 ], [ -44.0382434, -20.0626446 ], [ -44.0384539, -20.0626464 ], [ -44.0384857, -20.0626439 ], [ -44.0385098, -20.0626348 ], [ -44.0385204, -20.062613 ], [ -44.0385231, -20.0625845 ], [ -44.0385212, -20.0623668 ], [ -44.0389749, -20.0623688 ], [ -44.0390232, -20.0623655 ], [ -44.03905, -20.0623587 ], [ -44.0390603, -20.0623527 ], [ -44.0390728, -20.0623342 ], [ -44.0390799, -20.0622964 ], [ -44.0390768, -20.062089 ], [ -44.0396323, -20.062089 ], [ -44.0404656, -20.062089 ] ] ] ] } },
{ "type": "Feature", "properties": { "Sub_bacia": "Rola-Moça", "Area_Ha": 506.924, "Nome": "Rola-Moça" }, "geometry": { "type": "MultiPolygon", "coordinates": [ [ [ [ -44.0342549, -20.0512517 ], [ -44.0343747, -20.0512531 ], [ -44.034482, -20.0512618 ], [ -44.0345225, -20.0512704 ], [ -44.0345544, -20.0512828 ], [ -44.0345803, -20.0513002 ], [ -44.0345973, -20.0513204 ], [ -44.0346102, -20.051344 ], [ -44.0346517, -20.0514474 ], [ -44.0346661, -20.0514698 ], [ -44.0346848, -20.0514885 ], [ -44.0347128, -20.0515041 ], [ -44.0347466, -20.0515149 ], [ -44.0347844, -20.0515222 ], [ -44.0350358, -20.0515447 ], [ -44.0350736, -20.051552 ], [ -44.0351073, -20.0515628 ], [ -44.0351353, -20.0515784 ], [ -44.0351541, -20.0515971 ], [ -44.0351684, -20.0516195 ], [ -44.0352099, -20.0517229 ], [ -44.0352229, -20.0517465 ], [ -44.0352399, -20.0517667 ], [ -44.0352658, -20.0517841 ], [ -44.0352977, -20.0517965 ], [ -44.0353381, -20.0518051 ], [ -44.0353886, -20.0518107 ], [ -44.0355055, -20.0518152 ], [ -44.0357434, -20.0518112 ], [ -44.0357404, -20.0517997 ], [ -44.0357421, -20.0517761 ], [ -44.0357493, -20.0517433 ], [ -44.0357632, -20.0517047 ], [ -44.0357852, -20.0516636 ], [ -44.0358185, -20.0516205 ], [ -44.0359453, -20.0514948 ], [ -44.0359791, -20.0514535 ], [ -44.0360575, -20.0513423 ], [ -44.0360861, -20.0513112 ], [ -44.0361217, -20.0512823 ], [ -44.0361988, -20.0512293 ], [ -44.0362339, -20.0512 ], [ -44.0362619, -20.0511684 ], [ -44.0363358, -20.051065 ], [ -44.0363641, -20.0510337 ], [ -44.0363994, -20.0510045 ], [ -44.0364761, -20.0509512 ], [ -44.0365113, -20.0509218 ], [ -44.0365395, -20.0508904 ], [ -44.0366134, -20.0507871 ], [ -44.0366416, -20.0507556 ], [ -44.0366767, -20.0507262 ], [ -44.0367532, -20.0506728 ], [ -44.0367884, -20.0506435 ], [ -44.0368166, -20.0506121 ], [ -44.03689, -20.0505083 ], [ -44.0369179, -20.0504766 ], [ -44.0369529, -20.0504471 ], [ -44.03703, -20.0503942 ], [ -44.0370659, -20.0503655 ], [ -44.037154, -20.0502659 ], [ -44.0371945, -20.0502315 ], [ -44.0372446, -20.0502018 ], [ -44.037309, -20.0501777 ], [ -44.0373805, -20.0501612 ], [ -44.0374542, -20.0501506 ], [ -44.0375253, -20.0501448 ], [ -44.0375888, -20.0501425 ], [ -44.0376879, -20.0501446 ], [ -44.0376917, -20.049523 ], [ -44.0376894, -20.0494443 ], [ -44.0376831, -20.0493959 ], [ -44.0376682, -20.0493549 ], [ -44.0376553, -20.0493391 ], [ -44.0376376, -20.0493278 ], [ -44.0375919, -20.0493141 ], [ -44.0375133, -20.0493021 ], [ -44.0374653, -20.0492903 ], [ -44.0374461, -20.0492804 ], [ -44.0374322, -20.049266 ], [ -44.037422, -20.0492449 ], [ -44.0374106, -20.0491888 ], [ -44.0374074, -20.0491263 ], [ -44.0374101, -20.0490334 ], [ -44.0378046, -20.0490373 ], [ -44.0380793, -20.0490347 ], [ -44.0383419, -20.049023 ], [ -44.0384519, -20.0490121 ], [ -44.0385426, -20.0489969 ], [ -44.038625, -20.048976 ], [ -44.0386987, -20.0489476 ], [ -44.0387637, -20.0489107 ], [ -44.0388257, -20.0488711 ], [ -44.0388924, -20.0488356 ], [ -44.0389719, -20.0488086 ], [ -44.0390612, -20.0487899 ], [ -44.0391577, -20.0487774 ], [ -44.0392593, -20.0487693 ], [ -44.0394726, -20.0487616 ], [ -44.0396935, -20.0487605 ], [ -44.0402534, -20.0487642 ], [ -44.0404712, -20.0487604 ], [ -44.0405757, -20.0487548 ], [ -44.0406753, -20.0487449 ], [ -44.0407676, -20.0487288 ], [ -44.0408496, -20.0487039 ], [ -44.0409169, -20.0486664 ], [ -44.0409648, -20.0486148 ], [ -44.0409981, -20.0485507 ], [ -44.0410205, -20.0484773 ], [ -44.0410349, -20.048397 ], [ -44.0410434, -20.048311 ], [ -44.0410475, -20.0480936 ], [ -44.0410408, -20.0478428 ], [ -44.0410211, -20.0474317 ], [ -44.0410212, -20.0473668 ], [ -44.0409794, -20.0473689 ], [ -44.0409399, -20.0473646 ], [ -44.0408956, -20.0473541 ], [ -44.0408525, -20.0473349 ], [ -44.0408166, -20.0473063 ], [ -44.0407883, -20.0472691 ], [ -44.0407675, -20.0472258 ], [ -44.0407539, -20.0471794 ], [ -44.040747, -20.0471327 ], [ -44.0407452, -20.0470875 ], [ -44.0407467, -20.0466232 ], [ -44.0407442, -20.0465328 ], [ -44.0407366, -20.0464467 ], [ -44.0407195, -20.0463687 ], [ -44.040705, -20.0463349 ], [ -44.0406846, -20.046306 ], [ -44.0406565, -20.0462825 ], [ -44.0405555, -20.0462263 ], [ -44.0405267, -20.0462034 ], [ -44.0405054, -20.0461753 ], [ -44.04049, -20.0461423 ], [ -44.040479, -20.0461054 ], [ -44.0404661, -20.0460238 ], [ -44.0404596, -20.0458896 ], [ -44.0404656, -20.0454223 ], [ -44.0404973, -20.0454248 ], [ -44.0405276, -20.0454226 ], [ -44.0405631, -20.0454166 ], [ -44.0406005, -20.0454055 ], [ -44.040636, -20.0453879 ], [ -44.0406712, -20.0453581 ], [ -44.0406984, -20.0453198 ], [ -44.0407179, -20.0452759 ], [ -44.0407303, -20.0452298 ], [ -44.0407487, -20.0450565 ], [ -44.0407665, -20.0449791 ], [ -44.0407814, -20.0449456 ], [ -44.0408023, -20.0449172 ], [ -44.0408258, -20.0448977 ], [ -44.0409104, -20.0448512 ], [ -44.0409371, -20.0448344 ], [ -44.0409598, -20.0448142 ], [ -44.0409796, -20.0447849 ], [ -44.0409935, -20.0447504 ], [ -44.0410095, -20.0446716 ], [ -44.0410263, -20.0445007 ], [ -44.0410328, -20.0444601 ], [ -44.0410426, -20.0444222 ], [ -44.0410572, -20.0443884 ], [ -44.0410788, -20.0443605 ], [ -44.0411068, -20.0443412 ], [ -44.0411411, -20.0443274 ], [ -44.0412225, -20.0443106 ], [ -44.0413586, -20.0442968 ], [ -44.041406, -20.0442879 ], [ -44.0414522, -20.0442731 ], [ -44.0414937, -20.0442517 ], [ -44.0415274, -20.044223 ], [ -44.0415527, -20.0441852 ], [ -44.0415684, -20.0441438 ], [ -44.0415766, -20.0441035 ], [ -44.0415796, -20.0440689 ], [ -44.0415768, -20.0440334 ], [ -44.04214, -20.0440405 ], [ -44.0423069, -20.0440402 ], [ -44.0424641, -20.0440321 ], [ -44.0425122, -20.0440257 ], [ -44.0425567, -20.0440163 ], [ -44.0425965, -20.0440027 ], [ -44.0426297, -20.0439836 ], [ -44.0426547, -20.0439588 ], [ -44.0426746, -20.0439295 ], [ -44.0427268, -20.0438353 ], [ -44.0427492, -20.0438082 ], [ -44.0427779, -20.0437852 ], [ -44.0428772, -20.0437275 ], [ -44.0429061, -20.0437046 ], [ -44.0429286, -20.0436776 ], [ -44.0429804, -20.0435831 ], [ -44.0429998, -20.0435534 ], [ -44.0430243, -20.0435281 ], [ -44.043057, -20.0435086 ], [ -44.0430963, -20.0434946 ], [ -44.0431405, -20.0434849 ], [ -44.0432396, -20.0434741 ], [ -44.0434426, -20.043471 ], [ -44.043799, -20.0434779 ], [ -44.0442527, -20.0434799 ], [ -44.044301, -20.0434766 ], [ -44.0443277, -20.0434698 ], [ -44.044338, -20.0434638 ], [ -44.0443506, -20.0434452 ], [ -44.0443576, -20.0434074 ], [ -44.0443545, -20.0432001 ], [ -44.0449101, -20.0432001 ], [ -44.0449101, -20.0429223 ], [ -44.0449093, -20.0428628 ], [ -44.0449211, -20.0427867 ], [ -44.0449343, -20.0427475 ], [ -44.0449544, -20.0427121 ], [ -44.0449819, -20.0426833 ], [ -44.0450144, -20.042661 ], [ -44.0451084, -20.0426161 ], [ -44.0451327, -20.0425973 ], [ -44.0451513, -20.0425736 ], [ -44.045203, -20.0424591 ], [ -44.0452194, -20.0424335 ], [ -44.045241, -20.0424123 ], [ -44.0452693, -20.0423968 ], [ -44.045303, -20.0423861 ], [ -44.045381, -20.0423735 ], [ -44.0455907, -20.0423549 ], [ -44.0456283, -20.0423475 ], [ -44.045662, -20.0423367 ], [ -44.0456903, -20.0423213 ], [ -44.0457119, -20.0423001 ], [ -44.0457283, -20.0422744 ], [ -44.0457656, -20.0421873 ], [ -44.04578, -20.0421599 ], [ -44.0457986, -20.0421362 ], [ -44.0458229, -20.0421174 ], [ -44.0459169, -20.0420725 ], [ -44.0459494, -20.0420502 ], [ -44.0459769, -20.0420214 ], [ -44.045997, -20.041986 ], [ -44.0460103, -20.0419468 ], [ -44.046022, -20.0418707 ], [ -44.0460212, -20.0418112 ], [ -44.0460438, -20.0418111 ], [ -44.0460861, -20.0417926 ], [ -44.0461518, -20.0417471 ], [ -44.0464036, -20.0415448 ], [ -44.0466088, -20.0413536 ], [ -44.046779, -20.0412015 ], [ -44.0469305, -20.0410429 ], [ -44.047063, -20.0409186 ], [ -44.0472059, -20.0407631 ], [ -44.0473342, -20.0406351 ], [ -44.0475264, -20.040403 ], [ -44.0475821, -20.0403318 ], [ -44.0476378, -20.0402406 ], [ -44.0477369, -20.0400477 ], [ -44.0477929, -20.0399567 ], [ -44.0480418, -20.0396541 ], [ -44.0481703, -20.0395263 ], [ -44.0483133, -20.039371 ], [ -44.0484457, -20.0392466 ], [ -44.0485909, -20.0390931 ], [ -44.0487242, -20.0389694 ], [ -44.0488696, -20.0388161 ], [ -44.0490054, -20.0386894 ], [ -44.0491814, -20.038497 ], [ -44.049347, -20.0383235 ], [ -44.0495648, -20.0380579 ], [ -44.0496068, -20.038 ], [ -44.0496319, -20.0379482 ], [ -44.0496323, -20.0379223 ], [ -44.0496469, -20.037925 ], [ -44.0496743, -20.0379208 ], [ -44.0497111, -20.0379095 ], [ -44.0497531, -20.03789 ], [ -44.0497935, -20.0378639 ], [ -44.0499219, -20.0377614 ], [ -44.0499715, -20.0377301 ], [ -44.050036, -20.0377022 ], [ -44.0501041, -20.0376837 ], [ -44.0501709, -20.0376733 ], [ -44.0503772, -20.0376553 ], [ -44.0505092, -20.0376385 ], [ -44.0505687, -20.0376247 ], [ -44.0506213, -20.0376048 ], [ -44.0506642, -20.0375767 ], [ -44.0506964, -20.0375369 ], [ -44.0507185, -20.0374885 ], [ -44.0507333, -20.0374338 ], [ -44.0507428, -20.0373746 ], [ -44.0507487, -20.0373123 ], [ -44.0507537, -20.0371819 ], [ -44.0507455, -20.0362322 ], [ -44.0507434, -20.0354223 ], [ -44.050734, -20.0344722 ], [ -44.0507351, -20.0342558 ], [ -44.0507412, -20.034116 ], [ -44.0507473, -20.0340488 ], [ -44.0507566, -20.0339843 ], [ -44.0507703, -20.0339236 ], [ -44.05079, -20.033868 ], [ -44.0508177, -20.0338192 ], [ -44.0508473, -20.0337851 ], [ -44.0509492, -20.033694 ], [ -44.0509839, -20.0336543 ], [ -44.0510483, -20.0335705 ], [ -44.0510843, -20.0335319 ], [ -44.0512307, -20.0334194 ], [ -44.0512669, -20.0333809 ], [ -44.0513314, -20.0332973 ], [ -44.0513661, -20.0332576 ], [ -44.0514699, -20.0331681 ], [ -44.0515007, -20.033135 ], [ -44.0515287, -20.0330895 ], [ -44.0515493, -20.0330334 ], [ -44.0515641, -20.0329627 ], [ -44.0515739, -20.0328814 ], [ -44.0515823, -20.0327048 ], [ -44.0515768, -20.0323668 ], [ -44.0515505, -20.0323667 ], [ -44.0515014, -20.0323457 ], [ -44.0514539, -20.0323139 ], [ -44.0511567, -20.0320744 ], [ -44.0510877, -20.0320101 ], [ -44.050959, -20.0318828 ], [ -44.0508126, -20.0317519 ], [ -44.0506689, -20.0315972 ], [ -44.0505341, -20.0314748 ], [ -44.0503917, -20.031319 ], [ -44.0502601, -20.0311938 ], [ -44.0500095, -20.0308928 ], [ -44.0499655, -20.0308193 ], [ -44.0498544, -20.0305811 ], [ -44.0498105, -20.0305076 ], [ -44.0497539, -20.0304371 ], [ -44.0496941, -20.0303694 ], [ -44.0496063, -20.0302594 ], [ -44.0495603, -20.0302062 ], [ -44.0494287, -20.030081 ], [ -44.0492864, -20.0299251 ], [ -44.0491514, -20.0298028 ], [ -44.0489989, -20.0296373 ], [ -44.0488331, -20.0294716 ], [ -44.0485982, -20.0291879 ], [ -44.0485502, -20.0291232 ], [ -44.048528, -20.0290808 ], [ -44.0485186, -20.0290495 ], [ -44.0485212, -20.0290334 ], [ -44.0484763, -20.029023 ], [ -44.0484043, -20.0290399 ], [ -44.0483201, -20.0290887 ], [ -44.0482371, -20.029178 ], [ -44.048165, -20.0293041 ], [ -44.048106, -20.0294599 ], [ -44.0480602, -20.0296367 ], [ -44.0480272, -20.0298252 ], [ -44.0480062, -20.0300156 ], [ -44.0479961, -20.0301984 ], [ -44.0479919, -20.0308532 ], [ -44.0479856, -20.0310113 ], [ -44.0479744, -20.0311651 ], [ -44.0479564, -20.0313131 ], [ -44.0479288, -20.0314528 ], [ -44.0478881, -20.0315814 ], [ -44.0478298, -20.0316948 ], [ -44.0477742, -20.0317662 ], [ -44.0477109, -20.0318309 ], [ -44.0476309, -20.0319013 ], [ -44.0475406, -20.0319629 ], [ -44.04742, -20.0320182 ], [ -44.0472851, -20.0320612 ], [ -44.0468546, -20.0321683 ], [ -44.0467204, -20.032212 ], [ -44.0462617, -20.0324141 ], [ -44.0461466, -20.0324742 ], [ -44.0460555, -20.032535 ], [ -44.0458225, -20.0327123 ], [ -44.0455316, -20.0329788 ], [ -44.0453837, -20.0331299 ], [ -44.0452441, -20.0332629 ], [ -44.0450568, -20.033451 ], [ -44.0446832, -20.0337979 ], [ -44.0444638, -20.0339795 ], [ -44.0444085, -20.0340182 ], [ -44.0443737, -20.0340339 ], [ -44.0443545, -20.0340334 ], [ -44.044234, -20.0340301 ], [ -44.0441746, -20.0340316 ], [ -44.0441288, -20.0340383 ], [ -44.044113, -20.0340446 ], [ -44.0441004, -20.0340537 ], [ -44.0440922, -20.0340652 ], [ -44.0440832, -20.0340945 ], [ -44.0440768, -20.0342186 ], [ -44.0440684, -20.034267 ], [ -44.0440534, -20.0342912 ], [ -44.0440402, -20.0342997 ], [ -44.0440238, -20.0343055 ], [ -44.043985, -20.0343119 ], [ -44.0439188, -20.0343147 ], [ -44.0435212, -20.0343112 ], [ -44.0435265, -20.0344398 ], [ -44.0435242, -20.0345119 ], [ -44.0435162, -20.034545 ], [ -44.043509, -20.0345587 ], [ -44.0434987, -20.0345697 ], [ -44.0434676, -20.0345828 ], [ -44.0434062, -20.0345896 ], [ -44.0431259, -20.0345875 ], [ -44.043059, -20.0345896 ], [ -44.0430192, -20.0345952 ], [ -44.0429882, -20.0346083 ], [ -44.0429778, -20.0346193 ], [ -44.0429706, -20.0346329 ], [ -44.0429626, -20.0346661 ], [ -44.0429604, -20.0347382 ], [ -44.0429656, -20.0348668 ], [ -44.0425447, -20.0348623 ], [ -44.0423241, -20.0348673 ], [ -44.0422221, -20.0348735 ], [ -44.0421327, -20.0348829 ], [ -44.0420601, -20.0348964 ], [ -44.0419963, -20.034915 ], [ -44.0419404, -20.0349403 ], [ -44.0418955, -20.0349712 ], [ -44.0418133, -20.0350398 ], [ -44.0417672, -20.0350698 ], [ -44.0417115, -20.0350934 ], [ -44.0416488, -20.0351111 ], [ -44.0415812, -20.0351245 ], [ -44.0412968, -20.0351665 ], [ -44.0412299, -20.0351805 ], [ -44.0411678, -20.0351987 ], [ -44.0411128, -20.0352229 ], [ -44.041067, -20.0352532 ], [ -44.040984, -20.035321 ], [ -44.0409381, -20.0353511 ], [ -44.0408789, -20.0353762 ], [ -44.0408115, -20.0353942 ], [ -44.0407379, -20.0354068 ], [ -44.0405782, -20.0354214 ], [ -44.0403216, -20.0354287 ], [ -44.0390768, -20.0354223 ], [ -44.0389679, -20.0354201 ], [ -44.0388225, -20.0354276 ], [ -44.0387452, -20.0354381 ], [ -44.0386727, -20.0354551 ], [ -44.038611, -20.0354802 ], [ -44.0385675, -20.0355115 ], [ -44.038537, -20.0355468 ], [ -44.0384901, -20.0356179 ], [ -44.0384623, -20.0356497 ], [ -44.0384264, -20.0356784 ], [ -44.0383477, -20.0357299 ], [ -44.0383121, -20.0357589 ], [ -44.0382843, -20.0357906 ], [ -44.0382353, -20.0358598 ], [ -44.0382082, -20.0358921 ], [ -44.0381753, -20.0359195 ], [ -44.0381309, -20.035941 ], [ -44.0380787, -20.0359557 ], [ -44.0380207, -20.0359656 ], [ -44.0379587, -20.0359719 ], [ -44.037827, -20.0359781 ], [ -44.0374862, -20.0359836 ], [ -44.0373579, -20.0359926 ], [ -44.0372989, -20.0360016 ], [ -44.0372456, -20.0360154 ], [ -44.0372, -20.0360359 ], [ -44.0371661, -20.0360624 ], [ -44.0371125, -20.0361277 ], [ -44.0370806, -20.0361619 ], [ -44.0370365, -20.0361927 ], [ -44.0369752, -20.0362181 ], [ -44.0369035, -20.0362358 ], [ -44.0368273, -20.0362473 ], [ -44.0366845, -20.036257 ], [ -44.0365767, -20.0362556 ], [ -44.0365787, -20.0364733 ], [ -44.0365759, -20.0365019 ], [ -44.0365653, -20.0365236 ], [ -44.0365412, -20.0365327 ], [ -44.0365095, -20.0365353 ], [ -44.036299, -20.0365334 ], [ -44.0363058, -20.0365552 ], [ -44.036293, -20.0365889 ], [ -44.0362588, -20.0366285 ], [ -44.0362106, -20.0366622 ], [ -44.0361464, -20.0366939 ], [ -44.0360691, -20.0367233 ], [ -44.0359643, -20.0367561 ], [ -44.0357426, -20.0368182 ], [ -44.0356407, -20.0368506 ], [ -44.0355546, -20.0368859 ], [ -44.0354892, -20.036924 ], [ -44.0353671, -20.0370046 ], [ -44.0352973, -20.03704 ], [ -44.0351514, -20.0371053 ], [ -44.0350836, -20.0371424 ], [ -44.0350252, -20.0371875 ], [ -44.0349802, -20.0372416 ], [ -44.0349441, -20.0373033 ], [ -44.0348509, -20.0375013 ], [ -44.0348133, -20.0375617 ], [ -44.0347751, -20.0376082 ], [ -44.0346928, -20.0376963 ], [ -44.0346052, -20.0378065 ], [ -44.0345591, -20.0378596 ], [ -44.0344248, -20.0379825 ], [ -44.0342841, -20.0381398 ], [ -44.0341472, -20.0382604 ], [ -44.0340056, -20.038417 ], [ -44.0338692, -20.038538 ], [ -44.0338211, -20.038592 ], [ -44.0336742, -20.0387956 ], [ -44.0336291, -20.0388625 ], [ -44.0335903, -20.0389331 ], [ -44.0335572, -20.0390196 ], [ -44.0335356, -20.0391053 ], [ -44.0335234, -20.0391836 ], [ -44.0335182, -20.0392482 ], [ -44.033518, -20.0392926 ], [ -44.0335212, -20.0393112 ], [ -44.0331702, -20.0393042 ], [ -44.0329636, -20.0393075 ], [ -44.0328632, -20.0393186 ], [ -44.0328191, -20.0393285 ], [ -44.0327799, -20.0393425 ], [ -44.032747, -20.0393619 ], [ -44.032722, -20.0393868 ], [ -44.0327019, -20.0394158 ], [ -44.0326478, -20.0395084 ], [ -44.0326248, -20.039535 ], [ -44.0325956, -20.0395576 ], [ -44.0324962, -20.0396152 ], [ -44.0324673, -20.039638 ], [ -44.0324445, -20.0396648 ], [ -44.0323729, -20.0397886 ], [ -44.0323501, -20.0398154 ], [ -44.032321, -20.0398381 ], [ -44.0322205, -20.0398948 ], [ -44.032191, -20.039917 ], [ -44.0321677, -20.0399433 ], [ -44.0320961, -20.0400673 ], [ -44.0320737, -20.0400944 ], [ -44.0320436, -20.040119 ], [ -44.0319678, -20.0401727 ], [ -44.0319308, -20.0402043 ], [ -44.0319, -20.0402404 ], [ -44.0318784, -20.0402798 ], [ -44.0318642, -20.0403202 ], [ -44.0318525, -20.0403899 ], [ -44.0318545, -20.0404223 ], [ -44.0310212, -20.0404223 ], [ -44.0310253, -20.0404349 ], [ -44.031024, -20.0404595 ], [ -44.0310162, -20.0404926 ], [ -44.031, -20.0405301 ], [ -44.0309735, -20.0405681 ], [ -44.0309319, -20.0406049 ], [ -44.0308787, -20.0406367 ], [ -44.0308178, -20.0406636 ], [ -44.0305839, -20.0407419 ], [ -44.0305414, -20.040765 ], [ -44.0305083, -20.0407922 ], [ -44.0304214, -20.0408845 ], [ -44.0303872, -20.0409107 ], [ -44.0303433, -20.0409326 ], [ -44.0302936, -20.0409495 ], [ -44.0300783, -20.041003 ], [ -44.0300298, -20.041021 ], [ -44.0299875, -20.0410442 ], [ -44.029955, -20.0410719 ], [ -44.0298757, -20.0411706 ], [ -44.0298471, -20.0412017 ], [ -44.0298116, -20.0412308 ], [ -44.0297346, -20.0412838 ], [ -44.0296991, -20.0413129 ], [ -44.0296706, -20.041344 ], [ -44.0295922, -20.0414436 ], [ -44.0295598, -20.0414714 ], [ -44.0295139, -20.0414955 ], [ -44.02946, -20.0415127 ], [ -44.0293999, -20.0415247 ], [ -44.0292667, -20.0415379 ], [ -44.0291865, -20.0415408 ], [ -44.0289972, -20.0415418 ], [ -44.0285212, -20.0415334 ], [ -44.0284608, -20.0415326 ], [ -44.0283851, -20.0415421 ], [ -44.028347, -20.0415529 ], [ -44.0283133, -20.0415692 ], [ -44.0282868, -20.0415922 ], [ -44.0282682, -20.0416197 ], [ -44.0282567, -20.0416488 ], [ -44.0282416, -20.0417055 ], [ -44.0282318, -20.0417318 ], [ -44.0282185, -20.0417552 ], [ -44.0282, -20.0417741 ], [ -44.0281757, -20.0417873 ], [ -44.0281465, -20.0417962 ], [ -44.0280783, -20.0418058 ], [ -44.0278529, -20.0418167 ], [ -44.0277861, -20.0418274 ], [ -44.0277576, -20.041837 ], [ -44.0277341, -20.0418508 ], [ -44.0277164, -20.0418704 ], [ -44.0277037, -20.0418942 ], [ -44.02767, -20.0420042 ], [ -44.0276584, -20.0420291 ], [ -44.0276422, -20.04205 ], [ -44.0276204, -20.0420652 ], [ -44.0275933, -20.042076 ], [ -44.0275284, -20.0420886 ], [ -44.0274394, -20.0420935 ], [ -44.0271323, -20.042089 ], [ -44.0271323, -20.0423668 ], [ -44.0270279, -20.0423646 ], [ -44.0269606, -20.0423689 ], [ -44.02693, -20.0423741 ], [ -44.0269044, -20.0423821 ], [ -44.0268861, -20.0423935 ], [ -44.0268758, -20.0424082 ], [ -44.0268648, -20.042445 ], [ -44.0268538, -20.0425513 ], [ -44.0268447, -20.0425898 ], [ -44.0268367, -20.0426062 ], [ -44.0268253, -20.0426196 ], [ -44.0268093, -20.0426296 ], [ -44.0267896, -20.0426365 ], [ -44.0267431, -20.0426443 ], [ -44.026664, -20.0426479 ], [ -44.0260212, -20.0426446 ], [ -44.0259624, -20.042642 ], [ -44.0259013, -20.0426436 ], [ -44.0258274, -20.0426491 ], [ -44.025747, -20.0426601 ], [ -44.0256668, -20.0426784 ], [ -44.0255936, -20.0427059 ], [ -44.0255315, -20.0427443 ], [ -44.0254819, -20.0427887 ], [ -44.0254069, -20.0428721 ], [ -44.0252599, -20.0429841 ], [ -44.0251535, -20.0431013 ], [ -44.0251104, -20.0431338 ], [ -44.0250582, -20.0431571 ], [ -44.0249975, -20.0431731 ], [ -44.0249308, -20.0431839 ], [ -44.024786, -20.0431958 ], [ -44.0244078, -20.0432118 ], [ -44.0243367, -20.0432188 ], [ -44.0242697, -20.0432294 ], [ -44.0242085, -20.0432449 ], [ -44.0241552, -20.0432673 ], [ -44.0241106, -20.0432985 ], [ -44.024034, -20.0433718 ], [ -44.0239919, -20.0434052 ], [ -44.0239426, -20.043431 ], [ -44.0238868, -20.0434512 ], [ -44.0237025, -20.0435001 ], [ -44.0236365, -20.0435244 ], [ -44.0235731, -20.0435575 ], [ -44.0235151, -20.0436002 ], [ -44.0234124, -20.0436893 ], [ -44.023363, -20.0437236 ], [ -44.0233219, -20.0437433 ], [ -44.0232855, -20.0437547 ], [ -44.0232582, -20.0437587 ], [ -44.0232434, -20.0437557 ], [ -44.0221323, -20.0437557 ], [ -44.0221323, -20.044589 ], [ -44.0219927, -20.044592 ], [ -44.0217988, -20.0445866 ], [ -44.0216912, -20.0445779 ], [ -44.0215855, -20.0445632 ], [ -44.0214885, -20.044541 ], [ -44.0214071, -20.0445098 ], [ -44.0213528, -20.0444747 ], [ -44.0212403, -20.0443589 ], [ -44.0210941, -20.0442448 ], [ -44.0209787, -20.0441335 ], [ -44.0209333, -20.0441022 ], [ -44.0208712, -20.0440753 ], [ -44.0207999, -20.0440563 ], [ -44.0207219, -20.0440432 ], [ -44.0206391, -20.0440343 ], [ -44.0204648, -20.0440253 ], [ -44.020196, -20.0440264 ], [ -44.0200215, -20.0440365 ], [ -44.0199384, -20.0440456 ], [ -44.0198597, -20.0440588 ], [ -44.0197873, -20.0440772 ], [ -44.0197232, -20.0441028 ], [ -44.0196751, -20.044132 ], [ -44.0195883, -20.0441983 ], [ -44.0195415, -20.0442284 ], [ -44.0194795, -20.0442553 ], [ -44.0194093, -20.0442752 ], [ -44.0193329, -20.0442896 ], [ -44.0192517, -20.0442999 ], [ -44.0191648, -20.044307 ], [ -44.0189475, -20.0443145 ], [ -44.018703, -20.0443158 ], [ -44.0182434, -20.0443112 ], [ -44.0182133, -20.0443072 ], [ -44.018148, -20.0443121 ], [ -44.0180583, -20.0443288 ], [ -44.0179562, -20.0443607 ], [ -44.0178751, -20.044398 ], [ -44.0177943, -20.044444 ], [ -44.017608, -20.0445636 ], [ -44.0175104, -20.0446357 ], [ -44.0174458, -20.0446955 ], [ -44.0173913, -20.0447553 ], [ -44.017286, -20.0448795 ], [ -44.0172308, -20.0449511 ], [ -44.0171883, -20.0450258 ], [ -44.0170837, -20.0452696 ], [ -44.0170441, -20.0453469 ], [ -44.0169458, -20.0455005 ], [ -44.0169063, -20.0455778 ], [ -44.0168368, -20.0457405 ], [ -44.0167996, -20.0458198 ], [ -44.0167559, -20.0458935 ], [ -44.0165521, -20.046142 ], [ -44.0165058, -20.0461949 ], [ -44.0163746, -20.0463204 ], [ -44.0162313, -20.0464756 ], [ -44.0160968, -20.0465982 ], [ -44.0159523, -20.0467523 ], [ -44.0158175, -20.0468747 ], [ -44.0156732, -20.0470289 ], [ -44.0155212, -20.0471652 ], [ -44.0153206, -20.0473579 ], [ -44.0150288, -20.0475934 ], [ -44.0149827, -20.0476241 ], [ -44.0149354, -20.0476445 ], [ -44.01491, -20.0476446 ], [ -44.0149063, -20.0478329 ], [ -44.0149112, -20.0478751 ], [ -44.0149206, -20.0478979 ], [ -44.0149286, -20.0479064 ], [ -44.0149399, -20.0479127 ], [ -44.0149691, -20.0479194 ], [ -44.0151121, -20.0479238 ], [ -44.0151443, -20.0479279 ], [ -44.0151693, -20.0479382 ], [ -44.0151829, -20.0479575 ], [ -44.0151892, -20.0479829 ], [ -44.0151919, -20.0480268 ], [ -44.0151878, -20.0482001 ], [ -44.0153425, -20.048198 ], [ -44.0154827, -20.0482065 ], [ -44.0155524, -20.0482168 ], [ -44.0156156, -20.0482326 ], [ -44.0156676, -20.0482552 ], [ -44.0157009, -20.048281 ], [ -44.0157234, -20.0483098 ], [ -44.0157804, -20.0483999 ], [ -44.0158038, -20.0484261 ], [ -44.0158327, -20.048449 ], [ -44.0159295, -20.0485088 ], [ -44.0159581, -20.0485319 ], [ -44.0159815, -20.0485582 ], [ -44.0160411, -20.048646 ], [ -44.0160636, -20.0486731 ], [ -44.0160906, -20.0486962 ], [ -44.0161287, -20.0487164 ], [ -44.0161731, -20.0487313 ], [ -44.0162218, -20.0487425 ], [ -44.0163759, -20.0487691 ], [ -44.0164248, -20.0487801 ], [ -44.0164696, -20.0487946 ], [ -44.0165081, -20.0488144 ], [ -44.0165355, -20.0488373 ], [ -44.0165582, -20.0488641 ], [ -44.016618, -20.0489518 ], [ -44.0166414, -20.0489781 ], [ -44.01667, -20.0490011 ], [ -44.0167675, -20.0490604 ], [ -44.0167982, -20.0490843 ], [ -44.0168273, -20.0491142 ], [ -44.0169159, -20.0492202 ], [ -44.0169491, -20.0492517 ], [ -44.0169852, -20.0492771 ], [ -44.0170245, -20.0492955 ], [ -44.0170626, -20.049307 ], [ -44.0170957, -20.0493128 ], [ -44.01712, -20.049314 ], [ -44.0171323, -20.0493112 ], [ -44.0171303, -20.0493918 ], [ -44.0171361, -20.0494633 ], [ -44.0171435, -20.049498 ], [ -44.0171552, -20.0495284 ], [ -44.0171721, -20.049552 ], [ -44.0171936, -20.0495662 ], [ -44.0172184, -20.0495748 ], [ -44.0173263, -20.0496012 ], [ -44.0173495, -20.0496111 ], [ -44.0173686, -20.0496245 ], [ -44.0173831, -20.0496429 ], [ -44.0173934, -20.049665 ], [ -44.0174189, -20.0497667 ], [ -44.0174375, -20.0498124 ], [ -44.0174525, -20.0498304 ], [ -44.0174721, -20.0498434 ], [ -44.0175215, -20.0498606 ], [ -44.0176022, -20.0498806 ], [ -44.0176261, -20.0498899 ], [ -44.0176462, -20.0499024 ], [ -44.0176618, -20.0499199 ], [ -44.017673, -20.0499412 ], [ -44.0176811, -20.0499651 ], [ -44.0177049, -20.0500686 ], [ -44.0177181, -20.0500924 ], [ -44.01774, -20.0501126 ], [ -44.0177693, -20.0501269 ], [ -44.0178041, -20.0501364 ], [ -44.0178416, -20.0501423 ], [ -44.0179124, -20.0501462 ], [ -44.0179656, -20.0501446 ], [ -44.017967, -20.0501617 ], [ -44.0179557, -20.050197 ], [ -44.0179314, -20.0502456 ], [ -44.0178234, -20.0504115 ], [ -44.0177821, -20.0504957 ], [ -44.0177473, -20.0505891 ], [ -44.0177188, -20.0506869 ], [ -44.0176957, -20.0507839 ], [ -44.0176605, -20.0509553 ], [ -44.0176417, -20.0510319 ], [ -44.0176182, -20.0511046 ], [ -44.017588, -20.0511715 ], [ -44.0174924, -20.0513282 ], [ -44.0174626, -20.0514041 ], [ -44.0174416, -20.0514876 ], [ -44.017427, -20.0515766 ], [ -44.017417, -20.0516697 ], [ -44.0174057, -20.0518637 ], [ -44.017401, -20.0520636 ], [ -44.0173985, -20.0524696 ], [ -44.0174033, -20.0528726 ], [ -44.0174141, -20.0530668 ], [ -44.0174242, -20.0531596 ], [ -44.0174396, -20.053248 ], [ -44.0174623, -20.0533299 ], [ -44.0174954, -20.053403 ], [ -44.0175299, -20.0534529 ], [ -44.017609, -20.0535442 ], [ -44.0176532, -20.053601 ], [ -44.0178462, -20.0538699 ], [ -44.0178871, -20.0539388 ], [ -44.0179231, -20.0540234 ], [ -44.0179473, -20.0541073 ], [ -44.0179619, -20.0541841 ], [ -44.0179688, -20.0542476 ], [ -44.0179697, -20.0542918 ], [ -44.0179656, -20.0543112 ], [ -44.0181054, -20.0543088 ], [ -44.0182351, -20.0543134 ], [ -44.0183012, -20.0543198 ], [ -44.0183628, -20.0543301 ], [ -44.0184158, -20.0543451 ], [ -44.0184562, -20.0543658 ], [ -44.0184816, -20.0543914 ], [ -44.0185374, -20.0544825 ], [ -44.0185586, -20.0545107 ], [ -44.0185851, -20.0545343 ], [ -44.0186196, -20.0545523 ], [ -44.0186601, -20.0545652 ], [ -44.0187046, -20.0545747 ], [ -44.0188938, -20.0546029 ], [ -44.0189376, -20.054613 ], [ -44.0189773, -20.0546265 ], [ -44.0190111, -20.0546452 ], [ -44.0190372, -20.0546692 ], [ -44.0191167, -20.0547863 ], [ -44.0191424, -20.0548106 ], [ -44.0191759, -20.0548295 ], [ -44.0192154, -20.0548432 ], [ -44.0192591, -20.0548534 ], [ -44.0194495, -20.0548806 ], [ -44.0194947, -20.0548895 ], [ -44.0195359, -20.0549017 ], [ -44.0195711, -20.0549192 ], [ -44.019599, -20.0549433 ], [ -44.0196824, -20.055047 ], [ -44.019715, -20.0550804 ], [ -44.0197517, -20.0551076 ], [ -44.0197932, -20.0551274 ], [ -44.0198343, -20.0551396 ], [ -44.0198703, -20.0551458 ], [ -44.0198969, -20.0551472 ], [ -44.0199101, -20.0551446 ], [ -44.021299, -20.0551446 ], [ -44.0212989, -20.0551668 ], [ -44.0213211, -20.0552105 ], [ -44.0213579, -20.0552605 ], [ -44.0215576, -20.0554989 ], [ -44.021716, -20.055669 ], [ -44.0219012, -20.0558778 ], [ -44.0220514, -20.0560392 ], [ -44.0222432, -20.0562796 ], [ -44.0222967, -20.0563527 ], [ -44.0223513, -20.0564449 ], [ -44.0224484, -20.0566395 ], [ -44.0224995, -20.0567347 ], [ -44.0225954, -20.0568904 ], [ -44.0227456, -20.0571784 ], [ -44.0228016, -20.0572694 ], [ -44.0228561, -20.0573417 ], [ -44.0230462, -20.0575756 ], [ -44.0231708, -20.0577067 ], [ -44.0233111, -20.0578644 ], [ -44.0234363, -20.057995 ], [ -44.0236292, -20.0582265 ], [ -44.0236853, -20.0582974 ], [ -44.0237438, -20.0583863 ], [ -44.0238509, -20.0585723 ], [ -44.0239088, -20.0586617 ], [ -44.024088, -20.0588849 ], [ -44.0241559, -20.0589657 ], [ -44.0242816, -20.0590959 ], [ -44.0244284, -20.0592559 ], [ -44.0245841, -20.0594126 ], [ -44.024931, -20.0597888 ], [ -44.0251294, -20.0600282 ], [ -44.0251659, -20.0600785 ], [ -44.0251878, -20.0601224 ], [ -44.0251878, -20.0601446 ], [ -44.026299, -20.0601446 ], [ -44.0265767, -20.0601446 ], [ -44.0276712, -20.0601382 ], [ -44.0278816, -20.0601441 ], [ -44.0280119, -20.0601567 ], [ -44.0280714, -20.0601678 ], [ -44.0281252, -20.0601837 ], [ -44.0281715, -20.0602062 ], [ -44.0282054, -20.0602327 ], [ -44.028291, -20.0603261 ], [ -44.0283241, -20.0603533 ], [ -44.0283667, -20.0603763 ], [ -44.0284154, -20.0603941 ], [ -44.028468, -20.0604085 ], [ -44.0286304, -20.0604478 ], [ -44.0286797, -20.060465 ], [ -44.028723, -20.0604874 ], [ -44.0287565, -20.0605142 ], [ -44.0288409, -20.0606087 ], [ -44.0288736, -20.0606362 ], [ -44.0289164, -20.060659 ], [ -44.0289691, -20.0606758 ], [ -44.0290369, -20.0606879 ], [ -44.0291163, -20.0606961 ], [ -44.0292026, -20.060701 ], [ -44.0293784, -20.0607042 ], [ -44.0296323, -20.0607001 ], [ -44.0296282, -20.0605269 ], [ -44.029631, -20.0604829 ], [ -44.0296373, -20.0604575 ], [ -44.0296509, -20.0604383 ], [ -44.0296758, -20.0604279 ], [ -44.029708, -20.0604238 ], [ -44.0298511, -20.0604194 ], [ -44.0298802, -20.0604127 ], [ -44.0298915, -20.0604065 ], [ -44.0298995, -20.0603979 ], [ -44.0299089, -20.0603751 ], [ -44.0299138, -20.060333 ], [ -44.0299101, -20.0601446 ], [ -44.0307434, -20.0601446 ], [ -44.0307404, -20.0601306 ], [ -44.0307459, -20.0601032 ], [ -44.0307601, -20.0600654 ], [ -44.0307838, -20.0600212 ], [ -44.0309153, -20.0598441 ], [ -44.0309513, -20.0597741 ], [ -44.0309783, -20.0596992 ], [ -44.0309969, -20.0596237 ], [ -44.0310082, -20.0595526 ], [ -44.0310328, -20.0593464 ], [ -44.0310439, -20.0592802 ], [ -44.0310586, -20.059217 ], [ -44.0310785, -20.0591583 ], [ -44.0311053, -20.0591055 ], [ -44.0312164, -20.0589628 ], [ -44.0312424, -20.0589093 ], [ -44.0312615, -20.0588499 ], [ -44.0312757, -20.0587863 ], [ -44.0313246, -20.0584493 ], [ -44.031339, -20.0583859 ], [ -44.0313583, -20.0583267 ], [ -44.0313846, -20.0582734 ], [ -44.0314963, -20.0581313 ], [ -44.0315236, -20.0580775 ], [ -44.0315435, -20.0580174 ], [ -44.0315578, -20.0579524 ], [ -44.0315679, -20.0578839 ], [ -44.0315748, -20.0578126 ], [ -44.0315821, -20.0576646 ], [ -44.0315838, -20.0573998 ], [ -44.0315767, -20.0568112 ], [ -44.0315964, -20.0568104 ], [ -44.0316353, -20.0567935 ], [ -44.0316975, -20.0567528 ], [ -44.0318555, -20.0566346 ], [ -44.0319423, -20.0565672 ], [ -44.0323312, -20.0562272 ], [ -44.0324216, -20.0561369 ], [ -44.0326239, -20.0559231 ], [ -44.0326884, -20.0558395 ], [ -44.0327487, -20.0557522 ], [ -44.0327994, -20.0556768 ], [ -44.0328448, -20.0555967 ], [ -44.0328876, -20.0554837 ], [ -44.0329168, -20.0553592 ], [ -44.0329364, -20.0552264 ], [ -44.0329495, -20.055088 ], [ -44.0329583, -20.054946 ], [ -44.032985, -20.0543705 ], [ -44.0329972, -20.0542314 ], [ -44.0330152, -20.0540973 ], [ -44.0330414, -20.0539702 ], [ -44.033079, -20.0538527 ], [ -44.0331595, -20.0536839 ], [ -44.0332946, -20.0533828 ], [ -44.0333469, -20.0532887 ], [ -44.0334525, -20.0531413 ], [ -44.0336218, -20.0528896 ], [ -44.0336695, -20.0528115 ], [ -44.0337139, -20.0527106 ], [ -44.0337472, -20.0526002 ], [ -44.0337725, -20.0524814 ], [ -44.033844, -20.0520285 ], [ -44.0338721, -20.0518678 ], [ -44.0339045, -20.0517153 ], [ -44.0339417, -20.0515783 ], [ -44.0339832, -20.0514632 ], [ -44.0340499, -20.0513239 ], [ -44.0340767, -20.0512557 ], [ -44.0342549, -20.0512517 ] ] ] ] } },
{ "type": "Feature", "properties": { "Sub_bacia": "Barreirinho", "Area_Ha": 636.597, "Nome": "Barreirinho" }, "geometry": { "type": "MultiPolygon", "coordinates": [ [ [ [ -44.0137982, -20.0468118 ], [ -44.0138868, -20.0468153 ], [ -44.0139671, -20.0468258 ], [ -44.0140017, -20.0468358 ], [ -44.0140304, -20.0468509 ], [ -44.0140496, -20.0468692 ], [ -44.0140641, -20.0468915 ], [ -44.0140985, -20.0469726 ], [ -44.0141157, -20.0470017 ], [ -44.0141379, -20.0470286 ], [ -44.0141656, -20.047051 ], [ -44.0142037, -20.0470695 ], [ -44.0142449, -20.0470814 ], [ -44.0143191, -20.0470908 ], [ -44.0143545, -20.047089 ], [ -44.0143492, -20.0472176 ], [ -44.0143515, -20.0472897 ], [ -44.0143595, -20.0473228 ], [ -44.0143667, -20.0473365 ], [ -44.014377, -20.0473475 ], [ -44.014408, -20.0473606 ], [ -44.0144695, -20.0473674 ], [ -44.0147498, -20.0473653 ], [ -44.0148167, -20.0473674 ], [ -44.0148565, -20.047373 ], [ -44.0148875, -20.0473861 ], [ -44.0148979, -20.0473971 ], [ -44.0149051, -20.0474107 ], [ -44.0149131, -20.0474439 ], [ -44.0149153, -20.047516 ], [ -44.01491, -20.0476446 ], [ -44.0149354, -20.0476445 ], [ -44.0149827, -20.0476241 ], [ -44.0150288, -20.0475934 ], [ -44.0153206, -20.0473579 ], [ -44.0155212, -20.0471652 ], [ -44.0156732, -20.0470289 ], [ -44.0158175, -20.0468747 ], [ -44.0159523, -20.0467523 ], [ -44.0160968, -20.0465982 ], [ -44.0162313, -20.0464756 ], [ -44.0163746, -20.0463204 ], [ -44.0165058, -20.0461949 ], [ -44.0165521, -20.046142 ], [ -44.0167559, -20.0458935 ], [ -44.0167996, -20.0458198 ], [ -44.0168368, -20.0457405 ], [ -44.0169063, -20.0455778 ], [ -44.0169458, -20.0455005 ], [ -44.0170441, -20.0453469 ], [ -44.0170837, -20.0452696 ], [ -44.0171883, -20.0450258 ], [ -44.0172308, -20.0449511 ], [ -44.017286, -20.0448795 ], [ -44.0173913, -20.0447553 ], [ -44.0174458, -20.0446955 ], [ -44.0175104, -20.0446357 ], [ -44.017608, -20.0445636 ], [ -44.0177943, -20.044444 ], [ -44.0178751, -20.044398 ], [ -44.0179562, -20.0443607 ], [ -44.0180583, -20.0443288 ], [ -44.018148, -20.0443121 ], [ -44.0182133, -20.0443072 ], [ -44.0182434, -20.0443112 ], [ -44.018703, -20.0443158 ], [ -44.0189475, -20.0443145 ], [ -44.0191648, -20.044307 ], [ -44.0192517, -20.0442999 ], [ -44.0193329, -20.0442896 ], [ -44.0194093, -20.0442752 ], [ -44.0194795, -20.0442553 ], [ -44.0195415, -20.0442284 ], [ -44.0195883, -20.0441983 ], [ -44.0196751, -20.044132 ], [ -44.0197232, -20.0441028 ], [ -44.0197873, -20.0440772 ], [ -44.0198597, -20.0440588 ], [ -44.0199384, -20.0440456 ], [ -44.0200215, -20.0440365 ], [ -44.020196, -20.0440264 ], [ -44.0204648, -20.0440253 ], [ -44.0206391, -20.0440343 ], [ -44.0207219, -20.0440432 ], [ -44.0207999, -20.0440563 ], [ -44.0208712, -20.0440753 ], [ -44.0209333, -20.0441022 ], [ -44.0209787, -20.0441335 ], [ -44.0210941, -20.0442448 ], [ -44.0212403, -20.0443589 ], [ -44.0213528, -20.0444747 ], [ -44.0214071, -20.0445098 ], [ -44.0214885, -20.044541 ], [ -44.0215855, -20.0445632 ], [ -44.0216912, -20.0445779 ], [ -44.0217988, -20.0445866 ], [ -44.0219927, -20.044592 ], [ -44.0221323, -20.044589 ], [ -44.0221323, -20.0437557 ], [ -44.0232434, -20.0437557 ], [ -44.0232582, -20.0437587 ], [ -44.0232855, -20.0437547 ], [ -44.0233219, -20.0437433 ], [ -44.023363, -20.0437236 ], [ -44.0234124, -20.0436893 ], [ -44.0235151, -20.0436002 ], [ -44.0235731, -20.0435575 ], [ -44.0236365, -20.0435244 ], [ -44.0237025, -20.0435001 ], [ -44.0238868, -20.0434512 ], [ -44.0239426, -20.043431 ], [ -44.0239919, -20.0434052 ], [ -44.024034, -20.0433718 ], [ -44.0241106, -20.0432985 ], [ -44.0241552, -20.0432673 ], [ -44.0242085, -20.0432449 ], [ -44.0242697, -20.0432294 ], [ -44.0243367, -20.0432188 ], [ -44.0244078, -20.0432118 ], [ -44.024786, -20.0431958 ], [ -44.0249308, -20.0431839 ], [ -44.0249975, -20.0431731 ], [ -44.0250582, -20.0431571 ], [ -44.0251104, -20.0431338 ], [ -44.0251535, -20.0431013 ], [ -44.0252599, -20.0429841 ], [ -44.0254069, -20.0428721 ], [ -44.0254819, -20.0427887 ], [ -44.0255315, -20.0427443 ], [ -44.0255936, -20.0427059 ], [ -44.0256668, -20.0426784 ], [ -44.025747, -20.0426601 ], [ -44.0258274, -20.0426491 ], [ -44.0259013, -20.0426436 ], [ -44.0259624, -20.042642 ], [ -44.0260212, -20.0426446 ], [ -44.026664, -20.0426479 ], [ -44.0267431, -20.0426443 ], [ -44.0267896, -20.0426365 ], [ -44.0268093, -20.0426296 ], [ -44.0268253, -20.0426196 ], [ -44.0268367, -20.0426062 ], [ -44.0268447, -20.0425898 ], [ -44.0268538, -20.0425513 ], [ -44.0268648, -20.042445 ], [ -44.0268758, -20.0424082 ], [ -44.0268861, -20.0423935 ], [ -44.0269044, -20.0423821 ], [ -44.02693, -20.0423741 ], [ -44.0269606, -20.0423689 ], [ -44.0270279, -20.0423646 ], [ -44.0271323, -20.0423668 ], [ -44.0271323, -20.042089 ], [ -44.0274394, -20.0420935 ], [ -44.0275284, -20.0420886 ], [ -44.0275933, -20.042076 ], [ -44.0276204, -20.0420652 ], [ -44.0276422, -20.04205 ], [ -44.0276584, -20.0420291 ], [ -44.02767, -20.0420042 ], [ -44.0277037, -20.0418942 ], [ -44.0277164, -20.0418704 ], [ -44.0277341, -20.0418508 ], [ -44.0277576, -20.041837 ], [ -44.0277861, -20.0418274 ], [ -44.0278529, -20.0418167 ], [ -44.0280783, -20.0418058 ], [ -44.0281465, -20.0417962 ], [ -44.0281757, -20.0417873 ], [ -44.0282, -20.0417741 ], [ -44.0282185, -20.0417552 ], [ -44.0282318, -20.0417318 ], [ -44.0282416, -20.0417055 ], [ -44.0282567, -20.0416488 ], [ -44.0282682, -20.0416197 ], [ -44.0282868, -20.0415922 ], [ -44.0283133, -20.0415692 ], [ -44.028347, -20.0415529 ], [ -44.0283851, -20.0415421 ], [ -44.0284608, -20.0415326 ], [ -44.0285212, -20.0415334 ], [ -44.0289972, -20.0415418 ], [ -44.0291865, -20.0415408 ], [ -44.0292667, -20.0415379 ], [ -44.0293999, -20.0415247 ], [ -44.02946, -20.0415127 ], [ -44.0295139, -20.0414955 ], [ -44.0295598, -20.0414714 ], [ -44.0295922, -20.0414436 ], [ -44.0296706, -20.041344 ], [ -44.0296991, -20.0413129 ], [ -44.0297346, -20.0412838 ], [ -44.0298116, -20.0412308 ], [ -44.0298471, -20.0412017 ], [ -44.0298757, -20.0411706 ], [ -44.029955, -20.0410719 ], [ -44.0299875, -20.0410442 ], [ -44.0300298, -20.041021 ], [ -44.0300783, -20.041003 ], [ -44.0302936, -20.0409495 ], [ -44.0303433, -20.0409326 ], [ -44.0303872, -20.0409107 ], [ -44.0304214, -20.0408845 ], [ -44.0305083, -20.0407922 ], [ -44.0305414, -20.040765 ], [ -44.0305839, -20.0407419 ], [ -44.0308178, -20.0406636 ], [ -44.0308787, -20.0406367 ], [ -44.0309319, -20.0406049 ], [ -44.0309735, -20.0405681 ], [ -44.031, -20.0405301 ], [ -44.0310162, -20.0404926 ], [ -44.031024, -20.0404595 ], [ -44.0310253, -20.0404349 ], [ -44.0310212, -20.0404223 ], [ -44.0318545, -20.0404223 ], [ -44.0318525, -20.0403899 ], [ -44.0318642, -20.0403202 ], [ -44.0318784, -20.0402798 ], [ -44.0319, -20.0402404 ], [ -44.0319308, -20.0402043 ], [ -44.0319678, -20.0401727 ], [ -44.0320436, -20.040119 ], [ -44.0320737, -20.0400944 ], [ -44.0320961, -20.0400673 ], [ -44.0321677, -20.0399433 ], [ -44.032191, -20.039917 ], [ -44.0322205, -20.0398948 ], [ -44.032321, -20.0398381 ], [ -44.0323501, -20.0398154 ], [ -44.0323729, -20.0397886 ], [ -44.0324445, -20.0396648 ], [ -44.0324673, -20.039638 ], [ -44.0324962, -20.0396152 ], [ -44.0325956, -20.0395576 ], [ -44.0326248, -20.039535 ], [ -44.0326478, -20.0395084 ], [ -44.0327019, -20.0394158 ], [ -44.032722, -20.0393868 ], [ -44.032747, -20.0393619 ], [ -44.0327799, -20.0393425 ], [ -44.0328191, -20.0393285 ], [ -44.0328632, -20.0393186 ], [ -44.0329636, -20.0393075 ], [ -44.0331702, -20.0393042 ], [ -44.0335212, -20.0393112 ], [ -44.033518, -20.0392926 ], [ -44.0335182, -20.0392482 ], [ -44.0335234, -20.0391836 ], [ -44.0335356, -20.0391053 ], [ -44.0335572, -20.0390196 ], [ -44.0335903, -20.0389331 ], [ -44.0336291, -20.0388625 ], [ -44.0336742, -20.0387956 ], [ -44.0338211, -20.038592 ], [ -44.0338692, -20.038538 ], [ -44.0340056, -20.038417 ], [ -44.0341472, -20.0382604 ], [ -44.0342841, -20.0381398 ], [ -44.0344248, -20.0379825 ], [ -44.0345591, -20.0378596 ], [ -44.0346052, -20.0378065 ], [ -44.0346928, -20.0376963 ], [ -44.0347751, -20.0376082 ], [ -44.0348133, -20.0375617 ], [ -44.0348509, -20.0375013 ], [ -44.0349441, -20.0373033 ], [ -44.0349802, -20.0372416 ], [ -44.0350252, -20.0371875 ], [ -44.0350836, -20.0371424 ], [ -44.0351514, -20.0371053 ], [ -44.0352973, -20.03704 ], [ -44.0353671, -20.0370046 ], [ -44.0354892, -20.036924 ], [ -44.0355546, -20.0368859 ], [ -44.0356407, -20.0368506 ], [ -44.0357426, -20.0368182 ], [ -44.0359643, -20.0367561 ], [ -44.0360691, -20.0367233 ], [ -44.0361464, -20.0366939 ], [ -44.0362106, -20.0366622 ], [ -44.0362588, -20.0366285 ], [ -44.036293, -20.0365889 ], [ -44.0363058, -20.0365552 ], [ -44.036299, -20.0365334 ], [ -44.0365095, -20.0365353 ], [ -44.0365412, -20.0365327 ], [ -44.0365653, -20.0365236 ], [ -44.0365759, -20.0365019 ], [ -44.0365787, -20.0364733 ], [ -44.0365767, -20.0362556 ], [ -44.0366845, -20.036257 ], [ -44.0368273, -20.0362473 ], [ -44.0369035, -20.0362358 ], [ -44.0369752, -20.0362181 ], [ -44.0370365, -20.0361927 ], [ -44.0370806, -20.0361619 ], [ -44.0371125, -20.0361277 ], [ -44.0371661, -20.0360624 ], [ -44.0372, -20.0360359 ], [ -44.0372456, -20.0360154 ], [ -44.0372989, -20.0360016 ], [ -44.0373579, -20.0359926 ], [ -44.0374862, -20.0359836 ], [ -44.037827, -20.0359781 ], [ -44.0379587, -20.0359719 ], [ -44.0380207, -20.0359656 ], [ -44.0380787, -20.0359557 ], [ -44.0381309, -20.035941 ], [ -44.0381753, -20.0359195 ], [ -44.0382082, -20.0358921 ], [ -44.0382353, -20.0358598 ], [ -44.0382843, -20.0357906 ], [ -44.0383121, -20.0357589 ], [ -44.0383477, -20.0357299 ], [ -44.0384264, -20.0356784 ], [ -44.0384623, -20.0356497 ], [ -44.0384901, -20.0356179 ], [ -44.038537, -20.0355468 ], [ -44.0385675, -20.0355115 ], [ -44.038611, -20.0354802 ], [ -44.0386727, -20.0354551 ], [ -44.0387452, -20.0354381 ], [ -44.0388225, -20.0354276 ], [ -44.0389679, -20.0354201 ], [ -44.0390768, -20.0354223 ], [ -44.0403216, -20.0354287 ], [ -44.0405782, -20.0354214 ], [ -44.0407379, -20.0354068 ], [ -44.0408115, -20.0353942 ], [ -44.0408789, -20.0353762 ], [ -44.0409381, -20.0353511 ], [ -44.040984, -20.035321 ], [ -44.041067, -20.0352532 ], [ -44.0411128, -20.0352229 ], [ -44.0411678, -20.0351987 ], [ -44.0412299, -20.0351805 ], [ -44.0412968, -20.0351665 ], [ -44.0415812, -20.0351245 ], [ -44.0416488, -20.0351111 ], [ -44.0417115, -20.0350934 ], [ -44.0417672, -20.0350698 ], [ -44.0418133, -20.0350398 ], [ -44.0418955, -20.0349712 ], [ -44.0419404, -20.0349403 ], [ -44.0419963, -20.034915 ], [ -44.0420601, -20.0348964 ], [ -44.0421327, -20.0348829 ], [ -44.0422221, -20.0348735 ], [ -44.0423241, -20.0348673 ], [ -44.0425447, -20.0348623 ], [ -44.0429656, -20.0348668 ], [ -44.0429604, -20.0347382 ], [ -44.0429626, -20.0346661 ], [ -44.0429706, -20.0346329 ], [ -44.0429778, -20.0346193 ], [ -44.0429882, -20.0346083 ], [ -44.0430192, -20.0345952 ], [ -44.043059, -20.0345896 ], [ -44.0431259, -20.0345875 ], [ -44.0434062, -20.0345896 ], [ -44.0434676, -20.0345828 ], [ -44.0434987, -20.0345697 ], [ -44.043509, -20.0345587 ], [ -44.0435162, -20.034545 ], [ -44.0435242, -20.0345119 ], [ -44.0435265, -20.0344398 ], [ -44.0435212, -20.0343112 ], [ -44.0439188, -20.0343147 ], [ -44.043985, -20.0343119 ], [ -44.0440238, -20.0343055 ], [ -44.0440402, -20.0342997 ], [ -44.0440534, -20.0342912 ], [ -44.0440684, -20.034267 ], [ -44.0440768, -20.0342186 ], [ -44.0440832, -20.0340945 ], [ -44.0440922, -20.0340652 ], [ -44.0441004, -20.0340537 ], [ -44.044113, -20.0340446 ], [ -44.0441288, -20.0340383 ], [ -44.0441746, -20.0340316 ], [ -44.044234, -20.0340301 ], [ -44.0443545, -20.0340334 ], [ -44.0443737, -20.0340339 ], [ -44.0444085, -20.0340182 ], [ -44.0444638, -20.0339795 ], [ -44.0446832, -20.0337979 ], [ -44.0450568, -20.033451 ], [ -44.0452441, -20.0332629 ], [ -44.0453837, -20.0331299 ], [ -44.0455316, -20.0329788 ], [ -44.0458225, -20.0327123 ], [ -44.0460555, -20.032535 ], [ -44.0461466, -20.0324742 ], [ -44.0462617, -20.0324141 ], [ -44.0467204, -20.032212 ], [ -44.0468546, -20.0321683 ], [ -44.0472851, -20.0320612 ], [ -44.04742, -20.0320182 ], [ -44.0475406, -20.0319629 ], [ -44.0476309, -20.0319013 ], [ -44.0477109, -20.0318309 ], [ -44.0477742, -20.0317662 ], [ -44.0478298, -20.0316948 ], [ -44.0478881, -20.0315814 ], [ -44.0479288, -20.0314528 ], [ -44.0479564, -20.0313131 ], [ -44.0479744, -20.0311651 ], [ -44.0479856, -20.0310113 ], [ -44.0479919, -20.0308532 ], [ -44.0479961, -20.0301984 ], [ -44.0480062, -20.0300156 ], [ -44.0480272, -20.0298252 ], [ -44.0480602, -20.0296367 ], [ -44.048106, -20.0294599 ], [ -44.048165, -20.0293041 ], [ -44.0482371, -20.029178 ], [ -44.0483201, -20.0290887 ], [ -44.0484043, -20.0290399 ], [ -44.0484763, -20.029023 ], [ -44.0485212, -20.0290334 ], [ -44.0485186, -20.0290495 ], [ -44.048528, -20.0290808 ], [ -44.0485502, -20.0291232 ], [ -44.0485982, -20.0291879 ], [ -44.0488331, -20.0294716 ], [ -44.0489989, -20.0296373 ], [ -44.0491514, -20.0298028 ], [ -44.0492864, -20.0299251 ], [ -44.0494287, -20.030081 ], [ -44.0495603, -20.0302062 ], [ -44.0496063, -20.0302594 ], [ -44.0496941, -20.0303694 ], [ -44.0497539, -20.0304371 ], [ -44.0498105, -20.0305076 ], [ -44.0498544, -20.0305811 ], [ -44.0499655, -20.0308193 ], [ -44.0500095, -20.0308928 ], [ -44.0502601, -20.0311938 ], [ -44.0503917, -20.031319 ], [ -44.0505341, -20.0314748 ], [ -44.0506689, -20.0315972 ], [ -44.0508126, -20.0317519 ], [ -44.050959, -20.0318828 ], [ -44.0510877, -20.0320101 ], [ -44.0511567, -20.0320744 ], [ -44.0514539, -20.0323139 ], [ -44.0515014, -20.0323457 ], [ -44.0515505, -20.0323667 ], [ -44.0515768, -20.0323668 ], [ -44.0517711, -20.0323696 ], [ -44.0518159, -20.0323634 ], [ -44.0518376, -20.0323522 ], [ -44.0518489, -20.0323326 ], [ -44.0518536, -20.0323074 ], [ -44.0518541, -20.0321763 ], [ -44.0518573, -20.0321352 ], [ -44.0518648, -20.0321123 ], [ -44.0518812, -20.0320969 ], [ -44.051907, -20.0320893 ], [ -44.0519547, -20.0320855 ], [ -44.0521323, -20.032089 ], [ -44.0521917, -20.0320899 ], [ -44.0522669, -20.0320809 ], [ -44.0523051, -20.0320705 ], [ -44.0523391, -20.0320547 ], [ -44.0523666, -20.0320322 ], [ -44.0523865, -20.0320053 ], [ -44.0523996, -20.0319764 ], [ -44.052416, -20.0319204 ], [ -44.0524389, -20.0318706 ], [ -44.0524564, -20.0318509 ], [ -44.0524789, -20.0318361 ], [ -44.0525053, -20.0318247 ], [ -44.0525909, -20.0317961 ], [ -44.0526165, -20.0317841 ], [ -44.0526381, -20.0317686 ], [ -44.0526547, -20.031748 ], [ -44.052667, -20.0317238 ], [ -44.0526934, -20.0316423 ], [ -44.0527161, -20.0315923 ], [ -44.0527336, -20.0315726 ], [ -44.0527567, -20.0315584 ], [ -44.0527847, -20.0315483 ], [ -44.0528505, -20.0315368 ], [ -44.0531117, -20.0315226 ], [ -44.0531454, -20.0315171 ], [ -44.0531766, -20.0315051 ], [ -44.0532027, -20.0314849 ], [ -44.0532221, -20.0314557 ], [ -44.0532347, -20.0314204 ], [ -44.0532455, -20.0313444 ], [ -44.0532434, -20.0312556 ], [ -44.0533103, -20.0312583 ], [ -44.0533787, -20.0312551 ], [ -44.0534605, -20.031246 ], [ -44.0535479, -20.0312288 ], [ -44.053633, -20.031201 ], [ -44.0537003, -20.0311668 ], [ -44.0537601, -20.0311257 ], [ -44.0539122, -20.0309955 ], [ -44.0539565, -20.0309542 ], [ -44.0539956, -20.0309084 ], [ -44.0540257, -20.0308547 ], [ -44.0540488, -20.0307952 ], [ -44.0541054, -20.0306056 ], [ -44.0541284, -20.0305459 ], [ -44.0541576, -20.0304915 ], [ -44.0542706, -20.0303505 ], [ -44.0543003, -20.0302965 ], [ -44.054391, -20.0300567 ], [ -44.0544206, -20.0300027 ], [ -44.0544593, -20.0299565 ], [ -44.0545094, -20.0299201 ], [ -44.0545679, -20.0298909 ], [ -44.0546937, -20.0298401 ], [ -44.0547532, -20.0298116 ], [ -44.0548046, -20.0297764 ], [ -44.0548446, -20.0297313 ], [ -44.0548754, -20.0296783 ], [ -44.0549001, -20.0296201 ], [ -44.0549667, -20.029439 ], [ -44.0549966, -20.0293834 ], [ -44.0550801, -20.0292623 ], [ -44.0551198, -20.0291912 ], [ -44.0551494, -20.0291115 ], [ -44.0551694, -20.0290278 ], [ -44.0551816, -20.0289462 ], [ -44.0551902, -20.0288123 ], [ -44.0551879, -20.0287556 ], [ -44.0551621, -20.0287567 ], [ -44.0551105, -20.0287372 ], [ -44.0550604, -20.028706 ], [ -44.0550049, -20.0286623 ], [ -44.0548611, -20.0285308 ], [ -44.0547815, -20.0284403 ], [ -44.0547212, -20.0283422 ], [ -44.0546771, -20.0282349 ], [ -44.0546492, -20.0281249 ], [ -44.0546369, -20.0280191 ], [ -44.0546357, -20.0279182 ], [ -44.0546399, -20.0278177 ], [ -44.0546497, -20.027719 ], [ -44.0546656, -20.0276238 ], [ -44.054689, -20.0275337 ], [ -44.0547216, -20.0274508 ], [ -44.0548135, -20.0272908 ], [ -44.0548513, -20.0272114 ], [ -44.0549493, -20.02696 ], [ -44.0549872, -20.0268808 ], [ -44.0550803, -20.0267216 ], [ -44.0551168, -20.0266334 ], [ -44.0551455, -20.0265385 ], [ -44.055218, -20.0262427 ], [ -44.0552488, -20.0261499 ], [ -44.0552892, -20.0260653 ], [ -44.0553414, -20.025991 ], [ -44.055484, -20.0258087 ], [ -44.0555297, -20.0257552 ], [ -44.0556614, -20.02563 ], [ -44.0558071, -20.025477 ], [ -44.0561034, -20.0252322 ], [ -44.0561803, -20.0251747 ], [ -44.0562855, -20.0251095 ], [ -44.0564764, -20.0249989 ], [ -44.0565406, -20.024949 ], [ -44.0565699, -20.0249134 ], [ -44.0565818, -20.0248847 ], [ -44.0565768, -20.0248667 ], [ -44.0566325, -20.0248639 ], [ -44.0566901, -20.0248661 ], [ -44.0567601, -20.0248723 ], [ -44.056837, -20.0248841 ], [ -44.0569148, -20.024903 ], [ -44.0569876, -20.0249306 ], [ -44.0570519, -20.0249687 ], [ -44.057106, -20.0250131 ], [ -44.057192, -20.0250989 ], [ -44.0573388, -20.025214 ], [ -44.0574487, -20.0253302 ], [ -44.0574924, -20.0253624 ], [ -44.057547, -20.0253865 ], [ -44.0576097, -20.0254029 ], [ -44.0576778, -20.0254131 ], [ -44.0577493, -20.0254185 ], [ -44.0578224, -20.0254198 ], [ -44.0578954, -20.0254171 ], [ -44.0579667, -20.0254103 ], [ -44.0580348, -20.0253988 ], [ -44.0580976, -20.0253817 ], [ -44.0581529, -20.0253574 ], [ -44.0581984, -20.0253262 ], [ -44.0582797, -20.0252549 ], [ -44.058325, -20.0252231 ], [ -44.0583827, -20.0251971 ], [ -44.0584489, -20.0251784 ], [ -44.0585214, -20.0251652 ], [ -44.0586789, -20.0251498 ], [ -44.0588461, -20.0251431 ], [ -44.0591035, -20.0251387 ], [ -44.0591955, -20.0251327 ], [ -44.0592907, -20.0251203 ], [ -44.0593832, -20.0251009 ], [ -44.0594672, -20.0250742 ], [ -44.0595374, -20.0250398 ], [ -44.0595891, -20.0249983 ], [ -44.059619, -20.0249555 ], [ -44.059634, -20.024915 ], [ -44.0596375, -20.0248835 ], [ -44.0596323, -20.0248667 ], [ -44.0596351, -20.024848 ], [ -44.0596339, -20.0248031 ], [ -44.0596278, -20.0247377 ], [ -44.0596151, -20.0246579 ], [ -44.0595944, -20.0245697 ], [ -44.0595638, -20.0244795 ], [ -44.0595293, -20.0244047 ], [ -44.0594546, -20.0242593 ], [ -44.0594209, -20.0241732 ], [ -44.0593971, -20.02409 ], [ -44.0593805, -20.0240112 ], [ -44.0593363, -20.0237712 ], [ -44.0593168, -20.0236954 ], [ -44.0592914, -20.0236245 ], [ -44.0592577, -20.0235608 ], [ -44.0592212, -20.0235128 ], [ -44.0591408, -20.0234231 ], [ -44.0590147, -20.0232533 ], [ -44.0589355, -20.0231625 ], [ -44.0588999, -20.0231136 ], [ -44.0588674, -20.0230489 ], [ -44.058843, -20.0229772 ], [ -44.0588242, -20.0229008 ], [ -44.0587786, -20.022662 ], [ -44.0587602, -20.0225852 ], [ -44.0587364, -20.022513 ], [ -44.0587044, -20.0224477 ], [ -44.0586691, -20.0223986 ], [ -44.0585895, -20.0223082 ], [ -44.0585033, -20.0221969 ], [ -44.0584574, -20.0221436 ], [ -44.058321, -20.0220226 ], [ -44.0582144, -20.0219087 ], [ -44.0581493, -20.0218461 ], [ -44.0579574, -20.0216974 ], [ -44.0578308, -20.0215934 ], [ -44.0577764, -20.0215573 ], [ -44.0577356, -20.0215389 ], [ -44.0577046, -20.0215312 ], [ -44.0576879, -20.0215334 ], [ -44.057694, -20.0211118 ], [ -44.0576931, -20.0209873 ], [ -44.0576841, -20.0208699 ], [ -44.0576676, -20.0208008 ], [ -44.0576536, -20.0207711 ], [ -44.0576341, -20.0207461 ], [ -44.0576095, -20.0207276 ], [ -44.0574909, -20.0206705 ], [ -44.0574667, -20.0206516 ], [ -44.0574474, -20.0206254 ], [ -44.0574339, -20.0205942 ], [ -44.0574246, -20.0205594 ], [ -44.0574141, -20.020483 ], [ -44.0574058, -20.0203619 ], [ -44.057397, -20.0202839 ], [ -44.057389, -20.020248 ], [ -44.057377, -20.0202156 ], [ -44.057359, -20.0201882 ], [ -44.0573358, -20.0201685 ], [ -44.0572421, -20.0201199 ], [ -44.0572093, -20.0200969 ], [ -44.0571813, -20.0200682 ], [ -44.0571603, -20.0200338 ], [ -44.057146, -20.0199962 ], [ -44.057132, -20.0199239 ], [ -44.0571323, -20.0198667 ], [ -44.053799, -20.0198667 ], [ -44.0536812, -20.0198635 ], [ -44.0536219, -20.0198652 ], [ -44.0535743, -20.0198723 ], [ -44.0535584, -20.0198787 ], [ -44.0535459, -20.0198879 ], [ -44.0535371, -20.0199002 ], [ -44.0535276, -20.0199318 ], [ -44.0535157, -20.0200803 ], [ -44.0535044, -20.0201103 ], [ -44.0534946, -20.0201217 ], [ -44.0534812, -20.02013 ], [ -44.0534461, -20.0201396 ], [ -44.0533005, -20.0201537 ], [ -44.0532689, -20.0201664 ], [ -44.0532583, -20.0201771 ], [ -44.0532456, -20.0202059 ], [ -44.0532402, -20.0202441 ], [ -44.0532434, -20.0204223 ], [ -44.0529335, -20.0204275 ], [ -44.0527485, -20.0204276 ], [ -44.0526099, -20.0204191 ], [ -44.05253, -20.0204036 ], [ -44.052496, -20.0203907 ], [ -44.0524679, -20.0203728 ], [ -44.0524474, -20.0203506 ], [ -44.0524314, -20.0203247 ], [ -44.0523908, -20.0202404 ], [ -44.052374, -20.0202151 ], [ -44.0523525, -20.0201939 ], [ -44.052323, -20.0201771 ], [ -44.0522879, -20.0201652 ], [ -44.0522058, -20.0201516 ], [ -44.0521143, -20.0201459 ], [ -44.0518735, -20.0201423 ], [ -44.0517804, -20.020138 ], [ -44.0516958, -20.0201265 ], [ -44.0516592, -20.0201159 ], [ -44.0516284, -20.0201003 ], [ -44.0516059, -20.0200799 ], [ -44.0515301, -20.0199602 ], [ -44.0515035, -20.0199301 ], [ -44.0514718, -20.0199053 ], [ -44.0514356, -20.0198872 ], [ -44.0513978, -20.0198751 ], [ -44.0513315, -20.0198647 ], [ -44.051299, -20.0198667 ], [ -44.0512995, -20.0199208 ], [ -44.0512864, -20.0199902 ], [ -44.0512729, -20.020027 ], [ -44.0512531, -20.0200616 ], [ -44.0512266, -20.0200916 ], [ -44.0511951, -20.020117 ], [ -44.0511009, -20.0201731 ], [ -44.0510768, -20.0201921 ], [ -44.0510575, -20.0202153 ], [ -44.051042, -20.0202417 ], [ -44.0510014, -20.0203259 ], [ -44.0509851, -20.0203517 ], [ -44.050965, -20.0203741 ], [ -44.0509402, -20.0203926 ], [ -44.0508247, -20.0204522 ], [ -44.0508002, -20.0204709 ], [ -44.0507805, -20.0204937 ], [ -44.0507645, -20.0205197 ], [ -44.0507234, -20.0206036 ], [ -44.0507074, -20.0206296 ], [ -44.0506878, -20.0206525 ], [ -44.0506635, -20.0206713 ], [ -44.0505485, -20.0207314 ], [ -44.0505239, -20.0207499 ], [ -44.0505039, -20.0207725 ], [ -44.0504877, -20.0207983 ], [ -44.0504467, -20.0208823 ], [ -44.0504305, -20.020908 ], [ -44.05041, -20.0209302 ], [ -44.0503793, -20.0209487 ], [ -44.0503357, -20.0209623 ], [ -44.050282, -20.0209716 ], [ -44.0502218, -20.0209774 ], [ -44.050096, -20.0209815 ], [ -44.0499101, -20.0209778 ], [ -44.0485212, -20.0209778 ], [ -44.0485286, -20.0216092 ], [ -44.0485186, -20.0217048 ], [ -44.0485107, -20.0217327 ], [ -44.0484988, -20.0217573 ], [ -44.0484817, -20.0217773 ], [ -44.0484576, -20.021792 ], [ -44.0484282, -20.021802 ], [ -44.0483948, -20.0218086 ], [ -44.0482809, -20.0218169 ], [ -44.0474101, -20.0218112 ], [ -44.0470125, -20.0218077 ], [ -44.0469463, -20.0218104 ], [ -44.0469074, -20.0218168 ], [ -44.0468911, -20.0218227 ], [ -44.0468779, -20.0218312 ], [ -44.0468628, -20.0218553 ], [ -44.0468545, -20.0219037 ], [ -44.0468481, -20.0220279 ], [ -44.0468391, -20.0220572 ], [ -44.0468309, -20.0220687 ], [ -44.0468183, -20.0220778 ], [ -44.0468025, -20.0220841 ], [ -44.0467567, -20.0220908 ], [ -44.0466973, -20.0220923 ], [ -44.0465768, -20.022089 ], [ -44.0465805, -20.0222773 ], [ -44.0465756, -20.0223194 ], [ -44.0465662, -20.0223423 ], [ -44.0465582, -20.0223508 ], [ -44.0465469, -20.0223571 ], [ -44.0465177, -20.0223638 ], [ -44.0463747, -20.0223681 ], [ -44.0463425, -20.0223723 ], [ -44.0463175, -20.0223826 ], [ -44.0463039, -20.0224018 ], [ -44.0462976, -20.0224273 ], [ -44.0462949, -20.0224712 ], [ -44.046299, -20.0226445 ], [ -44.0462701, -20.0226413 ], [ -44.0462065, -20.0226471 ], [ -44.0461178, -20.0226636 ], [ -44.0460141, -20.0226932 ], [ -44.0459292, -20.0227265 ], [ -44.0457495, -20.0228077 ], [ -44.0456242, -20.0228586 ], [ -44.0453787, -20.0229523 ], [ -44.0452782, -20.0229992 ], [ -44.0450903, -20.0231165 ], [ -44.0450026, -20.0231603 ], [ -44.044821, -20.0232427 ], [ -44.0447379, -20.0232905 ], [ -44.0446805, -20.0233339 ], [ -44.0445734, -20.0234274 ], [ -44.0444318, -20.023544 ], [ -44.0442819, -20.0236934 ], [ -44.0441397, -20.0238095 ], [ -44.0440315, -20.0239021 ], [ -44.0439734, -20.0239449 ], [ -44.0438893, -20.0239918 ], [ -44.0437054, -20.0240722 ], [ -44.0436158, -20.0241144 ], [ -44.043486, -20.0241884 ], [ -44.0434185, -20.0242232 ], [ -44.0433225, -20.0242599 ], [ -44.0432184, -20.0242898 ], [ -44.0430015, -20.0243418 ], [ -44.0428962, -20.0243706 ], [ -44.0427986, -20.024406 ], [ -44.0427299, -20.0244397 ], [ -44.0425978, -20.0245123 ], [ -44.0424947, -20.0245569 ], [ -44.0422472, -20.024649 ], [ -44.0421222, -20.0247001 ], [ -44.0419437, -20.0247824 ], [ -44.0418596, -20.0248163 ], [ -44.041757, -20.0248469 ], [ -44.0416691, -20.0248641 ], [ -44.041606, -20.0248703 ], [ -44.0415768, -20.0248667 ], [ -44.0415809, -20.0246935 ], [ -44.0415781, -20.0246496 ], [ -44.0415718, -20.0246241 ], [ -44.0415582, -20.0246049 ], [ -44.0415332, -20.0245945 ], [ -44.041501, -20.0245904 ], [ -44.041358, -20.024586 ], [ -44.0413288, -20.0245793 ], [ -44.0413175, -20.0245731 ], [ -44.0413095, -20.0245645 ], [ -44.0413001, -20.0245417 ], [ -44.0412952, -20.0244996 ], [ -44.041299, -20.0243112 ], [ -44.0396776, -20.0243156 ], [ -44.0394785, -20.0243131 ], [ -44.0393519, -20.0243062 ], [ -44.0392923, -20.0242996 ], [ -44.0392366, -20.0242897 ], [ -44.0391863, -20.024275 ], [ -44.0391435, -20.024254 ], [ -44.0391108, -20.0242265 ], [ -44.039033, -20.0241265 ], [ -44.0390021, -20.0240974 ], [ -44.0389637, -20.0240753 ], [ -44.0389185, -20.0240591 ], [ -44.0388663, -20.0240475 ], [ -44.0388011, -20.0240393 ], [ -44.0387257, -20.024034 ], [ -44.038561, -20.0240296 ], [ -44.0382434, -20.0240334 ], [ -44.0382213, -20.0240379 ], [ -44.0381856, -20.0240283 ], [ -44.0381431, -20.0240029 ], [ -44.0381063, -20.0239659 ], [ -44.0380718, -20.0239167 ], [ -44.0380397, -20.0238579 ], [ -44.0379507, -20.0236596 ], [ -44.0379198, -20.0235989 ], [ -44.0378864, -20.0235475 ], [ -44.0378446, -20.0235022 ], [ -44.0377555, -20.0234199 ], [ -44.0376564, -20.0232965 ], [ -44.0376206, -20.0232576 ], [ -44.0374788, -20.0231412 ], [ -44.0373403, -20.0229821 ], [ -44.0371991, -20.0228651 ], [ -44.0371636, -20.022826 ], [ -44.0370653, -20.0227019 ], [ -44.0369777, -20.0226183 ], [ -44.0369378, -20.0225732 ], [ -44.0369064, -20.0225208 ], [ -44.0368819, -20.0224624 ], [ -44.0368231, -20.0222746 ], [ -44.0367998, -20.0222152 ], [ -44.0367697, -20.0221616 ], [ -44.036731, -20.0221155 ], [ -44.0366435, -20.02203 ], [ -44.0364808, -20.0218185 ], [ -44.0363774, -20.0217068 ], [ -44.0363372, -20.021655 ], [ -44.0363136, -20.021612 ], [ -44.0363001, -20.0215749 ], [ -44.0362955, -20.0215475 ], [ -44.036299, -20.0215334 ], [ -44.0351793, -20.0215251 ], [ -44.0349564, -20.0215255 ], [ -44.0347388, -20.0215295 ], [ -44.0345293, -20.0215404 ], [ -44.0344298, -20.0215503 ], [ -44.0343353, -20.0215645 ], [ -44.0342478, -20.0215847 ], [ -44.0341693, -20.0216127 ], [ -44.0341026, -20.0216482 ], [ -44.0340398, -20.021687 ], [ -44.0339738, -20.021723 ], [ -44.033902, -20.0217507 ], [ -44.0338234, -20.0217727 ], [ -44.0334872, -20.0218415 ], [ -44.0334084, -20.0218633 ], [ -44.0333365, -20.0218909 ], [ -44.0331423, -20.0220024 ], [ -44.0330708, -20.0220303 ], [ -44.0329922, -20.0220523 ], [ -44.0329091, -20.0220703 ], [ -44.0326552, -20.0221205 ], [ -44.0325771, -20.0221428 ], [ -44.0325073, -20.0221722 ], [ -44.0324446, -20.022213 ], [ -44.0323114, -20.0223234 ], [ -44.0321178, -20.022471 ], [ -44.0319951, -20.0225802 ], [ -44.0319428, -20.022619 ], [ -44.0319031, -20.0226391 ], [ -44.0318724, -20.0226475 ], [ -44.0318545, -20.0226445 ], [ -44.0318545, -20.0229223 ], [ -44.0318329, -20.0229196 ], [ -44.0318019, -20.0229385 ], [ -44.0317593, -20.0229878 ], [ -44.031712, -20.0230631 ], [ -44.0315457, -20.0233692 ], [ -44.0314897, -20.023476 ], [ -44.031419, -20.023637 ], [ -44.0313579, -20.0238035 ], [ -44.031255, -20.0241066 ], [ -44.0312026, -20.0242287 ], [ -44.0310019, -20.0245724 ], [ -44.0309423, -20.0246603 ], [ -44.0308734, -20.0247402 ], [ -44.0307799, -20.0248187 ], [ -44.0305751, -20.0249605 ], [ -44.030405, -20.0250926 ], [ -44.030164, -20.025263 ], [ -44.0300729, -20.0253239 ], [ -44.0299599, -20.0253857 ], [ -44.0297265, -20.025503 ], [ -44.029535, -20.0256168 ], [ -44.0293051, -20.0257371 ], [ -44.0291958, -20.025802 ], [ -44.029109, -20.0258666 ], [ -44.0289563, -20.0259937 ], [ -44.0288886, -20.0260546 ], [ -44.0288157, -20.0261311 ], [ -44.0286866, -20.0262783 ], [ -44.0286298, -20.0263487 ], [ -44.0285708, -20.026437 ], [ -44.0284638, -20.0266232 ], [ -44.0284074, -20.0267138 ], [ -44.0280714, -20.0271796 ], [ -44.0280154, -20.0272705 ], [ -44.0279103, -20.0274583 ], [ -44.027853, -20.0275481 ], [ -44.0277981, -20.02762 ], [ -44.0276076, -20.0278536 ], [ -44.0274826, -20.0279844 ], [ -44.0273398, -20.0281399 ], [ -44.0272099, -20.0282665 ], [ -44.0270638, -20.0284192 ], [ -44.026923, -20.0285521 ], [ -44.0267326, -20.0287384 ], [ -44.0263528, -20.0290795 ], [ -44.026273, -20.0291449 ], [ -44.0261301, -20.0292575 ], [ -44.0260743, -20.0292955 ], [ -44.0260396, -20.0293111 ], [ -44.0260212, -20.0293112 ], [ -44.0260212, -20.029589 ], [ -44.0260022, -20.0295886 ], [ -44.0259732, -20.0296091 ], [ -44.0259309, -20.0296586 ], [ -44.0258198, -20.02982 ], [ -44.0257465, -20.0299171 ], [ -44.025672, -20.0300012 ], [ -44.0255895, -20.0300853 ], [ -44.0254879, -20.030183 ], [ -44.0253796, -20.0302741 ], [ -44.0252467, -20.0303619 ], [ -44.0251136, -20.0304333 ], [ -44.0247882, -20.0305958 ], [ -44.0246743, -20.030641 ], [ -44.024435, -20.0307215 ], [ -44.0243182, -20.0307642 ], [ -44.024209, -20.0308135 ], [ -44.0241124, -20.0308696 ], [ -44.0238606, -20.0310308 ], [ -44.0236816, -20.0311554 ], [ -44.0234599, -20.0312828 ], [ -44.0233526, -20.0313495 ], [ -44.0232666, -20.0314148 ], [ -44.0230418, -20.0315994 ], [ -44.0228884, -20.0317461 ], [ -44.0227542, -20.0318693 ], [ -44.0226059, -20.0320205 ], [ -44.022474, -20.0321459 ], [ -44.022327, -20.0322984 ], [ -44.0221957, -20.0324243 ], [ -44.0220496, -20.0325774 ], [ -44.0219197, -20.0327039 ], [ -44.0217157, -20.0329233 ], [ -44.0216548, -20.0329945 ], [ -44.0215908, -20.0330924 ], [ -44.0215341, -20.0332004 ], [ -44.0214915, -20.0332965 ], [ -44.0214594, -20.0333963 ], [ -44.0214408, -20.0335175 ], [ -44.0214414, -20.0336376 ], [ -44.0214582, -20.0337494 ], [ -44.0214875, -20.0338465 ], [ -44.0215767, -20.0340334 ], [ -44.0215392, -20.0340393 ], [ -44.021456, -20.0340342 ], [ -44.0213392, -20.0340176 ], [ -44.0212021, -20.0339879 ], [ -44.0210585, -20.0339426 ], [ -44.0209236, -20.0338832 ], [ -44.0204873, -20.0336619 ], [ -44.020403, -20.0336278 ], [ -44.0203281, -20.0336163 ], [ -44.0202499, -20.0336199 ], [ -44.0201573, -20.0336402 ], [ -44.020056, -20.0336661 ], [ -44.0199347, -20.0336877 ], [ -44.0197986, -20.0337032 ], [ -44.0196518, -20.0337142 ], [ -44.0193386, -20.0337273 ], [ -44.0186863, -20.033743 ], [ -44.0185263, -20.0337501 ], [ -44.0183708, -20.0337609 ], [ -44.018222, -20.0337775 ], [ -44.0180828, -20.0338021 ], [ -44.017957, -20.0338381 ], [ -44.0178496, -20.0338896 ], [ -44.017766, -20.0339577 ], [ -44.0176969, -20.034038 ], [ -44.0175704, -20.0342084 ], [ -44.0174504, -20.0343441 ], [ -44.0173156, -20.0345069 ], [ -44.0171895, -20.0346372 ], [ -44.0170495, -20.0347954 ], [ -44.0169136, -20.0349309 ], [ -44.0167364, -20.035132 ], [ -44.0165743, -20.0353076 ], [ -44.0163639, -20.0355694 ], [ -44.0163238, -20.0356257 ], [ -44.0162997, -20.0356756 ], [ -44.0162989, -20.0357001 ], [ -44.0151878, -20.0357001 ], [ -44.0143545, -20.0357001 ], [ -44.0143532, -20.0357205 ], [ -44.0143247, -20.0357571 ], [ -44.0142592, -20.0358118 ], [ -44.0140576, -20.0359615 ], [ -44.0139597, -20.0360479 ], [ -44.0137755, -20.0362284 ], [ -44.0136937, -20.0363163 ], [ -44.0136086, -20.0364232 ], [ -44.0134678, -20.036626 ], [ -44.0134034, -20.0367104 ], [ -44.0133415, -20.0367763 ], [ -44.0131991, -20.0369122 ], [ -44.0131174, -20.0369811 ], [ -44.013014, -20.0370511 ], [ -44.0129058, -20.0371171 ], [ -44.0128011, -20.037186 ], [ -44.0127167, -20.0372526 ], [ -44.0124937, -20.0374384 ], [ -44.0123405, -20.037585 ], [ -44.0122062, -20.0377078 ], [ -44.0120576, -20.0378584 ], [ -44.0119256, -20.0379832 ], [ -44.0117784, -20.038135 ], [ -44.011647, -20.0382603 ], [ -44.0114999, -20.0384121 ], [ -44.0113683, -20.0385373 ], [ -44.011221, -20.0386889 ], [ -44.0110891, -20.0388139 ], [ -44.0109415, -20.0389653 ], [ -44.0108096, -20.0390901 ], [ -44.0106626, -20.039242 ], [ -44.010532, -20.0393681 ], [ -44.0102641, -20.0396543 ], [ -44.0101975, -20.0397362 ], [ -44.0100796, -20.039893 ], [ -44.010029, -20.0399686 ], [ -44.0099705, -20.0400852 ], [ -44.0099231, -20.0402113 ], [ -44.0098415, -20.0404747 ], [ -44.0097594, -20.0407129 ], [ -44.0097232, -20.0408293 ], [ -44.009686, -20.0409986 ], [ -44.0096599, -20.0411817 ], [ -44.009643, -20.0413695 ], [ -44.0096333, -20.0415528 ], [ -44.0096285, -20.04187 ], [ -44.0096323, -20.042089 ], [ -44.0096323, -20.0426446 ], [ -44.0096917, -20.0426436 ], [ -44.0097668, -20.0426526 ], [ -44.0098051, -20.0426629 ], [ -44.0098392, -20.0426787 ], [ -44.0098667, -20.0427011 ], [ -44.0098866, -20.0427281 ], [ -44.0098998, -20.0427569 ], [ -44.0099263, -20.042839 ], [ -44.0099394, -20.0428625 ], [ -44.009957, -20.0428821 ], [ -44.0099796, -20.0428967 ], [ -44.0100061, -20.042908 ], [ -44.0100923, -20.0429362 ], [ -44.0101181, -20.042948 ], [ -44.0101399, -20.0429633 ], [ -44.0101568, -20.0429836 ], [ -44.0101694, -20.0430076 ], [ -44.0102063, -20.0431149 ], [ -44.0102188, -20.0431388 ], [ -44.0102357, -20.0431591 ], [ -44.0102575, -20.0431744 ], [ -44.0102834, -20.0431863 ], [ -44.0103695, -20.0432144 ], [ -44.010396, -20.0432257 ], [ -44.0104186, -20.0432403 ], [ -44.0104363, -20.0432599 ], [ -44.0104493, -20.0432835 ], [ -44.0104758, -20.0433656 ], [ -44.010489, -20.0433944 ], [ -44.0105089, -20.0434213 ], [ -44.0105364, -20.0434437 ], [ -44.0105705, -20.0434595 ], [ -44.0106088, -20.0434699 ], [ -44.010684, -20.0434789 ], [ -44.0107434, -20.0434779 ], [ -44.0107434, -20.0437557 ], [ -44.0107434, -20.0443112 ], [ -44.010741, -20.0443963 ], [ -44.0107426, -20.0445164 ], [ -44.0107549, -20.0446507 ], [ -44.0107675, -20.0447132 ], [ -44.0107857, -20.0447672 ], [ -44.0108106, -20.0448088 ], [ -44.0108375, -20.0448338 ], [ -44.0109276, -20.0448993 ], [ -44.0109527, -20.0449254 ], [ -44.0109747, -20.0449621 ], [ -44.0109903, -20.0450043 ], [ -44.0110017, -20.0450501 ], [ -44.0110259, -20.045196 ], [ -44.0110473, -20.0452888 ], [ -44.0110639, -20.0453301 ], [ -44.011087, -20.045366 ], [ -44.0111128, -20.0453914 ], [ -44.011205, -20.0454552 ], [ -44.0112331, -20.0454787 ], [ -44.0112606, -20.0455107 ], [ -44.0113295, -20.0456184 ], [ -44.0113571, -20.0456504 ], [ -44.0113856, -20.0456735 ], [ -44.0114824, -20.0457333 ], [ -44.0115115, -20.0457559 ], [ -44.0115399, -20.0457872 ], [ -44.0115869, -20.045858 ], [ -44.0116142, -20.0458928 ], [ -44.0116555, -20.0459237 ], [ -44.011709, -20.045946 ], [ -44.0117729, -20.0459616 ], [ -44.0118424, -20.0459717 ], [ -44.0119808, -20.04598 ], [ -44.0121323, -20.0459779 ], [ -44.01225, -20.0459747 ], [ -44.0123093, -20.0459764 ], [ -44.0123569, -20.0459834 ], [ -44.0123729, -20.0459899 ], [ -44.0123854, -20.045999 ], [ -44.0123941, -20.0460114 ], [ -44.0124036, -20.0460429 ], [ -44.0124155, -20.0461914 ], [ -44.0124269, -20.0462214 ], [ -44.0124366, -20.0462329 ], [ -44.0124501, -20.0462412 ], [ -44.0124852, -20.0462508 ], [ -44.0126308, -20.0462649 ], [ -44.0126623, -20.0462775 ], [ -44.0126729, -20.0462883 ], [ -44.0126856, -20.0463171 ], [ -44.0126911, -20.0463553 ], [ -44.0126878, -20.0465334 ], [ -44.0128658, -20.0465297 ], [ -44.0129854, -20.0465311 ], [ -44.0130925, -20.0465401 ], [ -44.0131328, -20.0465488 ], [ -44.0131646, -20.0465613 ], [ -44.0131903, -20.0465789 ], [ -44.0132071, -20.0465992 ], [ -44.0132199, -20.046623 ], [ -44.0132606, -20.046727 ], [ -44.0132747, -20.0467497 ], [ -44.0132933, -20.0467685 ], [ -44.0133211, -20.0467843 ], [ -44.0133548, -20.0467951 ], [ -44.0133927, -20.0468023 ], [ -44.0134768, -20.0468096 ], [ -44.0137982, -20.0468118 ] ] ] ] } },
{ "type": "Feature", "properties": { "Sub_bacia": "Ibirité", "Area_Ha": 1330.289, "Nome": "Ibirité" }, "geometry": { "type": "MultiPolygon", "coordinates": [ [ [ [ -44.0398067, -20.0137265 ], [ -44.0397461, -20.0137936 ], [ -44.0397185, -20.0138295 ], [ -44.0396924, -20.0138765 ], [ -44.0396716, -20.0139281 ], [ -44.0396041, -20.0141481 ], [ -44.0395822, -20.0141988 ], [ -44.0395544, -20.0142444 ], [ -44.0395247, -20.0142785 ], [ -44.0394244, -20.014371 ], [ -44.0393902, -20.0144112 ], [ -44.0393266, -20.0144956 ], [ -44.0392914, -20.0145349 ], [ -44.039148, -20.01465 ], [ -44.0391121, -20.0146886 ], [ -44.039047, -20.0147718 ], [ -44.0390109, -20.0148116 ], [ -44.038971, -20.014845 ], [ -44.0388273, -20.0149518 ], [ -44.0386776, -20.015085 ], [ -44.038631, -20.0151163 ], [ -44.0385929, -20.0151341 ], [ -44.0385596, -20.0151441 ], [ -44.0385347, -20.0151474 ], [ -44.0385212, -20.0151445 ], [ -44.0384972, -20.0151449 ], [ -44.0384532, -20.0151662 ], [ -44.0384097, -20.0151971 ], [ -44.0382998, -20.0152858 ], [ -44.0382107, -20.0153507 ], [ -44.037952, -20.0155278 ], [ -44.037867, -20.0155755 ], [ -44.0377506, -20.0156224 ], [ -44.037633, -20.0156533 ], [ -44.0375173, -20.0156734 ], [ -44.0372805, -20.0157087 ], [ -44.0371652, -20.015729 ], [ -44.0370557, -20.0157543 ], [ -44.0369552, -20.0157874 ], [ -44.0368844, -20.0158195 ], [ -44.0367485, -20.0158887 ], [ -44.036655, -20.015928 ], [ -44.0364625, -20.0160018 ], [ -44.0363726, -20.0160442 ], [ -44.0363087, -20.0160826 ], [ -44.0361857, -20.0161635 ], [ -44.0360171, -20.0162588 ], [ -44.0359375, -20.0163106 ], [ -44.0358694, -20.0163723 ], [ -44.035815, -20.0164551 ], [ -44.0357771, -20.016552 ], [ -44.0357513, -20.0166591 ], [ -44.0357345, -20.0167735 ], [ -44.0357244, -20.0168928 ], [ -44.0357193, -20.0170152 ], [ -44.0357213, -20.0172633 ], [ -44.0357284, -20.0173861 ], [ -44.0357404, -20.017506 ], [ -44.0357589, -20.0176211 ], [ -44.0357865, -20.0177289 ], [ -44.0358269, -20.0178261 ], [ -44.0358852, -20.017911 ], [ -44.0360218, -20.0180676 ], [ -44.0360875, -20.0181372 ], [ -44.0361572, -20.0182029 ], [ -44.0362512, -20.0182782 ], [ -44.0364585, -20.0184306 ], [ -44.0365064, -20.0184588 ], [ -44.036554, -20.0184774 ], [ -44.0365767, -20.0184778 ], [ -44.0365767, -20.0209778 ], [ -44.0365791, -20.0214274 ], [ -44.0365749, -20.0214855 ], [ -44.0365668, -20.0215094 ], [ -44.0365596, -20.0215187 ], [ -44.0365492, -20.0215257 ], [ -44.0365362, -20.0215304 ], [ -44.0365052, -20.0215356 ], [ -44.0364456, -20.0215372 ], [ -44.036299, -20.0215334 ], [ -44.0362955, -20.0215475 ], [ -44.0363001, -20.0215749 ], [ -44.0363136, -20.021612 ], [ -44.0363372, -20.021655 ], [ -44.0363774, -20.0217068 ], [ -44.0364808, -20.0218185 ], [ -44.0366435, -20.02203 ], [ -44.036731, -20.0221155 ], [ -44.0367697, -20.0221616 ], [ -44.0367998, -20.0222152 ], [ -44.0368231, -20.0222746 ], [ -44.0368819, -20.0224624 ], [ -44.0369064, -20.0225208 ], [ -44.0369378, -20.0225732 ], [ -44.0369777, -20.0226183 ], [ -44.0370653, -20.0227019 ], [ -44.0371636, -20.022826 ], [ -44.0371991, -20.0228651 ], [ -44.0373403, -20.0229821 ], [ -44.0374788, -20.0231412 ], [ -44.0376206, -20.0232576 ], [ -44.0376564, -20.0232965 ], [ -44.0377555, -20.0234199 ], [ -44.0378446, -20.0235022 ], [ -44.0378864, -20.0235475 ], [ -44.0379198, -20.0235989 ], [ -44.0379507, -20.0236596 ], [ -44.0380397, -20.0238579 ], [ -44.0380718, -20.0239167 ], [ -44.0381063, -20.0239659 ], [ -44.0381431, -20.0240029 ], [ -44.0381856, -20.0240283 ], [ -44.0382213, -20.0240379 ], [ -44.0382434, -20.0240334 ], [ -44.038561, -20.0240296 ], [ -44.0387257, -20.024034 ], [ -44.0388011, -20.0240393 ], [ -44.0388663, -20.0240475 ], [ -44.0389185, -20.0240591 ], [ -44.0389637, -20.0240753 ], [ -44.0390021, -20.0240974 ], [ -44.039033, -20.0241265 ], [ -44.0391108, -20.0242265 ], [ -44.0391435, -20.024254 ], [ -44.0391863, -20.024275 ], [ -44.0392366, -20.0242897 ], [ -44.0392923, -20.0242996 ], [ -44.0393519, -20.0243062 ], [ -44.0394785, -20.0243131 ], [ -44.0396776, -20.0243156 ], [ -44.041299, -20.0243112 ], [ -44.0412952, -20.0244996 ], [ -44.0413001, -20.0245417 ], [ -44.0413095, -20.0245645 ], [ -44.0413175, -20.0245731 ], [ -44.0413288, -20.0245793 ], [ -44.041358, -20.024586 ], [ -44.041501, -20.0245904 ], [ -44.0415332, -20.0245945 ], [ -44.0415582, -20.0246049 ], [ -44.0415718, -20.0246241 ], [ -44.0415781, -20.0246496 ], [ -44.0415809, -20.0246935 ], [ -44.0415768, -20.0248667 ], [ -44.041606, -20.0248703 ], [ -44.0416691, -20.0248641 ], [ -44.041757, -20.0248469 ], [ -44.0418596, -20.0248163 ], [ -44.0419437, -20.0247824 ], [ -44.0421222, -20.0247001 ], [ -44.0422472, -20.024649 ], [ -44.0424947, -20.0245569 ], [ -44.0425978, -20.0245123 ], [ -44.0427299, -20.0244397 ], [ -44.0427986, -20.024406 ], [ -44.0428962, -20.0243706 ], [ -44.0430015, -20.0243418 ], [ -44.0432184, -20.0242898 ], [ -44.0433225, -20.0242599 ], [ -44.0434185, -20.0242232 ], [ -44.043486, -20.0241884 ], [ -44.0436158, -20.0241144 ], [ -44.0437054, -20.0240722 ], [ -44.0438893, -20.0239918 ], [ -44.0439734, -20.0239449 ], [ -44.0440315, -20.0239021 ], [ -44.0441397, -20.0238095 ], [ -44.0442819, -20.0236934 ], [ -44.0444318, -20.023544 ], [ -44.0445734, -20.0234274 ], [ -44.0446805, -20.0233339 ], [ -44.0447379, -20.0232905 ], [ -44.044821, -20.0232427 ], [ -44.0450026, -20.0231603 ], [ -44.0450903, -20.0231165 ], [ -44.0452782, -20.0229992 ], [ -44.0453787, -20.0229523 ], [ -44.0456242, -20.0228586 ], [ -44.0457495, -20.0228077 ], [ -44.0459292, -20.0227265 ], [ -44.0460141, -20.0226932 ], [ -44.0461178, -20.0226636 ], [ -44.0462065, -20.0226471 ], [ -44.0462701, -20.0226413 ], [ -44.046299, -20.0226445 ], [ -44.0462949, -20.0224712 ], [ -44.0462976, -20.0224273 ], [ -44.0463039, -20.0224018 ], [ -44.0463175, -20.0223826 ], [ -44.0463425, -20.0223723 ], [ -44.0463747, -20.0223681 ], [ -44.0465177, -20.0223638 ], [ -44.0465469, -20.0223571 ], [ -44.0465582, -20.0223508 ], [ -44.0465662, -20.0223423 ], [ -44.0465756, -20.0223194 ], [ -44.0465805, -20.0222773 ], [ -44.0465768, -20.022089 ], [ -44.0466973, -20.0220923 ], [ -44.0467567, -20.0220908 ], [ -44.0468025, -20.0220841 ], [ -44.0468183, -20.0220778 ], [ -44.0468309, -20.0220687 ], [ -44.0468391, -20.0220572 ], [ -44.0468481, -20.0220279 ], [ -44.0468545, -20.0219037 ], [ -44.0468628, -20.0218553 ], [ -44.0468779, -20.0218312 ], [ -44.0468911, -20.0218227 ], [ -44.0469074, -20.0218168 ], [ -44.0469463, -20.0218104 ], [ -44.0470125, -20.0218077 ], [ -44.0474101, -20.0218112 ], [ -44.0482809, -20.0218169 ], [ -44.0483948, -20.0218086 ], [ -44.0484282, -20.021802 ], [ -44.0484576, -20.021792 ], [ -44.0484817, -20.0217773 ], [ -44.0484988, -20.0217573 ], [ -44.0485107, -20.0217327 ], [ -44.0485186, -20.0217048 ], [ -44.0485286, -20.0216092 ], [ -44.0485212, -20.0209778 ], [ -44.0499101, -20.0209778 ], [ -44.050096, -20.0209815 ], [ -44.0502218, -20.0209774 ], [ -44.050282, -20.0209716 ], [ -44.0503357, -20.0209623 ], [ -44.0503793, -20.0209487 ], [ -44.05041, -20.0209302 ], [ -44.0504305, -20.020908 ], [ -44.0504467, -20.0208823 ], [ -44.0504877, -20.0207983 ], [ -44.0505039, -20.0207725 ], [ -44.0505239, -20.0207499 ], [ -44.0505485, -20.0207314 ], [ -44.0506635, -20.0206713 ], [ -44.0506878, -20.0206525 ], [ -44.0507074, -20.0206296 ], [ -44.0507234, -20.0206036 ], [ -44.0507645, -20.0205197 ], [ -44.0507805, -20.0204937 ], [ -44.0508002, -20.0204709 ], [ -44.0508247, -20.0204522 ], [ -44.0509402, -20.0203926 ], [ -44.050965, -20.0203741 ], [ -44.0509851, -20.0203517 ], [ -44.0510014, -20.0203259 ], [ -44.051042, -20.0202417 ], [ -44.0510575, -20.0202153 ], [ -44.0510768, -20.0201921 ], [ -44.0511009, -20.0201731 ], [ -44.0511951, -20.020117 ], [ -44.0512266, -20.0200916 ], [ -44.0512531, -20.0200616 ], [ -44.0512729, -20.020027 ], [ -44.0512864, -20.0199902 ], [ -44.0512995, -20.0199208 ], [ -44.051299, -20.0198667 ], [ -44.0513315, -20.0198647 ], [ -44.0513978, -20.0198751 ], [ -44.0514356, -20.0198872 ], [ -44.0514718, -20.0199053 ], [ -44.0515035, -20.0199301 ], [ -44.0515301, -20.0199602 ], [ -44.0516059, -20.0200799 ], [ -44.0516284, -20.0201003 ], [ -44.0516592, -20.0201159 ], [ -44.0516958, -20.0201265 ], [ -44.0517804, -20.020138 ], [ -44.0518735, -20.0201423 ], [ -44.0521143, -20.0201459 ], [ -44.0522058, -20.0201516 ], [ -44.0522879, -20.0201652 ], [ -44.052323, -20.0201771 ], [ -44.0523525, -20.0201939 ], [ -44.052374, -20.0202151 ], [ -44.0523908, -20.0202404 ], [ -44.0524314, -20.0203247 ], [ -44.0524474, -20.0203506 ], [ -44.0524679, -20.0203728 ], [ -44.052496, -20.0203907 ], [ -44.05253, -20.0204036 ], [ -44.0526099, -20.0204191 ], [ -44.0527485, -20.0204276 ], [ -44.0529335, -20.0204275 ], [ -44.0532434, -20.0204223 ], [ -44.0532402, -20.0202441 ], [ -44.0532456, -20.0202059 ], [ -44.0532583, -20.0201771 ], [ -44.0532689, -20.0201664 ], [ -44.0533005, -20.0201537 ], [ -44.0534461, -20.0201396 ], [ -44.0534812, -20.02013 ], [ -44.0534946, -20.0201217 ], [ -44.0535044, -20.0201103 ], [ -44.0535157, -20.0200803 ], [ -44.0535276, -20.0199318 ], [ -44.0535371, -20.0199002 ], [ -44.0535459, -20.0198879 ], [ -44.0535584, -20.0198787 ], [ -44.0535743, -20.0198723 ], [ -44.0536219, -20.0198652 ], [ -44.0536812, -20.0198635 ], [ -44.053799, -20.0198667 ], [ -44.0571323, -20.0198667 ], [ -44.057132, -20.0199239 ], [ -44.057146, -20.0199962 ], [ -44.0571603, -20.0200338 ], [ -44.0571813, -20.0200682 ], [ -44.0572093, -20.0200969 ], [ -44.0572421, -20.0201199 ], [ -44.0573358, -20.0201685 ], [ -44.057359, -20.0201882 ], [ -44.057377, -20.0202156 ], [ -44.057389, -20.020248 ], [ -44.057397, -20.0202839 ], [ -44.0574058, -20.0203619 ], [ -44.0574141, -20.020483 ], [ -44.0574246, -20.0205594 ], [ -44.0574339, -20.0205942 ], [ -44.0574474, -20.0206254 ], [ -44.0574667, -20.0206516 ], [ -44.0574909, -20.0206705 ], [ -44.0576095, -20.0207276 ], [ -44.0576341, -20.0207461 ], [ -44.0576536, -20.0207711 ], [ -44.0576676, -20.0208008 ], [ -44.0576841, -20.0208699 ], [ -44.0576931, -20.0209873 ], [ -44.057694, -20.0211118 ], [ -44.0576879, -20.0215334 ], [ -44.0577046, -20.0215312 ], [ -44.0577356, -20.0215389 ], [ -44.0577764, -20.0215573 ], [ -44.0578308, -20.0215934 ], [ -44.0579574, -20.0216974 ], [ -44.0581493, -20.0218461 ], [ -44.0582144, -20.0219087 ], [ -44.058321, -20.0220226 ], [ -44.0584574, -20.0221436 ], [ -44.0585033, -20.0221969 ], [ -44.0585895, -20.0223082 ], [ -44.0586691, -20.0223986 ], [ -44.0587044, -20.0224477 ], [ -44.0587364, -20.022513 ], [ -44.0587602, -20.0225852 ], [ -44.0587786, -20.022662 ], [ -44.0588242, -20.0229008 ], [ -44.058843, -20.0229772 ], [ -44.0588674, -20.0230489 ], [ -44.0588999, -20.0231136 ], [ -44.0589355, -20.0231625 ], [ -44.0590147, -20.0232533 ], [ -44.0591408, -20.0234231 ], [ -44.0592212, -20.0235128 ], [ -44.0592577, -20.0235608 ], [ -44.0592914, -20.0236245 ], [ -44.0593168, -20.0236954 ], [ -44.0593363, -20.0237712 ], [ -44.0593805, -20.0240112 ], [ -44.0593971, -20.02409 ], [ -44.0594209, -20.0241732 ], [ -44.0594546, -20.0242593 ], [ -44.0595293, -20.0244047 ], [ -44.0595638, -20.0244795 ], [ -44.0595944, -20.0245697 ], [ -44.0596151, -20.0246579 ], [ -44.0596278, -20.0247377 ], [ -44.0596339, -20.0248031 ], [ -44.0596351, -20.024848 ], [ -44.0596323, -20.0248667 ], [ -44.0598105, -20.0248628 ], [ -44.0599303, -20.0248641 ], [ -44.0600376, -20.0248729 ], [ -44.0600781, -20.0248815 ], [ -44.06011, -20.0248938 ], [ -44.0601359, -20.0249113 ], [ -44.0601528, -20.0249315 ], [ -44.0601658, -20.0249551 ], [ -44.0602073, -20.0250584 ], [ -44.0602217, -20.0250809 ], [ -44.0602404, -20.0250995 ], [ -44.0602684, -20.0251152 ], [ -44.0603022, -20.0251259 ], [ -44.06034, -20.0251332 ], [ -44.0605914, -20.0251558 ], [ -44.0606292, -20.0251631 ], [ -44.0606629, -20.0251738 ], [ -44.0606909, -20.0251895 ], [ -44.0607097, -20.0252082 ], [ -44.060724, -20.0252306 ], [ -44.0607655, -20.0253339 ], [ -44.0607785, -20.0253576 ], [ -44.0607955, -20.0253778 ], [ -44.0608214, -20.0253952 ], [ -44.0608532, -20.0254076 ], [ -44.0608937, -20.0254161 ], [ -44.0609441, -20.0254217 ], [ -44.0610611, -20.0254262 ], [ -44.061299, -20.0254223 ], [ -44.0613523, -20.0254207 ], [ -44.0614231, -20.0254246 ], [ -44.0614605, -20.0254304 ], [ -44.0614954, -20.02544 ], [ -44.0615246, -20.0254542 ], [ -44.0615465, -20.0254745 ], [ -44.0615598, -20.0254983 ], [ -44.0615835, -20.0256017 ], [ -44.0615916, -20.0256256 ], [ -44.0616028, -20.0256469 ], [ -44.0616184, -20.0256645 ], [ -44.0616385, -20.025677 ], [ -44.0616624, -20.0256862 ], [ -44.0617432, -20.0257063 ], [ -44.0617925, -20.0257234 ], [ -44.0618121, -20.0257364 ], [ -44.0618271, -20.0257544 ], [ -44.0618457, -20.0258002 ], [ -44.0618712, -20.0259019 ], [ -44.0618815, -20.0259239 ], [ -44.061896, -20.0259424 ], [ -44.0619151, -20.0259557 ], [ -44.0619383, -20.0259656 ], [ -44.0620463, -20.0259921 ], [ -44.062071, -20.0260006 ], [ -44.0620925, -20.0260149 ], [ -44.0621094, -20.0260384 ], [ -44.0621211, -20.0260689 ], [ -44.0621285, -20.0261036 ], [ -44.0621343, -20.0261751 ], [ -44.0621323, -20.0262556 ], [ -44.0622501, -20.0262589 ], [ -44.0623094, -20.0262572 ], [ -44.062357, -20.0262501 ], [ -44.062373, -20.0262436 ], [ -44.0623854, -20.0262345 ], [ -44.0623942, -20.0262222 ], [ -44.0624037, -20.0261906 ], [ -44.0624156, -20.0260421 ], [ -44.0624269, -20.0260121 ], [ -44.0624367, -20.0260006 ], [ -44.0624502, -20.0259923 ], [ -44.0624852, -20.0259827 ], [ -44.0626309, -20.0259687 ], [ -44.0626624, -20.025956 ], [ -44.062673, -20.0259453 ], [ -44.0626857, -20.0259165 ], [ -44.0626912, -20.0258782 ], [ -44.0626879, -20.0257001 ], [ -44.0626808, -20.0255023 ], [ -44.0626788, -20.0253138 ], [ -44.062682, -20.0252159 ], [ -44.0626896, -20.0251228 ], [ -44.0627029, -20.0250399 ], [ -44.0627232, -20.0249729 ], [ -44.0627523, -20.0249218 ], [ -44.0627822, -20.024888 ], [ -44.0628855, -20.0247981 ], [ -44.0629956, -20.024684 ], [ -44.0630402, -20.0246528 ], [ -44.0630995, -20.0246278 ], [ -44.063168, -20.0246108 ], [ -44.0632433, -20.0245996 ], [ -44.0633233, -20.0245925 ], [ -44.0634068, -20.0245883 ], [ -44.0635801, -20.0245853 ], [ -44.0642068, -20.0245922 ], [ -44.064469, -20.0245897 ], [ -44.0645523, -20.0245853 ], [ -44.0646318, -20.0245777 ], [ -44.0647057, -20.0245653 ], [ -44.0647716, -20.024546 ], [ -44.0648259, -20.0245168 ], [ -44.0648657, -20.0244749 ], [ -44.0648933, -20.0244142 ], [ -44.064911, -20.0243351 ], [ -44.0649209, -20.0242439 ], [ -44.0649246, -20.0241465 ], [ -44.0649207, -20.0239563 ], [ -44.0649088, -20.0237687 ], [ -44.0649101, -20.0237556 ], [ -44.0649119, -20.0236767 ], [ -44.0649058, -20.0236063 ], [ -44.0648982, -20.0235718 ], [ -44.0648864, -20.0235412 ], [ -44.0648694, -20.023517 ], [ -44.064848, -20.0235016 ], [ -44.0648233, -20.0234927 ], [ -44.0647165, -20.0234652 ], [ -44.0646936, -20.0234551 ], [ -44.0646745, -20.0234417 ], [ -44.0646599, -20.0234234 ], [ -44.0646494, -20.0234015 ], [ -44.0646142, -20.0232774 ], [ -44.064603, -20.023256 ], [ -44.0645878, -20.0232382 ], [ -44.0645681, -20.0232253 ], [ -44.0645447, -20.0232157 ], [ -44.0644384, -20.0231878 ], [ -44.0644146, -20.0231784 ], [ -44.0643945, -20.0231658 ], [ -44.064379, -20.0231483 ], [ -44.064368, -20.0231268 ], [ -44.0643552, -20.0230761 ], [ -44.0643488, -20.022989 ], [ -44.0643546, -20.0226445 ], [ -44.0644542, -20.0226463 ], [ -44.06452, -20.0226417 ], [ -44.0645507, -20.0226363 ], [ -44.0645772, -20.0226282 ], [ -44.0645974, -20.0226166 ], [ -44.0646105, -20.0226005 ], [ -44.0646179, -20.0225816 ], [ -44.0646354, -20.0224703 ], [ -44.0646463, -20.0224292 ], [ -44.0646554, -20.0224117 ], [ -44.0646682, -20.0223975 ], [ -44.0646845, -20.0223876 ], [ -44.0647039, -20.0223805 ], [ -44.0648413, -20.0223554 ], [ -44.0648608, -20.0223483 ], [ -44.0648771, -20.0223385 ], [ -44.06489, -20.0223242 ], [ -44.0649053, -20.0222869 ], [ -44.0649139, -20.0222184 ], [ -44.064915, -20.0221184 ], [ -44.0649101, -20.0218112 ], [ -44.0663945, -20.021817 ], [ -44.0667285, -20.0218109 ], [ -44.0669418, -20.0217987 ], [ -44.0670433, -20.0217882 ], [ -44.0671397, -20.0217733 ], [ -44.0672294, -20.0217526 ], [ -44.0673101, -20.0217242 ], [ -44.0675105, -20.0216171 ], [ -44.0675943, -20.0215883 ], [ -44.0676876, -20.0215675 ], [ -44.067788, -20.0215528 ], [ -44.0678936, -20.0215425 ], [ -44.0680031, -20.0215353 ], [ -44.0682295, -20.0215274 ], [ -44.0685778, -20.0215241 ], [ -44.0688108, -20.0215256 ], [ -44.0690402, -20.0215312 ], [ -44.0692599, -20.0215453 ], [ -44.0693657, -20.0215592 ], [ -44.0694764, -20.0215836 ], [ -44.0695853, -20.02162 ], [ -44.0696796, -20.0216631 ], [ -44.0697701, -20.0217086 ], [ -44.0698603, -20.0217489 ], [ -44.069953, -20.0217797 ], [ -44.0700395, -20.0218001 ], [ -44.0701122, -20.0218115 ], [ -44.0701637, -20.0218151 ], [ -44.0701879, -20.0218112 ], [ -44.070186, -20.0220289 ], [ -44.0701887, -20.0220574 ], [ -44.0701993, -20.0220792 ], [ -44.0702234, -20.0220883 ], [ -44.0702552, -20.0220908 ], [ -44.0704657, -20.022089 ], [ -44.0704622, -20.0220576 ], [ -44.0704652, -20.0220277 ], [ -44.0704733, -20.0219926 ], [ -44.0704884, -20.0219556 ], [ -44.0705122, -20.0219204 ], [ -44.0705534, -20.0218849 ], [ -44.0706065, -20.0218573 ], [ -44.0706676, -20.0218376 ], [ -44.0707321, -20.0218252 ], [ -44.0707956, -20.0218192 ], [ -44.0710368, -20.0218062 ], [ -44.0710926, -20.0217991 ], [ -44.0711446, -20.0217888 ], [ -44.0711913, -20.0217739 ], [ -44.0712309, -20.0217529 ], [ -44.0712578, -20.0217296 ], [ -44.0713445, -20.0216187 ], [ -44.0713715, -20.0215955 ], [ -44.0714094, -20.0215751 ], [ -44.0714534, -20.0215599 ], [ -44.0715015, -20.0215482 ], [ -44.0716538, -20.02152 ], [ -44.0717022, -20.0215086 ], [ -44.0717465, -20.0214937 ], [ -44.0717848, -20.0214736 ], [ -44.071812, -20.0214507 ], [ -44.0718982, -20.0213392 ], [ -44.0719244, -20.0213154 ], [ -44.0719614, -20.0212942 ], [ -44.0720048, -20.0212785 ], [ -44.0721596, -20.0212456 ], [ -44.0722176, -20.0212293 ], [ -44.0722734, -20.0212076 ], [ -44.0723227, -20.0211795 ], [ -44.0723617, -20.0211448 ], [ -44.0723857, -20.0211097 ], [ -44.0724012, -20.0210731 ], [ -44.0724099, -20.0210384 ], [ -44.0724134, -20.021009 ], [ -44.0724101, -20.0209778 ], [ -44.0731475, -20.0209673 ], [ -44.0733969, -20.0209724 ], [ -44.0735444, -20.020986 ], [ -44.0736117, -20.0209984 ], [ -44.0736724, -20.0210163 ], [ -44.0737244, -20.0210417 ], [ -44.0737662, -20.0210754 ], [ -44.0738721, -20.021193 ], [ -44.0739076, -20.0212221 ], [ -44.0739828, -20.0212766 ], [ -44.0740175, -20.0213064 ], [ -44.0740522, -20.0213461 ], [ -44.0741144, -20.0214318 ], [ -44.0741491, -20.0214715 ], [ -44.0741838, -20.0215012 ], [ -44.0742589, -20.0215559 ], [ -44.0742938, -20.0215854 ], [ -44.0743289, -20.0216248 ], [ -44.074391, -20.0217105 ], [ -44.0744251, -20.0217507 ], [ -44.0745298, -20.0218395 ], [ -44.0745609, -20.0218723 ], [ -44.0745888, -20.0219179 ], [ -44.0746088, -20.0219708 ], [ -44.0746228, -20.0220374 ], [ -44.0746318, -20.0221167 ], [ -44.0746391, -20.0222943 ], [ -44.0746324, -20.0226445 ], [ -44.0746183, -20.0226416 ], [ -44.0745922, -20.022645 ], [ -44.0745572, -20.0226553 ], [ -44.0745174, -20.0226736 ], [ -44.0744694, -20.022706 ], [ -44.0743188, -20.0228426 ], [ -44.0741775, -20.0229457 ], [ -44.0741404, -20.0229768 ], [ -44.0741052, -20.023016 ], [ -44.0740407, -20.0230997 ], [ -44.0740047, -20.0231383 ], [ -44.0739693, -20.0231674 ], [ -44.0738937, -20.0232216 ], [ -44.0738586, -20.0232511 ], [ -44.0738231, -20.0232901 ], [ -44.0737595, -20.0233745 ], [ -44.073725, -20.0234145 ], [ -44.0736233, -20.0235058 ], [ -44.0735939, -20.0235401 ], [ -44.0735668, -20.0235889 ], [ -44.0735477, -20.0236445 ], [ -44.0735345, -20.0237052 ], [ -44.0735255, -20.0237696 ], [ -44.0735197, -20.0238366 ], [ -44.0735141, -20.0239758 ], [ -44.073513, -20.0241909 ], [ -44.0735212, -20.0254223 ], [ -44.07354, -20.0254256 ], [ -44.0735719, -20.0254169 ], [ -44.0736127, -20.0253958 ], [ -44.0736656, -20.025355 ], [ -44.0737882, -20.0252414 ], [ -44.07398, -20.0250923 ], [ -44.074107, -20.0249852 ], [ -44.0741695, -20.0249461 ], [ -44.0742439, -20.0249183 ], [ -44.0743287, -20.0248994 ], [ -44.0744207, -20.0248867 ], [ -44.0746175, -20.0248723 ], [ -44.0750212, -20.0248521 ], [ -44.0751172, -20.0248428 ], [ -44.0752086, -20.0248296 ], [ -44.0752934, -20.0248107 ], [ -44.0753695, -20.0247844 ], [ -44.0755664, -20.0246752 ], [ -44.0756376, -20.0246496 ], [ -44.0757164, -20.0246307 ], [ -44.0758009, -20.0246165 ], [ -44.07625, -20.0245686 ], [ -44.0763343, -20.0245543 ], [ -44.0764123, -20.0245345 ], [ -44.0764812, -20.0245071 ], [ -44.0765431, -20.0244675 ], [ -44.0766512, -20.0243749 ], [ -44.0767011, -20.0243373 ], [ -44.0768232, -20.0242537 ], [ -44.0769784, -20.0241421 ], [ -44.0773001, -20.0238014 ], [ -44.0774631, -20.0237329 ], [ -44.0776378, -20.0243303 ], [ -44.0776534, -20.0243407 ], [ -44.0776653, -20.0243558 ], [ -44.077679, -20.0243946 ], [ -44.0776906, -20.0244857 ], [ -44.0776995, -20.0245285 ], [ -44.0777074, -20.024547 ], [ -44.0777191, -20.0245623 ], [ -44.0777354, -20.0245733 ], [ -44.0777787, -20.0245863 ], [ -44.0778584, -20.0245932 ], [ -44.0782435, -20.024589 ], [ -44.0782401, -20.0247558 ], [ -44.0782456, -20.0248008 ], [ -44.078259, -20.0248321 ], [ -44.0782704, -20.0248436 ], [ -44.0783019, -20.0248563 ], [ -44.0783414, -20.0248621 ], [ -44.0784266, -20.0248685 ], [ -44.0784651, -20.0248751 ], [ -44.0784951, -20.0248891 ], [ -44.0785058, -20.0249013 ], [ -44.0785132, -20.0249164 ], [ -44.0785213, -20.0249522 ], [ -44.078525, -20.0250131 ], [ -44.0785213, -20.0254223 ], [ -44.0785263, -20.0254462 ], [ -44.0785228, -20.0254984 ], [ -44.0785098, -20.0255722 ], [ -44.0784852, -20.02566 ], [ -44.0784466, -20.0257541 ], [ -44.0783888, -20.0258544 ], [ -44.0782226, -20.0261123 ], [ -44.0781747, -20.0261847 ], [ -44.0781158, -20.0262651 ], [ -44.0780663, -20.0263418 ], [ -44.0780311, -20.0264274 ], [ -44.0780067, -20.0265222 ], [ -44.0779897, -20.0266234 ], [ -44.0779778, -20.0267289 ], [ -44.077944, -20.027163 ], [ -44.077932, -20.0272684 ], [ -44.0779155, -20.0273701 ], [ -44.0778929, -20.0274665 ], [ -44.0778619, -20.0275556 ], [ -44.0777802, -20.0277236 ], [ -44.077749, -20.0278144 ], [ -44.0777266, -20.0279127 ], [ -44.0777108, -20.0280166 ], [ -44.0776923, -20.0282359 ], [ -44.0776827, -20.0285802 ], [ -44.0776879, -20.0307001 ], [ -44.0777096, -20.0307002 ], [ -44.0777512, -20.0307174 ], [ -44.0778162, -20.0307604 ], [ -44.0779764, -20.0308866 ], [ -44.0780619, -20.030959 ], [ -44.07816, -20.0310557 ], [ -44.0782556, -20.0311588 ], [ -44.0783354, -20.0312462 ], [ -44.0784065, -20.0313338 ], [ -44.0784697, -20.0314374 ], [ -44.0786053, -20.0317392 ], [ -44.0786923, -20.0319025 ], [ -44.0787334, -20.0320063 ], [ -44.0788301, -20.0323401 ], [ -44.0788672, -20.0324473 ], [ -44.0789136, -20.0325465 ], [ -44.0789625, -20.0326235 ], [ -44.0791333, -20.0328739 ], [ -44.0792417, -20.033019 ], [ -44.0792964, -20.033111 ], [ -44.0793966, -20.033303 ], [ -44.0794534, -20.0333933 ], [ -44.07951, -20.0334637 ], [ -44.0796379, -20.033612 ], [ -44.0797094, -20.0336897 ], [ -44.0797769, -20.0337508 ], [ -44.0799272, -20.0338799 ], [ -44.0800118, -20.0339464 ], [ -44.0800926, -20.0339961 ], [ -44.0802649, -20.0340864 ], [ -44.0803473, -20.0341348 ], [ -44.0804352, -20.0341997 ], [ -44.0807158, -20.0344214 ], [ -44.0809269, -20.0346063 ], [ -44.0811739, -20.0348038 ], [ -44.081237, -20.0348483 ], [ -44.0812774, -20.0348666 ], [ -44.081299, -20.0348667 ], [ -44.0812989, -20.0348523 ], [ -44.0813098, -20.0348211 ], [ -44.0813318, -20.0347768 ], [ -44.0814259, -20.0346167 ], [ -44.0814685, -20.0345149 ], [ -44.0815027, -20.0343981 ], [ -44.0815281, -20.0342722 ], [ -44.0815453, -20.0341438 ], [ -44.0815551, -20.0340199 ], [ -44.0815688, -20.033471 ], [ -44.0815762, -20.0333662 ], [ -44.0815878, -20.033265 ], [ -44.0816053, -20.0331689 ], [ -44.0816309, -20.0330797 ], [ -44.0816675, -20.0329999 ], [ -44.0817014, -20.0329497 ], [ -44.0818676, -20.0327483 ], [ -44.0819162, -20.0326973 ], [ -44.0819626, -20.0326578 ], [ -44.0821183, -20.0325399 ], [ -44.0821766, -20.0324972 ], [ -44.0822409, -20.0324597 ], [ -44.0823256, -20.0324265 ], [ -44.0824201, -20.0324017 ], [ -44.0825213, -20.0323826 ], [ -44.0828353, -20.0323344 ], [ -44.082934, -20.0323132 ], [ -44.0830243, -20.0322848 ], [ -44.083102, -20.0322456 ], [ -44.0831665, -20.0321897 ], [ -44.0832179, -20.0321226 ], [ -44.0833042, -20.0319742 ], [ -44.0833553, -20.0318959 ], [ -44.0835005, -20.031717 ], [ -44.08366, -20.0314952 ], [ -44.0837395, -20.0313919 ], [ -44.083769, -20.0313479 ], [ -44.0837911, -20.0313036 ], [ -44.0838007, -20.0312714 ], [ -44.083799, -20.0312556 ], [ -44.0840768, -20.0312556 ], [ -44.0840732, -20.0312394 ], [ -44.0840792, -20.0312079 ], [ -44.0840952, -20.0311656 ], [ -44.0841226, -20.0311178 ], [ -44.0841558, -20.0310762 ], [ -44.0842359, -20.0309905 ], [ -44.0842733, -20.0309435 ], [ -44.0843068, -20.0308829 ], [ -44.0843288, -20.0308195 ], [ -44.0843407, -20.0307576 ], [ -44.0843515, -20.030628 ], [ -44.0843547, -20.0304918 ], [ -44.08435, -20.0299322 ], [ -44.0843519, -20.0297256 ], [ -44.08436, -20.0295936 ], [ -44.0843681, -20.029531 ], [ -44.0843804, -20.0294721 ], [ -44.0843985, -20.0294183 ], [ -44.0844248, -20.0293713 ], [ -44.0844549, -20.0293376 ], [ -44.0845599, -20.0292492 ], [ -44.0845946, -20.0292094 ], [ -44.084657, -20.0291239 ], [ -44.0846917, -20.0290842 ], [ -44.0847639, -20.0290263 ], [ -44.0848021, -20.0289916 ], [ -44.0848366, -20.0289472 ], [ -44.0848674, -20.0288825 ], [ -44.0848886, -20.0288083 ], [ -44.084902, -20.0287303 ], [ -44.0849124, -20.0285855 ], [ -44.0849102, -20.0284778 ], [ -44.0848804, -20.0284811 ], [ -44.0848142, -20.0284754 ], [ -44.0847222, -20.0284589 ], [ -44.0846157, -20.0284287 ], [ -44.0845293, -20.0283945 ], [ -44.0843493, -20.0283107 ], [ -44.0839896, -20.0281628 ], [ -44.0838994, -20.0281142 ], [ -44.083841, -20.0280715 ], [ -44.0837307, -20.0279808 ], [ -44.0835792, -20.0278727 ], [ -44.0834668, -20.0277837 ], [ -44.0834068, -20.0277426 ], [ -44.0833202, -20.0276978 ], [ -44.0831334, -20.0276198 ], [ -44.0830448, -20.0275768 ], [ -44.0828602, -20.0274571 ], [ -44.0826892, -20.0273656 ], [ -44.0826077, -20.0273165 ], [ -44.0825386, -20.0272568 ], [ -44.0824887, -20.0271837 ], [ -44.0824535, -20.0270981 ], [ -44.0824293, -20.0270031 ], [ -44.082413, -20.0269014 ], [ -44.0824025, -20.0267946 ], [ -44.0823926, -20.0265716 ], [ -44.0823915, -20.0262253 ], [ -44.0824101, -20.024589 ], [ -44.0826468, -20.0245964 ], [ -44.0827663, -20.0245937 ], [ -44.082819, -20.0245888 ], [ -44.0828624, -20.0245804 ], [ -44.0828948, -20.0245679 ], [ -44.0829203, -20.02455 ], [ -44.0829382, -20.0245257 ], [ -44.0829502, -20.0244963 ], [ -44.0829629, -20.0244278 ], [ -44.0829675, -20.0243127 ], [ -44.0829646, -20.0240722 ], [ -44.0829676, -20.0239556 ], [ -44.0829764, -20.0238838 ], [ -44.0829847, -20.0238513 ], [ -44.082997, -20.0238221 ], [ -44.0830146, -20.0237975 ], [ -44.0830387, -20.0237785 ], [ -44.0830675, -20.0237635 ], [ -44.0831609, -20.0237246 ], [ -44.0831872, -20.0237074 ], [ -44.0832078, -20.0236854 ], [ -44.0832237, -20.0236593 ], [ -44.083253, -20.0235986 ], [ -44.0832738, -20.0235662 ], [ -44.0833003, -20.0235364 ], [ -44.0833333, -20.0235121 ], [ -44.0833723, -20.023495 ], [ -44.0834137, -20.0234842 ], [ -44.0834871, -20.0234761 ], [ -44.0835213, -20.0234778 ], [ -44.0841938, -20.0234738 ], [ -44.0843954, -20.0234782 ], [ -44.0845585, -20.0234897 ], [ -44.0846353, -20.0234996 ], [ -44.0847075, -20.0235138 ], [ -44.0847734, -20.0235334 ], [ -44.084831, -20.0235603 ], [ -44.0848764, -20.0235927 ], [ -44.0849587, -20.0236646 ], [ -44.0850049, -20.023696 ], [ -44.0850611, -20.0237203 ], [ -44.0851245, -20.0237375 ], [ -44.085193, -20.0237488 ], [ -44.0852645, -20.0237553 ], [ -44.0853371, -20.0237575 ], [ -44.0854093, -20.0237553 ], [ -44.085479, -20.0237482 ], [ -44.0855442, -20.0237354 ], [ -44.0856024, -20.0237152 ], [ -44.0856505, -20.0236855 ], [ -44.0856852, -20.0236456 ], [ -44.0857099, -20.0235969 ], [ -44.0857273, -20.0235417 ], [ -44.0857395, -20.023482 ], [ -44.0857669, -20.0232247 ], [ -44.0857862, -20.0231012 ], [ -44.0858026, -20.0230453 ], [ -44.0858263, -20.0229957 ], [ -44.0858565, -20.0229574 ], [ -44.0858961, -20.02292 ], [ -44.0859864, -20.0228422 ], [ -44.0860865, -20.0227456 ], [ -44.086135, -20.0227039 ], [ -44.0861834, -20.022672 ], [ -44.0862236, -20.0226544 ], [ -44.086259, -20.0226447 ], [ -44.0862853, -20.0226416 ], [ -44.086299, -20.0226445 ], [ -44.0864929, -20.0226424 ], [ -44.0866762, -20.0226471 ], [ -44.0867714, -20.0226532 ], [ -44.0868618, -20.0226629 ], [ -44.0869422, -20.022677 ], [ -44.0870073, -20.0226964 ], [ -44.0870557, -20.0227221 ], [ -44.0870897, -20.0227501 ], [ -44.0871805, -20.0228444 ], [ -44.0872166, -20.0228708 ], [ -44.0872674, -20.022894 ], [ -44.0873259, -20.0229103 ], [ -44.0873896, -20.0229213 ], [ -44.0874567, -20.0229282 ], [ -44.0875255, -20.0229316 ], [ -44.0876627, -20.0229285 ], [ -44.0877279, -20.0229213 ], [ -44.0877886, -20.0229091 ], [ -44.0878425, -20.0228904 ], [ -44.0878867, -20.0228629 ], [ -44.0879194, -20.0228242 ], [ -44.087942, -20.0227766 ], [ -44.087957, -20.0227225 ], [ -44.0879668, -20.022664 ], [ -44.0879727, -20.0226022 ], [ -44.0879776, -20.0224728 ], [ -44.0879732, -20.021936 ], [ -44.0879794, -20.0218642 ], [ -44.0879922, -20.0217907 ], [ -44.0880121, -20.0217199 ], [ -44.0880395, -20.021656 ], [ -44.0880746, -20.021603 ], [ -44.0881165, -20.0215643 ], [ -44.0881578, -20.0215428 ], [ -44.0881967, -20.021532 ], [ -44.0882271, -20.0215294 ], [ -44.0882435, -20.0215334 ], [ -44.0882435, -20.0201445 ], [ -44.0883978, -20.0201464 ], [ -44.0884972, -20.0201429 ], [ -44.0886086, -20.020135 ], [ -44.0887245, -20.0201212 ], [ -44.0888376, -20.0200998 ], [ -44.0889401, -20.0200692 ], [ -44.0890292, -20.0200274 ], [ -44.0891658, -20.0199415 ], [ -44.0892251, -20.0199128 ], [ -44.0894213, -20.019842 ], [ -44.0894845, -20.0198164 ], [ -44.0895426, -20.0197864 ], [ -44.0897199, -20.0196585 ], [ -44.0897785, -20.0196287 ], [ -44.0900378, -20.019531 ], [ -44.090097, -20.019502 ], [ -44.0902181, -20.0194209 ], [ -44.0902818, -20.0193844 ], [ -44.0903525, -20.0193587 ], [ -44.090431, -20.0193418 ], [ -44.0905145, -20.019332 ], [ -44.0906005, -20.0193287 ], [ -44.0906868, -20.0193316 ], [ -44.0907709, -20.0193407 ], [ -44.0908505, -20.0193571 ], [ -44.0909227, -20.0193821 ], [ -44.0909882, -20.0194178 ], [ -44.0910496, -20.019458 ], [ -44.0911147, -20.0194958 ], [ -44.0911844, -20.0195236 ], [ -44.0912621, -20.0195446 ], [ -44.0913459, -20.0195599 ], [ -44.0914369, -20.0195696 ], [ -44.0915401, -20.0195712 ], [ -44.0916498, -20.0195645 ], [ -44.0917601, -20.01955 ], [ -44.091865, -20.0195277 ], [ -44.0919586, -20.0194981 ], [ -44.0920357, -20.0194616 ], [ -44.0920918, -20.0194197 ], [ -44.0921266, -20.0193729 ], [ -44.092139, -20.0193335 ], [ -44.0921324, -20.0193112 ], [ -44.0926879, -20.0193112 ], [ -44.0926971, -20.0186558 ], [ -44.0926961, -20.0184266 ], [ -44.0926895, -20.0182859 ], [ -44.0926829, -20.0182183 ], [ -44.0926729, -20.0181536 ], [ -44.0926584, -20.0180927 ], [ -44.0926378, -20.0180371 ], [ -44.092609, -20.0179885 ], [ -44.0925785, -20.0179548 ], [ -44.0924747, -20.0178644 ], [ -44.0924396, -20.0178246 ], [ -44.0923752, -20.0177398 ], [ -44.0923401, -20.0176999 ], [ -44.0922363, -20.0176087 ], [ -44.092206, -20.0175747 ], [ -44.0921787, -20.0175283 ], [ -44.0921589, -20.0174756 ], [ -44.092145, -20.0174183 ], [ -44.0921358, -20.0173577 ], [ -44.0921303, -20.017295 ], [ -44.0921288, -20.0171669 ], [ -44.0921401, -20.0170414 ], [ -44.0921519, -20.0169822 ], [ -44.0921694, -20.0169272 ], [ -44.0921944, -20.0168782 ], [ -44.0922924, -20.0167591 ], [ -44.0923253, -20.0167087 ], [ -44.0923561, -20.0166408 ], [ -44.0923787, -20.0165669 ], [ -44.0923945, -20.0164916 ], [ -44.0924047, -20.0164197 ], [ -44.0924128, -20.016304 ], [ -44.0924102, -20.0162556 ], [ -44.0924316, -20.0162607 ], [ -44.0924651, -20.0162519 ], [ -44.0925045, -20.0162278 ], [ -44.0925451, -20.0161835 ], [ -44.0925817, -20.0161216 ], [ -44.0926137, -20.0160456 ], [ -44.0926414, -20.01596 ], [ -44.0927251, -20.0156207 ], [ -44.0927466, -20.0155558 ], [ -44.0927751, -20.0154969 ], [ -44.092879, -20.015348 ], [ -44.0929061, -20.0152879 ], [ -44.0929262, -20.0152217 ], [ -44.0929415, -20.0151515 ], [ -44.0929889, -20.0148588 ], [ -44.0930048, -20.014789 ], [ -44.0930254, -20.0147234 ], [ -44.0930528, -20.0146635 ], [ -44.093155, -20.0145132 ], [ -44.0931824, -20.0144533 ], [ -44.093203, -20.0143875 ], [ -44.0932187, -20.0143177 ], [ -44.0932655, -20.0140244 ], [ -44.0932807, -20.0139541 ], [ -44.0933008, -20.013888 ], [ -44.093328, -20.013828 ], [ -44.0933616, -20.0137775 ], [ -44.0934344, -20.0136812 ], [ -44.0934638, -20.013627 ], [ -44.0934879, -20.0135683 ], [ -44.0935653, -20.0133528 ], [ -44.0935996, -20.0132768 ], [ -44.0936397, -20.0132061 ], [ -44.0937626, -20.0130354 ], [ -44.0937841, -20.0129944 ], [ -44.0937969, -20.0129598 ], [ -44.0938019, -20.0129349 ], [ -44.0937991, -20.0129223 ], [ -44.0937971, -20.0128881 ], [ -44.09381, -20.0128156 ], [ -44.0938252, -20.0127742 ], [ -44.0938481, -20.0127347 ], [ -44.0938807, -20.0126994 ], [ -44.0939191, -20.0126697 ], [ -44.0939936, -20.0126209 ], [ -44.0940208, -20.0125965 ], [ -44.0940398, -20.0125665 ], [ -44.0940527, -20.0125312 ], [ -44.0940615, -20.0124925 ], [ -44.0940803, -20.0123234 ], [ -44.0940927, -20.0122415 ], [ -44.094103, -20.0122039 ], [ -44.0941174, -20.01217 ], [ -44.0941378, -20.0121411 ], [ -44.0941658, -20.0121176 ], [ -44.0942656, -20.0120603 ], [ -44.0942937, -20.0120367 ], [ -44.094314, -20.0120078 ], [ -44.0943285, -20.011974 ], [ -44.0943387, -20.0119364 ], [ -44.0943511, -20.0118545 ], [ -44.0943699, -20.0116854 ], [ -44.0943787, -20.0116466 ], [ -44.0943917, -20.0116114 ], [ -44.0944106, -20.0115813 ], [ -44.0944379, -20.011557 ], [ -44.0945123, -20.0115082 ], [ -44.0945507, -20.0114784 ], [ -44.0945833, -20.0114431 ], [ -44.0946063, -20.0114036 ], [ -44.0946214, -20.0113622 ], [ -44.0946343, -20.0112897 ], [ -44.0946324, -20.0112556 ], [ -44.0946251, -20.0112203 ], [ -44.0946316, -20.0111376 ], [ -44.0946522, -20.0110188 ], [ -44.0946885, -20.0108761 ], [ -44.0947427, -20.0107222 ], [ -44.0947929, -20.0106116 ], [ -44.0950244, -20.0101429 ], [ -44.0950666, -20.0100471 ], [ -44.0951018, -20.0099205 ], [ -44.0951146, -20.009794 ], [ -44.0951097, -20.0096655 ], [ -44.0950876, -20.0095395 ], [ -44.0950474, -20.0094208 ], [ -44.0950075, -20.0093418 ], [ -44.0947677, -20.0089168 ], [ -44.0947186, -20.0087977 ], [ -44.094679, -20.0086698 ], [ -44.0945822, -20.0082657 ], [ -44.0945469, -20.008134 ], [ -44.0945048, -20.0080085 ], [ -44.0944314, -20.0078313 ], [ -44.0943882, -20.0077027 ], [ -44.094353, -20.0075705 ], [ -44.0942508, -20.0071194 ], [ -44.0942391, -20.0070475 ], [ -44.0942416, -20.0069648 ], [ -44.0942637, -20.006886 ], [ -44.0942984, -20.0068237 ], [ -44.0943432, -20.0067641 ], [ -44.0944035, -20.0066951 ], [ -44.0944744, -20.0066301 ], [ -44.0945717, -20.006565 ], [ -44.0947896, -20.0064447 ], [ -44.0949767, -20.0063296 ], [ -44.0952057, -20.0062078 ], [ -44.0953143, -20.0061411 ], [ -44.0953988, -20.0060734 ], [ -44.0954767, -20.006 ], [ -44.0955409, -20.005935 ], [ -44.095601, -20.0058615 ], [ -44.0956752, -20.0057282 ], [ -44.0957392, -20.0055685 ], [ -44.0959062, -20.0050561 ], [ -44.0959765, -20.0048523 ], [ -44.0962842, -20.0046118 ], [ -44.0962791, -20.0045918 ], [ -44.0960176, -20.0035659 ], [ -44.0960091, -20.0034258 ], [ -44.0959963, -20.0032954 ], [ -44.0959783, -20.003181 ], [ -44.0959543, -20.0030868 ], [ -44.0959224, -20.0030025 ], [ -44.0958365, -20.0028367 ], [ -44.0958019, -20.0027465 ], [ -44.0957745, -20.0026502 ], [ -44.095706, -20.0023502 ], [ -44.095679, -20.0022544 ], [ -44.0956456, -20.0021649 ], [ -44.0955667, -20.0019999 ], [ -44.0955388, -20.0019104 ], [ -44.0955215, -20.0018151 ], [ -44.0955128, -20.0017167 ], [ -44.0955117, -20.001618 ], [ -44.0955175, -20.0015217 ], [ -44.0955303, -20.0014308 ], [ -44.0955503, -20.0013486 ], [ -44.095596, -20.001211 ], [ -44.0955999, -20.0011593 ], [ -44.0955914, -20.0011089 ], [ -44.0955695, -20.0010622 ], [ -44.0955215, -20.0010104 ], [ -44.0953906, -20.0009155 ], [ -44.095326, -20.0008604 ], [ -44.0952753, -20.0007978 ], [ -44.0952321, -20.0007268 ], [ -44.095053, -20.0003804 ], [ -44.0950009, -20.0002664 ], [ -44.0949616, -20.0001402 ], [ -44.094935, -20.000009 ], [ -44.0949186, -19.9998818 ], [ -44.0949099, -19.9997675 ], [ -44.094907, -19.9996748 ], [ -44.0949102, -19.9995889 ], [ -44.0948825, -19.9995919 ], [ -44.0948448, -19.9995659 ], [ -44.0948043, -19.9995106 ], [ -44.0947638, -19.9994297 ], [ -44.0946298, -19.9991037 ], [ -44.0945729, -19.9989941 ], [ -44.0945048, -19.9988983 ], [ -44.0944249, -19.998823 ], [ -44.0943415, -19.9987668 ], [ -44.0942592, -19.9987183 ], [ -44.0941809, -19.9986664 ], [ -44.0941255, -19.9986213 ], [ -44.0940202, -19.9985263 ], [ -44.0938796, -19.9984088 ], [ -44.093731, -19.9982583 ], [ -44.0935946, -19.9981372 ], [ -44.0934447, -19.9979878 ], [ -44.0931926, -19.9977806 ], [ -44.0931345, -19.9977378 ], [ -44.0930518, -19.9976897 ], [ -44.0928752, -19.997603 ], [ -44.0927921, -19.9975552 ], [ -44.0927337, -19.9975127 ], [ -44.0924803, -19.9973066 ], [ -44.0923315, -19.9971563 ], [ -44.0921991, -19.9970318 ], [ -44.0921089, -19.9969239 ], [ -44.0920078, -19.9967952 ], [ -44.0919538, -19.9967025 ], [ -44.0919109, -19.9965821 ], [ -44.0918814, -19.9964438 ], [ -44.0918628, -19.9962963 ], [ -44.0918527, -19.9961484 ], [ -44.0918493, -19.9958854 ], [ -44.0918546, -19.9957 ], [ -44.0918192, -19.9957018 ], [ -44.0917451, -19.9956923 ], [ -44.091704, -19.9956803 ], [ -44.091666, -19.9956618 ], [ -44.0916383, -19.9956393 ], [ -44.0916163, -19.9956124 ], [ -44.0915992, -19.9955831 ], [ -44.0915651, -19.9955017 ], [ -44.0915508, -19.9954793 ], [ -44.0915318, -19.9954608 ], [ -44.0915033, -19.9954456 ], [ -44.0914689, -19.9954353 ], [ -44.0914304, -19.9954287 ], [ -44.0913457, -19.9954219 ], [ -44.091209, -19.99542 ], [ -44.0907416, -19.9954239 ], [ -44.0906535, -19.99542 ], [ -44.0905736, -19.9954091 ], [ -44.0905393, -19.9953989 ], [ -44.0905107, -19.9953837 ], [ -44.0904918, -19.9953652 ], [ -44.0904774, -19.9953428 ], [ -44.0904433, -19.9952613 ], [ -44.0904263, -19.9952321 ], [ -44.0904042, -19.9952052 ], [ -44.0903766, -19.9951827 ], [ -44.0903386, -19.9951641 ], [ -44.0902974, -19.9951522 ], [ -44.0902233, -19.9951427 ], [ -44.0901879, -19.9951445 ], [ -44.0901913, -19.9949731 ], [ -44.0901879, -19.9948558 ], [ -44.0901751, -19.9947469 ], [ -44.0901635, -19.9947033 ], [ -44.0901474, -19.9946699 ], [ -44.0901255, -19.9946423 ], [ -44.0900961, -19.99462 ], [ -44.0899951, -19.9945638 ], [ -44.0899675, -19.9945398 ], [ -44.0899479, -19.9945103 ], [ -44.0899342, -19.9944757 ], [ -44.0899249, -19.9944374 ], [ -44.0899148, -19.9943534 ], [ -44.0899079, -19.9940353 ], [ -44.0899016, -19.9939481 ], [ -44.0898954, -19.9939071 ], [ -44.0898861, -19.9938688 ], [ -44.0898724, -19.9938342 ], [ -44.0898528, -19.9938047 ], [ -44.0898253, -19.9937807 ], [ -44.0897242, -19.9937245 ], [ -44.0896948, -19.9937021 ], [ -44.0896729, -19.9936746 ], [ -44.0896568, -19.9936411 ], [ -44.0896452, -19.9935976 ], [ -44.0896324, -19.9934887 ], [ -44.089629, -19.9933714 ], [ -44.0896324, -19.9932 ], [ -44.0893546, -19.9932 ], [ -44.0893567, -19.9931385 ], [ -44.0893536, -19.9931008 ], [ -44.089346, -19.9930605 ], [ -44.0893322, -19.9930214 ], [ -44.0893104, -19.9929873 ], [ -44.0892797, -19.9929615 ], [ -44.0892421, -19.9929442 ], [ -44.0892014, -19.9929347 ], [ -44.088989, -19.9929182 ], [ -44.0889125, -19.9929044 ], [ -44.0888799, -19.9928926 ], [ -44.088853, -19.992876 ], [ -44.0888328, -19.9928536 ], [ -44.0888175, -19.992827 ], [ -44.0887807, -19.9927395 ], [ -44.0887651, -19.9927132 ], [ -44.0887443, -19.9926913 ], [ -44.0887168, -19.9926752 ], [ -44.0886837, -19.9926639 ], [ -44.0886465, -19.9926561 ], [ -44.0883956, -19.9926332 ], [ -44.0883572, -19.9926264 ], [ -44.0883227, -19.9926163 ], [ -44.0882938, -19.9926013 ], [ -44.0882719, -19.9925804 ], [ -44.0882557, -19.9925546 ], [ -44.0882285, -19.9924936 ], [ -44.0882094, -19.9924605 ], [ -44.0881844, -19.9924296 ], [ -44.0881527, -19.9924041 ], [ -44.0881146, -19.9923859 ], [ -44.0880736, -19.9923742 ], [ -44.0880005, -19.9923649 ], [ -44.0879657, -19.9923667 ], [ -44.0879682, -19.9924168 ], [ -44.0879628, -19.992486 ], [ -44.0879547, -19.9925234 ], [ -44.0879416, -19.992559 ], [ -44.0879221, -19.9925902 ], [ -44.0878913, -19.9926174 ], [ -44.0878538, -19.9926353 ], [ -44.0878133, -19.9926444 ], [ -44.0877715, -19.9926482 ], [ -44.087685, -19.9926501 ], [ -44.0876002, -19.9926452 ], [ -44.0875603, -19.9926396 ], [ -44.0875235, -19.9926312 ], [ -44.0874909, -19.9926191 ], [ -44.0874642, -19.9926019 ], [ -44.0874465, -19.9925819 ], [ -44.0874329, -19.9925584 ], [ -44.0874025, -19.9924792 ], [ -44.0873777, -19.9924305 ], [ -44.0873598, -19.992411 ], [ -44.0873327, -19.9923943 ], [ -44.0872999, -19.9923826 ], [ -44.0872628, -19.9923746 ], [ -44.0871803, -19.9923657 ], [ -44.0870456, -19.9923619 ], [ -44.086299, -19.9923667 ], [ -44.0860213, -19.9923667 ], [ -44.0860232, -19.9925844 ], [ -44.0860204, -19.9926129 ], [ -44.0860098, -19.9926347 ], [ -44.0859857, -19.9926438 ], [ -44.085954, -19.9926463 ], [ -44.0857435, -19.9926445 ], [ -44.0854029, -19.9926391 ], [ -44.0852265, -19.9926455 ], [ -44.0851463, -19.9926534 ], [ -44.0850772, -19.9926653 ], [ -44.0850237, -19.9926823 ], [ -44.0849813, -19.9927054 ], [ -44.0849494, -19.9927336 ], [ -44.084872, -19.992834 ], [ -44.0848435, -19.9928651 ], [ -44.0848079, -19.9928941 ], [ -44.0847312, -19.9929474 ], [ -44.0846965, -19.9929772 ], [ -44.0846692, -19.9930094 ], [ -44.0845986, -19.9931156 ], [ -44.0845713, -19.9931477 ], [ -44.0845365, -19.9931774 ], [ -44.0844601, -19.9932309 ], [ -44.0844247, -19.9932601 ], [ -44.0843962, -19.9932913 ], [ -44.0843451, -19.9933586 ], [ -44.0843174, -19.9933904 ], [ -44.0842846, -19.9934178 ], [ -44.0842387, -19.9934412 ], [ -44.0841849, -19.9934577 ], [ -44.0841252, -19.9934692 ], [ -44.0840611, -19.9934769 ], [ -44.0839938, -19.9934818 ], [ -44.083853, -19.9934865 ], [ -44.0836238, -19.9934865 ], [ -44.0829657, -19.9934778 ], [ -44.0829711, -19.9936211 ], [ -44.0829684, -19.9936838 ], [ -44.0829607, -19.9937143 ], [ -44.0829539, -19.993727 ], [ -44.0829443, -19.9937373 ], [ -44.0829303, -19.9937451 ], [ -44.0828941, -19.9937537 ], [ -44.0828294, -19.9937578 ], [ -44.0821324, -19.9937556 ], [ -44.0821199, -19.9937588 ], [ -44.0820975, -19.9937571 ], [ -44.0820673, -19.9937503 ], [ -44.0820323, -19.9937378 ], [ -44.0819958, -19.9937188 ], [ -44.0819546, -19.9936877 ], [ -44.0818382, -19.9935689 ], [ -44.0817955, -19.993536 ], [ -44.081748, -19.9935135 ], [ -44.0816976, -19.9935003 ], [ -44.0816422, -19.9934918 ], [ -44.0815831, -19.9934864 ], [ -44.0814584, -19.9934812 ], [ -44.0812011, -19.9934777 ], [ -44.0810759, -19.9934729 ], [ -44.0809589, -19.9934612 ], [ -44.0809057, -19.9934508 ], [ -44.0808577, -19.9934359 ], [ -44.0808167, -19.9934151 ], [ -44.080784, -19.9933875 ], [ -44.0807038, -19.9932896 ], [ -44.0806716, -19.9932616 ], [ -44.0806306, -19.99324 ], [ -44.0805826, -19.9932245 ], [ -44.0805293, -19.9932135 ], [ -44.0804119, -19.9932007 ], [ -44.080221, -19.9931943 ], [ -44.0793546, -19.9932 ], [ -44.0791441, -19.9931982 ], [ -44.0791123, -19.9932007 ], [ -44.0790882, -19.9932098 ], [ -44.0790776, -19.9932316 ], [ -44.0790749, -19.9932601 ], [ -44.0790768, -19.9934778 ], [ -44.0790152, -19.9934787 ], [ -44.0789384, -19.9934692 ], [ -44.0788999, -19.9934583 ], [ -44.0788664, -19.9934418 ], [ -44.0788429, -19.9934214 ], [ -44.0788263, -19.9933971 ], [ -44.0788157, -19.9933712 ], [ -44.0787966, -19.9932947 ], [ -44.0787759, -19.9932507 ], [ -44.0787597, -19.9932337 ], [ -44.0787359, -19.9932201 ], [ -44.0787069, -19.9932109 ], [ -44.0786743, -19.9932049 ], [ -44.0786023, -19.9931985 ], [ -44.0784859, -19.9931963 ], [ -44.0774101, -19.9932 ], [ -44.0773935, -19.993197 ], [ -44.0773615, -19.9932011 ], [ -44.0773192, -19.9932132 ], [ -44.0772729, -19.9932351 ], [ -44.0772308, -19.9932652 ], [ -44.0771113, -19.9933824 ], [ -44.0770683, -19.993416 ], [ -44.0770182, -19.9934416 ], [ -44.0769664, -19.9934579 ], [ -44.0767973, -19.9934935 ], [ -44.0767432, -19.9935074 ], [ -44.0766936, -19.9935253 ], [ -44.0766509, -19.993549 ], [ -44.0766186, -19.9935776 ], [ -44.0765369, -19.9936752 ], [ -44.076504, -19.993702 ], [ -44.0764607, -19.9937227 ], [ -44.0764108, -19.993736 ], [ -44.0763567, -19.9937434 ], [ -44.0763006, -19.9937457 ], [ -44.0762446, -19.993743 ], [ -44.0761906, -19.9937352 ], [ -44.0761408, -19.9937215 ], [ -44.0760977, -19.9937004 ], [ -44.076065, -19.9936732 ], [ -44.0759839, -19.9935746 ], [ -44.0759516, -19.9935459 ], [ -44.0759084, -19.9935225 ], [ -44.0758576, -19.9935055 ], [ -44.0758012, -19.9934935 ], [ -44.0756767, -19.9934796 ], [ -44.0755368, -19.9934739 ], [ -44.0752666, -19.9934735 ], [ -44.0749101, -19.9934778 ], [ -44.074708, -19.9934754 ], [ -44.0745747, -19.9934842 ], [ -44.0745124, -19.993494 ], [ -44.0744584, -19.9935087 ], [ -44.0744167, -19.9935292 ], [ -44.0743904, -19.9935548 ], [ -44.0743169, -19.993677 ], [ -44.0742936, -19.9937033 ], [ -44.074264, -19.9937256 ], [ -44.0741638, -19.9937825 ], [ -44.0741348, -19.9938053 ], [ -44.0741121, -19.9938321 ], [ -44.07404, -19.9939556 ], [ -44.074017, -19.9939821 ], [ -44.0739878, -19.9940047 ], [ -44.0738874, -19.9940615 ], [ -44.0738581, -19.9940839 ], [ -44.0738349, -19.9941104 ], [ -44.0737628, -19.9942338 ], [ -44.0737401, -19.9942606 ], [ -44.0737111, -19.9942834 ], [ -44.0736098, -19.9943394 ], [ -44.0735798, -19.9943613 ], [ -44.0735545, -19.9943886 ], [ -44.0734728, -19.9944951 ], [ -44.0734398, -19.9945279 ], [ -44.0734025, -19.9945544 ], [ -44.0733606, -19.9945732 ], [ -44.0733191, -19.9945847 ], [ -44.0732828, -19.9945902 ], [ -44.0732562, -19.9945913 ], [ -44.0732435, -19.9945889 ], [ -44.0732461, -19.9946817 ], [ -44.073243, -19.9947442 ], [ -44.0732315, -19.9948003 ], [ -44.0732213, -19.9948215 ], [ -44.0732074, -19.9948358 ], [ -44.0731882, -19.9948458 ], [ -44.0731402, -19.9948576 ], [ -44.0730616, -19.9948695 ], [ -44.0730159, -19.9948833 ], [ -44.0729983, -19.9948946 ], [ -44.0729853, -19.9949104 ], [ -44.0729704, -19.9949514 ], [ -44.0729642, -19.9949998 ], [ -44.0729618, -19.9950784 ], [ -44.0729657, -19.9957 ], [ -44.0729788, -19.9956972 ], [ -44.0730056, -19.9956977 ], [ -44.0730416, -19.9957031 ], [ -44.0730821, -19.9957149 ], [ -44.0731219, -19.9957351 ], [ -44.0731585, -19.9957673 ], [ -44.0731877, -19.995809 ], [ -44.0732097, -19.9958571 ], [ -44.0732251, -19.9959082 ], [ -44.0732348, -19.9959588 ], [ -44.0732539, -19.9960951 ], [ -44.0732651, -19.996136 ], [ -44.073281, -19.9961729 ], [ -44.0733033, -19.9962043 ], [ -44.073331, -19.9962282 ], [ -44.0734292, -19.9962869 ], [ -44.0734581, -19.9963096 ], [ -44.0734811, -19.9963362 ], [ -44.0735546, -19.9964585 ], [ -44.0735777, -19.996485 ], [ -44.0736068, -19.9965076 ], [ -44.0737066, -19.996565 ], [ -44.0737359, -19.9965874 ], [ -44.0737592, -19.9966137 ], [ -44.073815, -19.9967048 ], [ -44.0738357, -19.9967335 ], [ -44.073861, -19.996758 ], [ -44.0738941, -19.9967773 ], [ -44.0739331, -19.9967915 ], [ -44.0739764, -19.9968019 ], [ -44.0741217, -19.9968242 ], [ -44.0741742, -19.9968372 ], [ -44.0742247, -19.9968558 ], [ -44.0742696, -19.9968806 ], [ -44.0743056, -19.9969122 ], [ -44.0743302, -19.9969487 ], [ -44.0743458, -19.9969873 ], [ -44.0743544, -19.9970243 ], [ -44.0743577, -19.997056 ], [ -44.0743546, -19.9970889 ], [ -44.0745405, -19.9970852 ], [ -44.0746663, -19.9970893 ], [ -44.0747265, -19.9970952 ], [ -44.0747802, -19.9971045 ], [ -44.0748238, -19.997118 ], [ -44.0748545, -19.9971366 ], [ -44.0748749, -19.9971587 ], [ -44.0748912, -19.9971845 ], [ -44.0749322, -19.9972684 ], [ -44.0749484, -19.9972942 ], [ -44.0749683, -19.9973168 ], [ -44.074993, -19.9973354 ], [ -44.075108, -19.9973955 ], [ -44.0751323, -19.9974143 ], [ -44.0751519, -19.9974372 ], [ -44.0751679, -19.9974632 ], [ -44.0752089, -19.9975471 ], [ -44.075225, -19.997573 ], [ -44.0752447, -19.9975958 ], [ -44.0752691, -19.9976145 ], [ -44.0753847, -19.9976742 ], [ -44.0754095, -19.9976926 ], [ -44.0754295, -19.9977151 ], [ -44.0754458, -19.9977408 ], [ -44.0754865, -19.9978251 ], [ -44.075502, -19.9978514 ], [ -44.0755212, -19.9978747 ], [ -44.0755454, -19.9978936 ], [ -44.0756396, -19.9979498 ], [ -44.075671, -19.9979752 ], [ -44.0756976, -19.9980052 ], [ -44.0757173, -19.9980398 ], [ -44.0757309, -19.9980766 ], [ -44.075744, -19.9981459 ], [ -44.0757435, -19.9982 ], [ -44.0769832, -19.9981956 ], [ -44.0771584, -19.9982042 ], [ -44.0772124, -19.9982108 ], [ -44.0772627, -19.9982206 ], [ -44.0773079, -19.9982347 ], [ -44.0773463, -19.9982547 ], [ -44.0773731, -19.998278 ], [ -44.0773954, -19.9983052 ], [ -44.0774569, -19.9983914 ], [ -44.077483, -19.9984154 ], [ -44.0775201, -19.9984365 ], [ -44.0775638, -19.9984519 ], [ -44.0776119, -19.9984636 ], [ -44.0777668, -19.9984896 ], [ -44.0778165, -19.9984999 ], [ -44.0778621, -19.9985136 ], [ -44.0779019, -19.9985334 ], [ -44.0779338, -19.9985593 ], [ -44.0780254, -19.9986614 ], [ -44.0780586, -19.9986933 ], [ -44.0780948, -19.9987193 ], [ -44.0781343, -19.9987385 ], [ -44.0781727, -19.9987506 ], [ -44.0782062, -19.9987569 ], [ -44.0782308, -19.9987584 ], [ -44.0782435, -19.9987556 ], [ -44.0782401, -19.9989429 ], [ -44.0782438, -19.9991225 ], [ -44.0782499, -19.9992173 ], [ -44.07826, -19.9993092 ], [ -44.0782753, -19.9993932 ], [ -44.0782966, -19.9994645 ], [ -44.078325, -19.9995191 ], [ -44.0784415, -19.9996572 ], [ -44.078471, -19.9997113 ], [ -44.0784941, -19.9997709 ], [ -44.078552, -19.9999594 ], [ -44.0785757, -20.0000185 ], [ -44.0786055, -20.0000723 ], [ -44.0786827, -20.0001648 ], [ -44.0787187, -20.0002133 ], [ -44.0787457, -20.0002695 ], [ -44.0787647, -20.0003326 ], [ -44.078778, -20.0004006 ], [ -44.078787, -20.0004722 ], [ -44.0788141, -20.0009252 ], [ -44.0788224, -20.0009974 ], [ -44.0788348, -20.0010662 ], [ -44.078853, -20.00113 ], [ -44.0788792, -20.0011869 ], [ -44.0789147, -20.0012358 ], [ -44.0789916, -20.0013285 ], [ -44.0790198, -20.0013833 ], [ -44.0790412, -20.0014545 ], [ -44.0790569, -20.0015382 ], [ -44.0790676, -20.0016296 ], [ -44.0790779, -20.0018164 ], [ -44.0790768, -20.0020889 ], [ -44.0790731, -20.0022773 ], [ -44.079078, -20.0023194 ], [ -44.0790874, -20.0023422 ], [ -44.0790954, -20.0023508 ], [ -44.0791066, -20.002357 ], [ -44.0791358, -20.0023637 ], [ -44.0792789, -20.0023681 ], [ -44.079311, -20.0023723 ], [ -44.079336, -20.0023826 ], [ -44.0793496, -20.0024018 ], [ -44.0793559, -20.0024273 ], [ -44.0793587, -20.0024712 ], [ -44.0793546, -20.0026445 ], [ -44.0795322, -20.002641 ], [ -44.0795799, -20.0026448 ], [ -44.0796057, -20.0026524 ], [ -44.0796221, -20.0026678 ], [ -44.0796296, -20.0026907 ], [ -44.0796328, -20.0027318 ], [ -44.0796333, -20.0028629 ], [ -44.0796381, -20.0028881 ], [ -44.0796493, -20.0029077 ], [ -44.079671, -20.0029189 ], [ -44.0797159, -20.0029251 ], [ -44.0799101, -20.0029223 ], [ -44.0803078, -20.0029258 ], [ -44.080374, -20.002923 ], [ -44.0804128, -20.0029166 ], [ -44.0804291, -20.0029108 ], [ -44.0804423, -20.0029023 ], [ -44.0804574, -20.0028781 ], [ -44.0804657, -20.0028297 ], [ -44.0804721, -20.0027055 ], [ -44.0804811, -20.0026762 ], [ -44.0804893, -20.0026647 ], [ -44.0805019, -20.0026557 ], [ -44.0805177, -20.0026494 ], [ -44.0805635, -20.0026426 ], [ -44.0806229, -20.0026411 ], [ -44.0807435, -20.0026445 ], [ -44.0807404, -20.0028518 ], [ -44.0807474, -20.0028896 ], [ -44.08076, -20.0029081 ], [ -44.0807703, -20.0029142 ], [ -44.0807971, -20.002921 ], [ -44.0808453, -20.0029243 ], [ -44.081299, -20.0029223 ], [ -44.0812943, -20.0032967 ], [ -44.0812997, -20.0033714 ], [ -44.0813107, -20.0034149 ], [ -44.0813202, -20.0034332 ], [ -44.0813337, -20.0034481 ], [ -44.0813521, -20.0034588 ], [ -44.0813987, -20.0034717 ], [ -44.0815017, -20.0034893 ], [ -44.0815238, -20.0034968 ], [ -44.0815421, -20.0035075 ], [ -44.0815556, -20.0035224 ], [ -44.0815717, -20.0035615 ], [ -44.0815789, -20.0036083 ], [ -44.0815819, -20.0036851 ], [ -44.0815768, -20.0040334 ], [ -44.0815805, -20.0042217 ], [ -44.0815756, -20.0042639 ], [ -44.0815663, -20.0042867 ], [ -44.0815582, -20.0042952 ], [ -44.081547, -20.0043015 ], [ -44.0815178, -20.0043082 ], [ -44.0813748, -20.0043126 ], [ -44.0813426, -20.0043167 ], [ -44.0813176, -20.004327 ], [ -44.081304, -20.0043463 ], [ -44.0812977, -20.0043717 ], [ -44.0812949, -20.0044156 ], [ -44.081299, -20.0045889 ], [ -44.0812938, -20.0046089 ], [ -44.0812942, -20.0046524 ], [ -44.0813017, -20.0047136 ], [ -44.0813188, -20.0047864 ], [ -44.0813481, -20.004864 ], [ -44.0813927, -20.0049397 ], [ -44.081456, -20.0050095 ], [ -44.0815328, -20.0050705 ], [ -44.0817684, -20.0052178 ], [ -44.0818252, -20.0052623 ], [ -44.0819295, -20.0053581 ], [ -44.0820249, -20.005435 ], [ -44.0820701, -20.0054756 ], [ -44.0821171, -20.0055279 ], [ -44.082204, -20.0056387 ], [ -44.0822818, -20.0057307 ], [ -44.0823159, -20.0057808 ], [ -44.082349, -20.0058534 ], [ -44.0823724, -20.0059344 ], [ -44.082389, -20.0060211 ], [ -44.0824012, -20.0061118 ], [ -44.0824398, -20.0064827 ], [ -44.0824552, -20.0065706 ], [ -44.0824765, -20.0066533 ], [ -44.0825063, -20.0067288 ], [ -44.0825366, -20.0067822 ], [ -44.082602, -20.0068847 ], [ -44.0826342, -20.0069498 ], [ -44.0827396, -20.0072299 ], [ -44.0827721, -20.0072946 ], [ -44.0828728, -20.0074463 ], [ -44.0829093, -20.007526 ], [ -44.0829427, -20.0076234 ], [ -44.0830404, -20.0079495 ], [ -44.0830773, -20.0080448 ], [ -44.083118, -20.0081217 ], [ -44.0831619, -20.0081747 ], [ -44.0831953, -20.0081972 ], [ -44.0832239, -20.0082054 ], [ -44.0832435, -20.0082 ], [ -44.0832477, -20.0088209 ], [ -44.0832416, -20.0089083 ], [ -44.0832296, -20.0089597 ], [ -44.0832191, -20.0089816 ], [ -44.0832041, -20.0089996 ], [ -44.0831845, -20.0090126 ], [ -44.0831351, -20.0090298 ], [ -44.0830543, -20.0090498 ], [ -44.0830303, -20.0090589 ], [ -44.08301, -20.0090713 ], [ -44.0829941, -20.0090886 ], [ -44.0829825, -20.0091095 ], [ -44.0829739, -20.009133 ], [ -44.0829479, -20.0092351 ], [ -44.0829334, -20.0092589 ], [ -44.0829107, -20.009279 ], [ -44.0828812, -20.0092932 ], [ -44.0828465, -20.0093028 ], [ -44.0828096, -20.0093086 ], [ -44.0827401, -20.0093127 ], [ -44.0826879, -20.0093112 ], [ -44.082683, -20.0096257 ], [ -44.0826846, -20.0098461 ], [ -44.0826954, -20.0100584 ], [ -44.0827061, -20.0101484 ], [ -44.0827212, -20.0102228 ], [ -44.0827422, -20.0102903 ], [ -44.0827708, -20.0103513 ], [ -44.0828743, -20.0105006 ], [ -44.0829011, -20.0105609 ], [ -44.0829209, -20.0106273 ], [ -44.0829359, -20.0106978 ], [ -44.0829698, -20.0109187 ], [ -44.0829828, -20.0109909 ], [ -44.0829994, -20.01106 ], [ -44.0830216, -20.0111244 ], [ -44.0830518, -20.0111819 ], [ -44.0830891, -20.0112292 ], [ -44.0831729, -20.0113161 ], [ -44.0832713, -20.0114401 ], [ -44.0833067, -20.0114792 ], [ -44.0834463, -20.0115976 ], [ -44.0835864, -20.0117554 ], [ -44.0837271, -20.0118728 ], [ -44.0837634, -20.0119111 ], [ -44.0838341, -20.011995 ], [ -44.0838788, -20.0120398 ], [ -44.0839393, -20.0120895 ], [ -44.0840691, -20.0121886 ], [ -44.0843546, -20.0126057 ], [ -44.0844512, -20.0127469 ], [ -44.0843546, -20.0128224 ], [ -44.0843247, -20.0128458 ], [ -44.0840786, -20.0129193 ], [ -44.083891, -20.0129264 ], [ -44.0838002, -20.0129348 ], [ -44.0837183, -20.0129477 ], [ -44.0836503, -20.0129658 ], [ -44.0836002, -20.0129902 ], [ -44.0835662, -20.0130167 ], [ -44.0834768, -20.0131071 ], [ -44.0834423, -20.0131333 ], [ -44.0833923, -20.0131585 ], [ -44.0833357, -20.0131782 ], [ -44.0831544, -20.0132277 ], [ -44.0830984, -20.0132481 ], [ -44.0830489, -20.0132742 ], [ -44.0830147, -20.0133008 ], [ -44.0829228, -20.0133904 ], [ -44.0828871, -20.0134159 ], [ -44.0828348, -20.0134399 ], [ -44.0827745, -20.0134569 ], [ -44.0827082, -20.0134688 ], [ -44.0826377, -20.0134769 ], [ -44.0824888, -20.0134852 ], [ -44.0823359, -20.0134859 ], [ -44.0821854, -20.0134793 ], [ -44.0821136, -20.0134722 ], [ -44.0820457, -20.0134614 ], [ -44.0819838, -20.0134454 ], [ -44.0819301, -20.0134222 ], [ -44.0818938, -20.0133968 ], [ -44.0818215, -20.0133325 ], [ -44.0817773, -20.0132988 ], [ -44.0817256, -20.0132688 ], [ -44.0816518, -20.0132405 ], [ -44.0815718, -20.0132207 ], [ -44.0814919, -20.013208 ], [ -44.0813579, -20.0131977 ], [ -44.081299, -20.0132 ], [ -44.0810737, -20.0131953 ], [ -44.0809464, -20.0131954 ], [ -44.0808819, -20.0131997 ], [ -44.0808251, -20.0132105 ], [ -44.0808014, -20.0132199 ], [ -44.0807822, -20.0132332 ], [ -44.0807694, -20.01325 ], [ -44.0807537, -20.0132922 ], [ -44.0807401, -20.0133638 ], [ -44.0807277, -20.0134088 ], [ -44.080718, -20.0134282 ], [ -44.0807042, -20.0134442 ], [ -44.0806842, -20.0134568 ], [ -44.0806596, -20.0134655 ], [ -44.0806014, -20.0134751 ], [ -44.0805361, -20.0134787 ], [ -44.080332, -20.0134823 ], [ -44.0802709, -20.0134894 ], [ -44.0802446, -20.0134966 ], [ -44.0802226, -20.0135093 ], [ -44.0802072, -20.0135294 ], [ -44.0801964, -20.013556 ], [ -44.0801896, -20.0135871 ], [ -44.0801844, -20.0136541 ], [ -44.0801879, -20.0137556 ], [ -44.0801637, -20.0137561 ], [ -44.080118, -20.0137766 ], [ -44.0800729, -20.0138068 ], [ -44.0799605, -20.0138947 ], [ -44.0797744, -20.0140306 ], [ -44.0796238, -20.0141476 ], [ -44.0795472, -20.014202 ], [ -44.0794462, -20.0142606 ], [ -44.0792616, -20.0143505 ], [ -44.0791794, -20.014399 ], [ -44.0791223, -20.0144427 ], [ -44.0790156, -20.0145365 ], [ -44.0788749, -20.0146539 ], [ -44.0787285, -20.0148063 ], [ -44.0785948, -20.0149297 ], [ -44.0784515, -20.0150848 ], [ -44.0783178, -20.0152081 ], [ -44.0781708, -20.0153601 ], [ -44.0779213, -20.0155694 ], [ -44.0778632, -20.0156123 ], [ -44.0777796, -20.0156596 ], [ -44.0775976, -20.0157417 ], [ -44.0775097, -20.0157853 ], [ -44.0773209, -20.0159014 ], [ -44.0772318, -20.0159441 ], [ -44.077043, -20.0160203 ], [ -44.0769531, -20.0160622 ], [ -44.0767274, -20.0161942 ], [ -44.0766102, -20.0162505 ], [ -44.0763701, -20.0163562 ], [ -44.0762657, -20.0164088 ], [ -44.0760909, -20.0165123 ], [ -44.0760439, -20.0165316 ], [ -44.0760212, -20.0165334 ], [ -44.076027, -20.0158803 ], [ -44.0760188, -20.0157947 ], [ -44.0760121, -20.0157696 ], [ -44.0760019, -20.0157474 ], [ -44.075987, -20.0157294 ], [ -44.075967, -20.0157168 ], [ -44.0759425, -20.015708 ], [ -44.0759147, -20.0157021 ], [ -44.0758194, -20.0156945 ], [ -44.0751879, -20.0157001 ], [ -44.0751903, -20.0161496 ], [ -44.075186, -20.0162077 ], [ -44.075178, -20.0162317 ], [ -44.0751708, -20.0162409 ], [ -44.0751603, -20.0162479 ], [ -44.0751474, -20.0162526 ], [ -44.0751164, -20.0162578 ], [ -44.0750568, -20.0162594 ], [ -44.0749101, -20.0162556 ], [ -44.0744776, -20.0162655 ], [ -44.074253, -20.0162641 ], [ -44.0741504, -20.0162595 ], [ -44.0740619, -20.0162511 ], [ -44.0739902, -20.0162383 ], [ -44.0739267, -20.0162195 ], [ -44.0738722, -20.0161929 ], [ -44.0738302, -20.0161595 ], [ -44.0737252, -20.016041 ], [ -44.0736257, -20.0159478 ], [ -44.0735977, -20.0159124 ], [ -44.0735711, -20.0158594 ], [ -44.0735528, -20.0157993 ], [ -44.0735402, -20.0157343 ], [ -44.0735095, -20.0154576 ], [ -44.0734984, -20.0153913 ], [ -44.0734824, -20.0153293 ], [ -44.0734589, -20.0152737 ], [ -44.0734247, -20.0152271 ], [ -44.0733829, -20.015195 ], [ -44.0733328, -20.0151699 ], [ -44.0731063, -20.015092 ], [ -44.0730566, -20.0150666 ], [ -44.0730137, -20.015034 ], [ -44.0729024, -20.0149208 ], [ -44.0727185, -20.0147867 ], [ -44.0725692, -20.0146507 ], [ -44.0725224, -20.0146182 ], [ -44.0724836, -20.0145998 ], [ -44.0724496, -20.0145894 ], [ -44.0724241, -20.0145859 ], [ -44.0724101, -20.0145889 ], [ -44.0715768, -20.0145889 ], [ -44.0710212, -20.0145889 ], [ -44.0710233, -20.0145569 ], [ -44.0710115, -20.0144882 ], [ -44.0709973, -20.0144482 ], [ -44.0709759, -20.0144091 ], [ -44.0709453, -20.0143729 ], [ -44.0709086, -20.014341 ], [ -44.0708329, -20.0142861 ], [ -44.0708024, -20.0142607 ], [ -44.0707798, -20.0142337 ], [ -44.0707075, -20.0141105 ], [ -44.0706841, -20.0140843 ], [ -44.0706545, -20.014062 ], [ -44.0705543, -20.014005 ], [ -44.0705253, -20.0139823 ], [ -44.0705023, -20.0139557 ], [ -44.070429, -20.0138333 ], [ -44.0704059, -20.0138068 ], [ -44.0703767, -20.0137842 ], [ -44.0702768, -20.013727 ], [ -44.0702475, -20.0137046 ], [ -44.0702242, -20.0136782 ], [ -44.0701514, -20.0135554 ], [ -44.0701286, -20.0135286 ], [ -44.0700997, -20.0135058 ], [ -44.069999, -20.0134493 ], [ -44.0699692, -20.0134273 ], [ -44.0699431, -20.0133995 ], [ -44.0698597, -20.0132932 ], [ -44.0698266, -20.0132606 ], [ -44.0697894, -20.0132344 ], [ -44.0697478, -20.0132157 ], [ -44.0697069, -20.0132043 ], [ -44.0696711, -20.0131987 ], [ -44.069645, -20.0131976 ], [ -44.0696323, -20.0132 ], [ -44.0683494, -20.01016 ], [ -44.0676845, -20.0088911 ], [ -44.0676907, -20.008823 ], [ -44.0676914, -20.0087757 ], [ -44.0676879, -20.0087556 ], [ -44.0676906, -20.008737 ], [ -44.0676802, -20.0087004 ], [ -44.0676552, -20.0086516 ], [ -44.067621, -20.0086046 ], [ -44.0675295, -20.0084985 ], [ -44.0674144, -20.0083539 ], [ -44.0673541, -20.0082839 ], [ -44.0672997, -20.0082309 ], [ -44.0672, -20.0081421 ], [ -44.067058, -20.0079859 ], [ -44.0669195, -20.0078667 ], [ -44.0667774, -20.0077106 ], [ -44.066641, -20.0075895 ], [ -44.0665946, -20.0075367 ], [ -44.0665072, -20.0074263 ], [ -44.0664267, -20.0073366 ], [ -44.0663907, -20.0072882 ], [ -44.0663578, -20.0072238 ], [ -44.0663329, -20.0071525 ], [ -44.0663137, -20.0070763 ], [ -44.0662686, -20.0068372 ], [ -44.0662513, -20.0067594 ], [ -44.0662296, -20.0066854 ], [ -44.066201, -20.0066173 ], [ -44.0661059, -20.0064608 ], [ -44.0660754, -20.0063877 ], [ -44.0660534, -20.0063074 ], [ -44.0660378, -20.0062215 ], [ -44.0660271, -20.0061312 ], [ -44.066016, -20.0059068 ], [ -44.0660142, -20.005646 ], [ -44.0660212, -20.0051445 ], [ -44.0660032, -20.005147 ], [ -44.0659693, -20.0051394 ], [ -44.0659252, -20.0051204 ], [ -44.065868, -20.0050822 ], [ -44.0656208, -20.0048636 ], [ -44.0655673, -20.0048063 ], [ -44.0655201, -20.0047341 ], [ -44.0654892, -20.0046614 ], [ -44.0654423, -20.0045163 ], [ -44.0654158, -20.0044464 ], [ -44.0653831, -20.0043819 ], [ -44.065313, -20.0042833 ], [ -44.0652803, -20.004232 ], [ -44.0652512, -20.0041643 ], [ -44.06523, -20.0040899 ], [ -44.0651692, -20.0037716 ], [ -44.0651476, -20.0036975 ], [ -44.0651179, -20.0036304 ], [ -44.0650762, -20.0035735 ], [ -44.0650287, -20.0035349 ], [ -44.064973, -20.0035033 ], [ -44.06479, -20.0034221 ], [ -44.0647343, -20.0033904 ], [ -44.0646779, -20.0033462 ], [ -44.064574, -20.00325 ], [ -44.0644247, -20.00314 ], [ -44.0643215, -20.0030431 ], [ -44.0642656, -20.0029984 ], [ -44.0642094, -20.002967 ], [ -44.0641408, -20.002938 ], [ -44.0639785, -20.0028767 ], [ -44.063896, -20.0028418 ], [ -44.0638195, -20.0028028 ], [ -44.0636746, -20.0027066 ], [ -44.0636151, -20.0026704 ], [ -44.063571, -20.0026514 ], [ -44.0635381, -20.002643 ], [ -44.0635212, -20.0026445 ], [ -44.0633372, -20.0026405 ], [ -44.0632117, -20.0026444 ], [ -44.0631511, -20.00265 ], [ -44.0630967, -20.0026591 ], [ -44.0630518, -20.0026725 ], [ -44.0630197, -20.0026908 ], [ -44.0629957, -20.0027165 ], [ -44.0629769, -20.0027467 ], [ -44.062944, -20.0028111 ], [ -44.0629252, -20.0028413 ], [ -44.0629018, -20.0028675 ], [ -44.0628768, -20.0028858 ], [ -44.0627903, -20.0029307 ], [ -44.0627634, -20.0029473 ], [ -44.0627405, -20.0029673 ], [ -44.0627206, -20.0029965 ], [ -44.0627067, -20.003031 ], [ -44.0626973, -20.0030692 ], [ -44.0626872, -20.0031531 ], [ -44.0626832, -20.0032886 ], [ -44.0626865, -20.0037544 ], [ -44.06268, -20.0038454 ], [ -44.0626678, -20.0038916 ], [ -44.0626479, -20.0039351 ], [ -44.0626199, -20.0039727 ], [ -44.0625837, -20.0040016 ], [ -44.0625471, -20.0040184 ], [ -44.0625089, -20.0040287 ], [ -44.0624416, -20.0040357 ], [ -44.0624101, -20.0040334 ], [ -44.0623559, -20.004036 ], [ -44.0622995, -20.0040343 ], [ -44.0622306, -20.0040289 ], [ -44.0621547, -20.0040182 ], [ -44.0620773, -20.0040007 ], [ -44.062004, -20.0039747 ], [ -44.0619382, -20.0039386 ], [ -44.0618816, -20.0038962 ], [ -44.0617891, -20.003812 ], [ -44.0616795, -20.0037271 ], [ -44.0616452, -20.003697 ], [ -44.0616104, -20.0036573 ], [ -44.0615467, -20.003573 ], [ -44.0615113, -20.0035339 ], [ -44.0614764, -20.0035043 ], [ -44.0613657, -20.0034207 ], [ -44.0612556, -20.0033067 ], [ -44.0612133, -20.0032735 ], [ -44.0611642, -20.0032475 ], [ -44.0611092, -20.0032267 ], [ -44.0609325, -20.0031741 ], [ -44.0608772, -20.0031534 ], [ -44.0608279, -20.0031277 ], [ -44.0607854, -20.0030947 ], [ -44.0606745, -20.0029813 ], [ -44.0605629, -20.0028984 ], [ -44.0605278, -20.002869 ], [ -44.0604922, -20.0028301 ], [ -44.0604289, -20.0027454 ], [ -44.0603949, -20.0027051 ], [ -44.0603247, -20.002636 ], [ -44.0602883, -20.0025932 ], [ -44.0602561, -20.0025431 ], [ -44.0602274, -20.0024752 ], [ -44.0602077, -20.002401 ], [ -44.0601952, -20.0023253 ], [ -44.0601855, -20.0021885 ], [ -44.0601879, -20.0020889 ], [ -44.0599353, -20.002094 ], [ -44.0598234, -20.0020932 ], [ -44.0597354, -20.0020846 ], [ -44.0597101, -20.0020783 ], [ -44.059688, -20.0020693 ], [ -44.0596701, -20.0020566 ], [ -44.0596573, -20.0020398 ], [ -44.0596484, -20.0020196 ], [ -44.0596248, -20.001901 ], [ -44.0596087, -20.0018591 ], [ -44.0595953, -20.0018428 ], [ -44.0595764, -20.0018305 ], [ -44.0595532, -20.0018218 ], [ -44.0595268, -20.0018159 ], [ -44.0594677, -20.0018094 ], [ -44.0593708, -20.0018067 ], [ -44.058799, -20.0018111 ], [ -44.0587396, -20.0018121 ], [ -44.0586644, -20.0018031 ], [ -44.0586261, -20.0017928 ], [ -44.058592, -20.001777 ], [ -44.0585645, -20.0017545 ], [ -44.0585446, -20.0017276 ], [ -44.0585314, -20.0016988 ], [ -44.058505, -20.0016167 ], [ -44.0584919, -20.0015932 ], [ -44.0584743, -20.0015736 ], [ -44.0584516, -20.001559 ], [ -44.0584251, -20.0015477 ], [ -44.058339, -20.0015195 ], [ -44.0583131, -20.0015077 ], [ -44.0582913, -20.0014924 ], [ -44.0582745, -20.0014721 ], [ -44.0582619, -20.0014481 ], [ -44.058225, -20.0013408 ], [ -44.0582124, -20.0013169 ], [ -44.0581956, -20.0012966 ], [ -44.0581738, -20.0012813 ], [ -44.0581479, -20.0012694 ], [ -44.0580617, -20.0012413 ], [ -44.0580352, -20.00123 ], [ -44.0580126, -20.0012154 ], [ -44.057995, -20.0011957 ], [ -44.0579819, -20.0011722 ], [ -44.0579554, -20.0010901 ], [ -44.0579423, -20.0010614 ], [ -44.0579223, -20.0010344 ], [ -44.0578948, -20.001012 ], [ -44.0578607, -20.0009962 ], [ -44.0578225, -20.0009858 ], [ -44.0577473, -20.0009768 ], [ -44.0576879, -20.0009778 ], [ -44.0574101, -20.0009778 ], [ -44.0573972, -20.0009809 ], [ -44.0573731, -20.0009793 ], [ -44.0573407, -20.0009725 ], [ -44.0573035, -20.0009598 ], [ -44.0572652, -20.0009401 ], [ -44.05723, -20.0009135 ], [ -44.0571974, -20.0008813 ], [ -44.057106, -20.0007783 ], [ -44.0570732, -20.0007522 ], [ -44.0570321, -20.0007328 ], [ -44.0569849, -20.0007203 ], [ -44.0569327, -20.0007121 ], [ -44.0568186, -20.0007039 ], [ -44.0564523, -20.0006995 ], [ -44.0563332, -20.0006951 ], [ -44.0562219, -20.0006839 ], [ -44.0561713, -20.0006738 ], [ -44.0561258, -20.0006594 ], [ -44.0560871, -20.000639 ], [ -44.0560599, -20.0006155 ], [ -44.0559743, -20.0005014 ], [ -44.055948, -20.0004774 ], [ -44.0559108, -20.0004566 ], [ -44.0558672, -20.0004421 ], [ -44.0558192, -20.0004325 ], [ -44.0557685, -20.0004272 ], [ -44.0557166, -20.0004257 ], [ -44.055665, -20.0004281 ], [ -44.0556155, -20.0004347 ], [ -44.05557, -20.0004466 ], [ -44.0555297, -20.0004661 ], [ -44.0554971, -20.0004926 ], [ -44.0554042, -20.0005987 ], [ -44.0553708, -20.0006321 ], [ -44.0553348, -20.0006599 ], [ -44.0552956, -20.0006807 ], [ -44.0552577, -20.0006943 ], [ -44.0552247, -20.0007017 ], [ -44.0552004, -20.0007036 ], [ -44.0551879, -20.0007 ], [ -44.0549774, -20.0007019 ], [ -44.0549456, -20.0006994 ], [ -44.0549215, -20.0006903 ], [ -44.0549109, -20.0006685 ], [ -44.0549082, -20.0006399 ], [ -44.0549101, -20.0004223 ], [ -44.0549123, -20.0003637 ], [ -44.0549017, -20.0002278 ], [ -44.054888, -20.0001455 ], [ -44.0548664, -20.0000619 ], [ -44.0548353, -19.9999831 ], [ -44.0547943, -19.999914 ], [ -44.0547124, -19.9997982 ], [ -44.054687, -19.9997441 ], [ -44.0546691, -19.9996837 ], [ -44.0546562, -19.999619 ], [ -44.0546224, -19.9993449 ], [ -44.0546116, -19.9992784 ], [ -44.0545973, -19.9992149 ], [ -44.0545777, -19.9991559 ], [ -44.054551, -19.999103 ], [ -44.0544372, -19.9989625 ], [ -44.0544078, -19.9989084 ], [ -44.0543847, -19.9988488 ], [ -44.0543278, -19.9986594 ], [ -44.0543047, -19.9985999 ], [ -44.0542751, -19.9985459 ], [ -44.0541582, -19.9984081 ], [ -44.0541281, -19.9983545 ], [ -44.0541046, -19.9982952 ], [ -44.0540486, -19.9981051 ], [ -44.0540263, -19.9980448 ], [ -44.0539972, -19.9979903 ], [ -44.0539128, -19.9978767 ], [ -44.0538715, -19.9978078 ], [ -44.0538405, -19.9977289 ], [ -44.0538193, -19.9976449 ], [ -44.0538062, -19.9975622 ], [ -44.0537992, -19.9974869 ], [ -44.0537967, -19.9974253 ], [ -44.053799, -19.9973667 ], [ -44.0537713, -19.9973687 ], [ -44.0537111, -19.9973635 ], [ -44.0536755, -19.9973563 ], [ -44.05364, -19.997345 ], [ -44.0536075, -19.9973286 ], [ -44.0535799, -19.997306 ], [ -44.0535584, -19.9972788 ], [ -44.0535421, -19.9972495 ], [ -44.0535102, -19.9971678 ], [ -44.0534961, -19.9971451 ], [ -44.0534773, -19.9971265 ], [ -44.0534498, -19.9971115 ], [ -44.0534166, -19.9971014 ], [ -44.0533794, -19.9970946 ], [ -44.0532974, -19.9970877 ], [ -44.0531653, -19.9970851 ], [ -44.0518545, -19.9970889 ], [ -44.0518599, -19.9971049 ], [ -44.0518561, -19.997137 ], [ -44.0518407, -19.9971789 ], [ -44.0518103, -19.9972237 ], [ -44.051759, -19.997267 ], [ -44.0516898, -19.9973033 ], [ -44.0516074, -19.997332 ], [ -44.051517, -19.997353 ], [ -44.0514243, -19.9973663 ], [ -44.0513349, -19.9973721 ], [ -44.0512525, -19.9973714 ], [ -44.0510936, -19.9973625 ], [ -44.0510184, -19.9973536 ], [ -44.0509477, -19.9973407 ], [ -44.0508831, -19.9973224 ], [ -44.0508267, -19.9972969 ], [ -44.0507818, -19.9972654 ], [ -44.0507009, -19.9971948 ], [ -44.0506554, -19.9971638 ], [ -44.0505999, -19.9971393 ], [ -44.0505369, -19.9971212 ], [ -44.0504688, -19.9971075 ], [ -44.05018, -19.9970663 ], [ -44.0501118, -19.9970525 ], [ -44.0500487, -19.9970344 ], [ -44.0499933, -19.9970099 ], [ -44.0499479, -19.996979 ], [ -44.0498682, -19.9969094 ], [ -44.0498248, -19.9968792 ], [ -44.0497752, -19.9968574 ], [ -44.0497197, -19.996843 ], [ -44.0496608, -19.9968352 ], [ -44.0496004, -19.9968334 ], [ -44.0495409, -19.9968379 ], [ -44.0494845, -19.9968493 ], [ -44.0494341, -19.9968688 ], [ -44.0493866, -19.9968993 ], [ -44.0492773, -19.9969791 ], [ -44.0492106, -19.9970161 ], [ -44.0491364, -19.9970443 ], [ -44.049058, -19.9970648 ], [ -44.0489812, -19.9970788 ], [ -44.0488543, -19.9970915 ], [ -44.0488151, -19.9970919 ], [ -44.048799, -19.9970889 ], [ -44.0485212, -19.9970889 ], [ -44.0485243, -19.9971008 ], [ -44.0485226, -19.9971255 ], [ -44.0485152, -19.9971598 ], [ -44.0485008, -19.9972 ], [ -44.048478, -19.9972423 ], [ -44.0484431, -19.997286 ], [ -44.0483124, -19.9974097 ], [ -44.048279, -19.9974496 ], [ -44.0482027, -19.997558 ], [ -44.0481736, -19.9975892 ], [ -44.0481367, -19.9976178 ], [ -44.0480566, -19.9976695 ], [ -44.0480202, -19.9976985 ], [ -44.0479915, -19.99773 ], [ -44.0479177, -19.997834 ], [ -44.0478901, -19.9978652 ], [ -44.0477863, -19.9979454 ], [ -44.0477591, -19.997974 ], [ -44.0477426, -19.9980052 ], [ -44.0477348, -19.9980393 ], [ -44.0477349, -19.9980745 ], [ -44.0477429, -19.9981089 ], [ -44.0477593, -19.9981405 ], [ -44.0477863, -19.99817 ], [ -44.0478534, -19.9982249 ], [ -44.0478844, -19.9982568 ], [ -44.0479095, -19.9982969 ], [ -44.0479281, -19.9983432 ], [ -44.0479416, -19.9983942 ], [ -44.0479513, -19.9984486 ], [ -44.0479628, -19.9985644 ], [ -44.0479679, -19.9986861 ], [ -44.0479692, -19.9989168 ], [ -44.0479656, -19.9993111 ], [ -44.0479397, -19.9993114 ], [ -44.0478907, -19.9993321 ], [ -44.0478429, -19.9993632 ], [ -44.0475441, -19.9996 ], [ -44.0474748, -19.9996639 ], [ -44.0473459, -19.9997918 ], [ -44.0472016, -19.9999261 ], [ -44.0469509, -20.000227 ], [ -44.046907, -20.0003005 ], [ -44.0467952, -20.0005381 ], [ -44.046751, -20.0006114 ], [ -44.0466359, -20.0007507 ], [ -44.0465094, -20.0009201 ], [ -44.0463955, -20.0010605 ], [ -44.0463525, -20.0011348 ], [ -44.0463162, -20.0012148 ], [ -44.0462488, -20.0013793 ], [ -44.0462106, -20.0014577 ], [ -44.0461173, -20.0016157 ], [ -44.0460808, -20.0017035 ], [ -44.0460526, -20.0017984 ], [ -44.0459838, -20.0020966 ], [ -44.0459547, -20.0021907 ], [ -44.0459159, -20.0022766 ], [ -44.0458637, -20.0023526 ], [ -44.0457964, -20.002432 ], [ -44.0456772, -20.0025681 ], [ -44.0456104, -20.0026343 ], [ -44.0455183, -20.002711 ], [ -44.0453121, -20.0028715 ], [ -44.0452635, -20.0029019 ], [ -44.0452137, -20.0029219 ], [ -44.0451879, -20.0029223 ], [ -44.0451879, -20.0032 ], [ -44.0451899, -20.0032887 ], [ -44.0451838, -20.0034127 ], [ -44.0451756, -20.0034825 ], [ -44.0451626, -20.0035524 ], [ -44.0451434, -20.0036181 ], [ -44.045117, -20.0036757 ], [ -44.0450846, -20.0037206 ], [ -44.045016, -20.0037868 ], [ -44.0449866, -20.0038212 ], [ -44.0449632, -20.0038629 ], [ -44.0449457, -20.0039095 ], [ -44.0449319, -20.0039594 ], [ -44.0448963, -20.0041142 ], [ -44.0448813, -20.004163 ], [ -44.0448621, -20.0042083 ], [ -44.0448368, -20.0042484 ], [ -44.0448056, -20.0042811 ], [ -44.0447, -20.0043691 ], [ -44.0446723, -20.004401 ], [ -44.0445979, -20.004504 ], [ -44.0445696, -20.0045352 ], [ -44.0445343, -20.0045644 ], [ -44.0444576, -20.0046178 ], [ -44.0444222, -20.0046469 ], [ -44.0443936, -20.0046779 ], [ -44.0443185, -20.0047803 ], [ -44.0442902, -20.0048116 ], [ -44.044255, -20.004841 ], [ -44.0441783, -20.0048942 ], [ -44.0441426, -20.0049231 ], [ -44.044114, -20.0049541 ], [ -44.0440332, -20.0050667 ], [ -44.0439988, -20.0051085 ], [ -44.0438731, -20.0052348 ], [ -44.0438403, -20.0052775 ], [ -44.0438186, -20.0053179 ], [ -44.0438048, -20.0053558 ], [ -44.0437976, -20.0053879 ], [ -44.0437959, -20.0054109 ], [ -44.043799, -20.0054223 ], [ -44.0437865, -20.0054198 ], [ -44.0437607, -20.0054209 ], [ -44.0437254, -20.0054265 ], [ -44.0436849, -20.0054378 ], [ -44.0436437, -20.0054563 ], [ -44.0436065, -20.0054822 ], [ -44.0435731, -20.0055143 ], [ -44.0434877, -20.0056201 ], [ -44.0434607, -20.0056481 ], [ -44.0434307, -20.0056701 ], [ -44.04333, -20.0057266 ], [ -44.0433009, -20.0057493 ], [ -44.0432778, -20.0057758 ], [ -44.0432035, -20.0058973 ], [ -44.0431802, -20.0059237 ], [ -44.0431511, -20.0059464 ], [ -44.0430547, -20.0060065 ], [ -44.0430279, -20.0060312 ], [ -44.0430066, -20.0060635 ], [ -44.0429914, -20.0061009 ], [ -44.0429806, -20.0061421 ], [ -44.0429469, -20.0063658 ], [ -44.0429365, -20.0064074 ], [ -44.042922, -20.0064455 ], [ -44.0429013, -20.0064783 ], [ -44.0428751, -20.0065034 ], [ -44.0427797, -20.0065645 ], [ -44.0427517, -20.0065881 ], [ -44.0427287, -20.0066195 ], [ -44.0427117, -20.0066627 ], [ -44.0426997, -20.0067161 ], [ -44.0426872, -20.0068391 ], [ -44.0426848, -20.0069605 ], [ -44.0426879, -20.0070889 ], [ -44.0424101, -20.0070889 ], [ -44.0421323, -20.0070889 ], [ -44.0421321, -20.007172 ], [ -44.0421567, -20.0078632 ], [ -44.0421594, -20.0081816 ], [ -44.0421559, -20.0083208 ], [ -44.0421478, -20.008439 ], [ -44.0421338, -20.0085486 ], [ -44.0421122, -20.0086516 ], [ -44.0420802, -20.0087457 ], [ -44.0420344, -20.008828 ], [ -44.0419702, -20.0088945 ], [ -44.0418864, -20.0089417 ], [ -44.0417861, -20.0089748 ], [ -44.0416747, -20.0089984 ], [ -44.0411948, -20.0090631 ], [ -44.0410828, -20.0090861 ], [ -44.0409809, -20.0091179 ], [ -44.0408938, -20.0091621 ], [ -44.0408285, -20.0092174 ], [ -44.0407754, -20.009283 ], [ -44.0407297, -20.009355 ], [ -44.0405496, -20.0096609 ], [ -44.0405137, -20.0097551 ], [ -44.0404887, -20.0098587 ], [ -44.0404716, -20.0099691 ], [ -44.0404605, -20.0100845 ], [ -44.0404495, -20.0103252 ], [ -44.0404478, -20.0106987 ], [ -44.0404656, -20.0120889 ], [ -44.0402552, -20.0120871 ], [ -44.0402234, -20.0120896 ], [ -44.0401993, -20.0120987 ], [ -44.0401887, -20.0121205 ], [ -44.0401859, -20.012149 ], [ -44.0401879, -20.0123667 ], [ -44.0401879, -20.0126445 ], [ -44.0401721, -20.0126397 ], [ -44.0401464, -20.0126423 ], [ -44.040114, -20.0126531 ], [ -44.0400793, -20.0126738 ], [ -44.0400386, -20.0127153 ], [ -44.0400035, -20.0127728 ], [ -44.0399746, -20.0128431 ], [ -44.0399522, -20.0129222 ], [ -44.0399357, -20.0130059 ], [ -44.0399248, -20.0130897 ], [ -44.0399092, -20.0133845 ], [ -44.0398932, -20.0135189 ], [ -44.0398795, -20.0135813 ], [ -44.0398604, -20.013639 ], [ -44.0398339, -20.0136904 ], [ -44.0398067, -20.0137265 ] ] ] ] } },
{ "type": "Feature", "properties": { "Sub_bacia": "Sumidouro", "Area_Ha": 858.734, "Nome": "Sumidouro" }, "geometry": { "type": "MultiPolygon", "coordinates": [ [ [ [ -44.0848021, -20.0289916 ], [ -44.0847639, -20.0290263 ], [ -44.0846917, -20.0290842 ], [ -44.084657, -20.0291239 ], [ -44.0845946, -20.0292094 ], [ -44.0845599, -20.0292492 ], [ -44.0844549, -20.0293376 ], [ -44.0844248, -20.0293713 ], [ -44.0843985, -20.0294183 ], [ -44.0843804, -20.0294721 ], [ -44.0843681, -20.029531 ], [ -44.08436, -20.0295936 ], [ -44.0843519, -20.0297256 ], [ -44.08435, -20.0299322 ], [ -44.0843547, -20.0304918 ], [ -44.0843515, -20.030628 ], [ -44.0843407, -20.0307576 ], [ -44.0843288, -20.0308195 ], [ -44.0843068, -20.0308829 ], [ -44.0842733, -20.0309435 ], [ -44.0842359, -20.0309905 ], [ -44.0841558, -20.0310762 ], [ -44.0841226, -20.0311178 ], [ -44.0840952, -20.0311656 ], [ -44.0840792, -20.0312079 ], [ -44.0840732, -20.0312394 ], [ -44.0840768, -20.0312556 ], [ -44.083799, -20.0312556 ], [ -44.0838007, -20.0312714 ], [ -44.0837911, -20.0313036 ], [ -44.083769, -20.0313479 ], [ -44.0837395, -20.0313919 ], [ -44.08366, -20.0314952 ], [ -44.0835005, -20.031717 ], [ -44.0833553, -20.0318959 ], [ -44.0833042, -20.0319742 ], [ -44.0832179, -20.0321226 ], [ -44.0831665, -20.0321897 ], [ -44.083102, -20.0322456 ], [ -44.0830243, -20.0322848 ], [ -44.082934, -20.0323132 ], [ -44.0828353, -20.0323344 ], [ -44.0825213, -20.0323826 ], [ -44.0824201, -20.0324017 ], [ -44.0823256, -20.0324265 ], [ -44.0822409, -20.0324597 ], [ -44.0821766, -20.0324972 ], [ -44.0821183, -20.0325399 ], [ -44.0819626, -20.0326578 ], [ -44.0819162, -20.0326973 ], [ -44.0818676, -20.0327483 ], [ -44.0817014, -20.0329497 ], [ -44.0816675, -20.0329999 ], [ -44.0816309, -20.0330797 ], [ -44.0816053, -20.0331689 ], [ -44.0815878, -20.033265 ], [ -44.0815762, -20.0333662 ], [ -44.0815688, -20.033471 ], [ -44.0815551, -20.0340199 ], [ -44.0815453, -20.0341438 ], [ -44.0815281, -20.0342722 ], [ -44.0815027, -20.0343981 ], [ -44.0814685, -20.0345149 ], [ -44.0814259, -20.0346167 ], [ -44.0813318, -20.0347768 ], [ -44.0813098, -20.0348211 ], [ -44.0812989, -20.0348523 ], [ -44.081299, -20.0348667 ], [ -44.0812953, -20.0350551 ], [ -44.0813002, -20.0350972 ], [ -44.0813096, -20.0351201 ], [ -44.0813176, -20.0351286 ], [ -44.0813289, -20.0351348 ], [ -44.0813581, -20.0351416 ], [ -44.0815011, -20.0351459 ], [ -44.0815333, -20.0351501 ], [ -44.0815583, -20.0351604 ], [ -44.0815719, -20.0351796 ], [ -44.0815781, -20.0352051 ], [ -44.0815809, -20.035249 ], [ -44.0815768, -20.0354223 ], [ -44.0815795, -20.0354359 ], [ -44.0815744, -20.0354635 ], [ -44.0815612, -20.0355017 ], [ -44.0815387, -20.0355464 ], [ -44.0814092, -20.0357242 ], [ -44.08137, -20.0357962 ], [ -44.0813387, -20.0358722 ], [ -44.0812747, -20.0360761 ], [ -44.0812501, -20.0361344 ], [ -44.0812182, -20.0361864 ], [ -44.0811776, -20.036231 ], [ -44.0810897, -20.0363143 ], [ -44.080962, -20.0364827 ], [ -44.0808756, -20.0365673 ], [ -44.0808362, -20.0366128 ], [ -44.0808052, -20.0366656 ], [ -44.0807807, -20.036724 ], [ -44.0807382, -20.0368464 ], [ -44.0807141, -20.0369051 ], [ -44.0806836, -20.0369584 ], [ -44.0806427, -20.0370027 ], [ -44.0805883, -20.0370354 ], [ -44.0805225, -20.0370583 ], [ -44.0804485, -20.0370742 ], [ -44.0803687, -20.0370852 ], [ -44.0802849, -20.0370928 ], [ -44.079942, -20.0371163 ], [ -44.0798619, -20.0371269 ], [ -44.0797877, -20.0371427 ], [ -44.0797185, -20.0371673 ], [ -44.0796583, -20.0371988 ], [ -44.0795331, -20.0372727 ], [ -44.0794637, -20.0373053 ], [ -44.079378, -20.0373333 ], [ -44.0792912, -20.0373519 ], [ -44.0792108, -20.0373631 ], [ -44.0791437, -20.0373685 ], [ -44.0790969, -20.0373693 ], [ -44.0790768, -20.0373668 ], [ -44.0790861, -20.0380249 ], [ -44.0790855, -20.0382514 ], [ -44.0790796, -20.0383925 ], [ -44.0790734, -20.0384603 ], [ -44.0790639, -20.0385253 ], [ -44.0790499, -20.0385864 ], [ -44.0790296, -20.0386421 ], [ -44.0790011, -20.0386908 ], [ -44.0789707, -20.0387243 ], [ -44.0788673, -20.0388141 ], [ -44.0788328, -20.038854 ], [ -44.0787701, -20.0389392 ], [ -44.0787358, -20.0389793 ], [ -44.0786336, -20.0390702 ], [ -44.0786039, -20.0391042 ], [ -44.0785773, -20.0391509 ], [ -44.0785583, -20.039204 ], [ -44.0785447, -20.0392618 ], [ -44.0785351, -20.039323 ], [ -44.0785093, -20.0395787 ], [ -44.0784997, -20.03964 ], [ -44.0784856, -20.0396974 ], [ -44.0784647, -20.0397489 ], [ -44.0784329, -20.0397919 ], [ -44.0783769, -20.0398253 ], [ -44.0782991, -20.0398485 ], [ -44.0782063, -20.0398633 ], [ -44.0781052, -20.0398714 ], [ -44.0780024, -20.0398744 ], [ -44.0779044, -20.039874 ], [ -44.0776879, -20.0398668 ], [ -44.0776898, -20.0399009 ], [ -44.0776769, -20.0399734 ], [ -44.0776618, -20.0400148 ], [ -44.0776388, -20.0400543 ], [ -44.0776063, -20.0400896 ], [ -44.0775678, -20.0401194 ], [ -44.0774934, -20.0401681 ], [ -44.0774661, -20.0401925 ], [ -44.0774472, -20.0402226 ], [ -44.0774343, -20.0402578 ], [ -44.0774255, -20.0402965 ], [ -44.0774067, -20.0404656 ], [ -44.0773942, -20.0405476 ], [ -44.077384, -20.0405851 ], [ -44.0773695, -20.040619 ], [ -44.0773492, -20.0406479 ], [ -44.0773212, -20.0406715 ], [ -44.0772214, -20.0407287 ], [ -44.0771933, -20.0407523 ], [ -44.077173, -20.0407812 ], [ -44.0771585, -20.0408151 ], [ -44.0771483, -20.0408526 ], [ -44.0771358, -20.0409345 ], [ -44.0771171, -20.0411036 ], [ -44.0771083, -20.0411424 ], [ -44.0770953, -20.0411776 ], [ -44.0770764, -20.0412077 ], [ -44.0770491, -20.041232 ], [ -44.0769747, -20.0412808 ], [ -44.0769363, -20.0413106 ], [ -44.0769037, -20.0413459 ], [ -44.0768807, -20.0413854 ], [ -44.0768656, -20.0414268 ], [ -44.0768527, -20.0414993 ], [ -44.0768546, -20.0415334 ], [ -44.0765768, -20.0415334 ], [ -44.0765797, -20.0415484 ], [ -44.0765745, -20.0415792 ], [ -44.0765604, -20.0416213 ], [ -44.0765358, -20.0416695 ], [ -44.0765056, -20.0417121 ], [ -44.0764311, -20.0418007 ], [ -44.0763951, -20.041849 ], [ -44.0763609, -20.0419106 ], [ -44.0763355, -20.0419744 ], [ -44.0762732, -20.0422057 ], [ -44.0762518, -20.0422568 ], [ -44.0762234, -20.042302 ], [ -44.0761926, -20.0423351 ], [ -44.076089, -20.0424248 ], [ -44.0760549, -20.042465 ], [ -44.0759923, -20.0425503 ], [ -44.0759571, -20.0425896 ], [ -44.0758122, -20.0427033 ], [ -44.0757768, -20.0427425 ], [ -44.0757131, -20.0428269 ], [ -44.0756778, -20.0428661 ], [ -44.075533, -20.0429799 ], [ -44.0754977, -20.0430191 ], [ -44.0754344, -20.0431039 ], [ -44.0753995, -20.0431434 ], [ -44.0753648, -20.0431732 ], [ -44.0752896, -20.0432277 ], [ -44.0752545, -20.0432571 ], [ -44.075219, -20.0432962 ], [ -44.0751464, -20.0433959 ], [ -44.0751031, -20.0434497 ], [ -44.0749813, -20.0435769 ], [ -44.0749501, -20.0436186 ], [ -44.0749252, -20.0436666 ], [ -44.0749116, -20.043709 ], [ -44.074907, -20.0437403 ], [ -44.0749101, -20.0437557 ], [ -44.0749137, -20.04445 ], [ -44.0749059, -20.0446039 ], [ -44.0748917, -20.044699 ], [ -44.0748798, -20.0447423 ], [ -44.074863, -20.0447813 ], [ -44.07484, -20.0448147 ], [ -44.074813, -20.0448391 ], [ -44.0747219, -20.0448988 ], [ -44.0746976, -20.0449213 ], [ -44.0746811, -20.0449472 ], [ -44.0746715, -20.044976 ], [ -44.0746681, -20.0450063 ], [ -44.0746708, -20.0450367 ], [ -44.0746797, -20.0450656 ], [ -44.0746956, -20.0450915 ], [ -44.0747194, -20.0451141 ], [ -44.0748106, -20.0451732 ], [ -44.0748379, -20.0451972 ], [ -44.0748612, -20.0452295 ], [ -44.0748783, -20.0452675 ], [ -44.0748907, -20.0453096 ], [ -44.0749057, -20.0454026 ], [ -44.0749124, -20.0455107 ], [ -44.0749138, -20.0457155 ], [ -44.0749101, -20.0459779 ], [ -44.0754657, -20.0459779 ], [ -44.0754657, -20.0465334 ], [ -44.0754693, -20.0466565 ], [ -44.0754687, -20.0468333 ], [ -44.0754637, -20.046934 ], [ -44.075454, -20.0470355 ], [ -44.075438, -20.0471325 ], [ -44.0754142, -20.0472193 ], [ -44.0753813, -20.0472904 ], [ -44.0753416, -20.0473398 ], [ -44.0752549, -20.0474241 ], [ -44.0751548, -20.0475467 ], [ -44.0751189, -20.0475854 ], [ -44.0749796, -20.047704 ], [ -44.0749441, -20.0477431 ], [ -44.074845, -20.0478665 ], [ -44.0747593, -20.0479518 ], [ -44.0747203, -20.0479976 ], [ -44.0746888, -20.04805 ], [ -44.0746634, -20.0481076 ], [ -44.074599, -20.0482906 ], [ -44.0745737, -20.0483483 ], [ -44.0745425, -20.048401 ], [ -44.0745038, -20.0484471 ], [ -44.0744191, -20.0485332 ], [ -44.0742897, -20.0487001 ], [ -44.0742036, -20.048785 ], [ -44.0741637, -20.0488301 ], [ -44.0741314, -20.0488817 ], [ -44.0741055, -20.0489389 ], [ -44.0740283, -20.0491524 ], [ -44.0739947, -20.0492289 ], [ -44.0739555, -20.0493004 ], [ -44.0738348, -20.0494741 ], [ -44.0738138, -20.0495161 ], [ -44.0738014, -20.0495513 ], [ -44.0737966, -20.0495765 ], [ -44.073799, -20.049589 ], [ -44.0737954, -20.0497606 ], [ -44.0737984, -20.0498782 ], [ -44.0738108, -20.0499875 ], [ -44.0738223, -20.0500312 ], [ -44.0738381, -20.0500648 ], [ -44.0738598, -20.0500926 ], [ -44.073889, -20.0501151 ], [ -44.0739894, -20.0501718 ], [ -44.0740168, -20.0501959 ], [ -44.0740364, -20.0502254 ], [ -44.0740503, -20.0502599 ], [ -44.07406, -20.0502978 ], [ -44.0740944, -20.0505461 ], [ -44.0741047, -20.0505836 ], [ -44.0741191, -20.0506176 ], [ -44.0741393, -20.0506466 ], [ -44.074167, -20.0506704 ], [ -44.0742669, -20.0507276 ], [ -44.0742955, -20.0507507 ], [ -44.0743165, -20.050779 ], [ -44.0743317, -20.0508123 ], [ -44.0743425, -20.0508493 ], [ -44.074355, -20.0509312 ], [ -44.0743611, -20.0510658 ], [ -44.0743546, -20.0515334 ], [ -44.0743379, -20.0515303 ], [ -44.0743066, -20.0515347 ], [ -44.0742655, -20.0515471 ], [ -44.0742203, -20.0515691 ], [ -44.074179, -20.0515992 ], [ -44.0740592, -20.0517148 ], [ -44.074015, -20.0517475 ], [ -44.0739627, -20.0517717 ], [ -44.0739081, -20.0517857 ], [ -44.0738491, -20.0517946 ], [ -44.0735928, -20.051813 ], [ -44.0734688, -20.0518257 ], [ -44.0734118, -20.0518364 ], [ -44.0733603, -20.0518518 ], [ -44.0733161, -20.0518734 ], [ -44.0732826, -20.0519003 ], [ -44.0731988, -20.0519952 ], [ -44.0731657, -20.0520225 ], [ -44.0731225, -20.0520449 ], [ -44.0730727, -20.0520617 ], [ -44.0728521, -20.0521106 ], [ -44.072802, -20.0521272 ], [ -44.0727585, -20.0521495 ], [ -44.0727258, -20.052177 ], [ -44.0726985, -20.0522092 ], [ -44.0726488, -20.0522777 ], [ -44.0726207, -20.0523092 ], [ -44.0725847, -20.0523379 ], [ -44.0725045, -20.0523893 ], [ -44.0724622, -20.0524221 ], [ -44.0724242, -20.0524602 ], [ -44.0723502, -20.052544 ], [ -44.0723111, -20.0525815 ], [ -44.0722695, -20.0526113 ], [ -44.0722233, -20.0526325 ], [ -44.072181, -20.0526439 ], [ -44.0721489, -20.0526476 ], [ -44.0721324, -20.0526446 ], [ -44.0721285, -20.0539727 ], [ -44.072132, -20.0540978 ], [ -44.0721409, -20.0541757 ], [ -44.0721492, -20.0542113 ], [ -44.0721617, -20.0542433 ], [ -44.0721801, -20.0542704 ], [ -44.0722035, -20.0542899 ], [ -44.0722983, -20.0543395 ], [ -44.0723313, -20.0543627 ], [ -44.0723596, -20.0543912 ], [ -44.0723809, -20.0544251 ], [ -44.0723956, -20.054462 ], [ -44.0724051, -20.0544989 ], [ -44.0724124, -20.0545609 ], [ -44.0724101, -20.054589 ], [ -44.0724179, -20.0550058 ], [ -44.0724158, -20.0551494 ], [ -44.0724083, -20.0552356 ], [ -44.0724013, -20.0552759 ], [ -44.0723909, -20.0553133 ], [ -44.072376, -20.0553468 ], [ -44.0723551, -20.0553752 ], [ -44.0723263, -20.0553981 ], [ -44.0722235, -20.0554528 ], [ -44.0721936, -20.0554748 ], [ -44.0721705, -20.0555012 ], [ -44.0720996, -20.0556257 ], [ -44.0720765, -20.0556523 ], [ -44.0720467, -20.0556743 ], [ -44.0719427, -20.055728 ], [ -44.0719126, -20.0557497 ], [ -44.0718893, -20.0557761 ], [ -44.0718204, -20.0559024 ], [ -44.0717982, -20.0559296 ], [ -44.0717688, -20.0559521 ], [ -44.0716929, -20.0559996 ], [ -44.0716547, -20.0560296 ], [ -44.0716227, -20.0560654 ], [ -44.0716005, -20.0561056 ], [ -44.0715863, -20.0561477 ], [ -44.0715749, -20.0562215 ], [ -44.0715768, -20.0562557 ], [ -44.0715734, -20.0562771 ], [ -44.0715775, -20.0563256 ], [ -44.0715895, -20.0563961 ], [ -44.0716103, -20.0564825 ], [ -44.0716412, -20.0565789 ], [ -44.0717319, -20.0568027 ], [ -44.0717715, -20.0569275 ], [ -44.0718012, -20.0570575 ], [ -44.0718216, -20.0571861 ], [ -44.0718336, -20.0573064 ], [ -44.0718554, -20.0577652 ], [ -44.0718714, -20.0579906 ], [ -44.0718844, -20.0580991 ], [ -44.0719026, -20.0582033 ], [ -44.0719278, -20.0583015 ], [ -44.0719623, -20.058392 ], [ -44.0720527, -20.0585546 ], [ -44.0720908, -20.0586343 ], [ -44.0721921, -20.0588847 ], [ -44.0722302, -20.0589644 ], [ -44.07232, -20.0591269 ], [ -44.0723547, -20.0592204 ], [ -44.0723786, -20.0593215 ], [ -44.0723939, -20.0594278 ], [ -44.0724017, -20.0595371 ], [ -44.0724026, -20.0596473 ], [ -44.0723964, -20.0597563 ], [ -44.0723821, -20.059862 ], [ -44.0723578, -20.0599617 ], [ -44.0723209, -20.0600521 ], [ -44.0722718, -20.0601288 ], [ -44.0721304, -20.0603141 ], [ -44.072084, -20.0603681 ], [ -44.0717887, -20.0606408 ], [ -44.0717166, -20.0607034 ], [ -44.0714159, -20.0609289 ], [ -44.0713691, -20.0609579 ], [ -44.0713223, -20.0609772 ], [ -44.071299, -20.0609779 ], [ -44.0712983, -20.0610373 ], [ -44.0713105, -20.061113 ], [ -44.0713241, -20.061152 ], [ -44.0713445, -20.0611872 ], [ -44.0713723, -20.0612157 ], [ -44.0714051, -20.0612377 ], [ -44.0714999, -20.0612818 ], [ -44.0715246, -20.0613004 ], [ -44.0715433, -20.061324 ], [ -44.0715578, -20.0613513 ], [ -44.071594, -20.0614394 ], [ -44.0716092, -20.0614661 ], [ -44.0716288, -20.061489 ], [ -44.071654, -20.061507 ], [ -44.0717742, -20.0615626 ], [ -44.0717991, -20.061581 ], [ -44.0718184, -20.0616042 ], [ -44.0718333, -20.061631 ], [ -44.0718706, -20.0617182 ], [ -44.0718863, -20.0617444 ], [ -44.0719068, -20.0617665 ], [ -44.071934, -20.0617829 ], [ -44.0719667, -20.0617945 ], [ -44.0720433, -20.0618083 ], [ -44.0722556, -20.0618252 ], [ -44.0722967, -20.0618355 ], [ -44.0723343, -20.0618534 ], [ -44.0723651, -20.0618794 ], [ -44.072387, -20.0619133 ], [ -44.072401, -20.0619519 ], [ -44.0724088, -20.0619915 ], [ -44.0724122, -20.0620285 ], [ -44.0724101, -20.062089 ], [ -44.0724226, -20.0620888 ], [ -44.0724483, -20.0620965 ], [ -44.0724845, -20.0621125 ], [ -44.0726747, -20.0622177 ], [ -44.0727735, -20.0622589 ], [ -44.0728856, -20.0622959 ], [ -44.0733424, -20.0624167 ], [ -44.0734271, -20.0624474 ], [ -44.0736331, -20.0625488 ], [ -44.0737176, -20.0625784 ], [ -44.0738082, -20.0626027 ], [ -44.0740876, -20.0626693 ], [ -44.0741738, -20.0626974 ], [ -44.0742516, -20.0627327 ], [ -44.0743133, -20.0627725 ], [ -44.0745211, -20.0629384 ], [ -44.0745667, -20.0629786 ], [ -44.0746148, -20.06303 ], [ -44.0747046, -20.0631383 ], [ -44.0747845, -20.0632284 ], [ -44.0748212, -20.0632763 ], [ -44.0748639, -20.0633508 ], [ -44.0748993, -20.0634316 ], [ -44.0749642, -20.0635983 ], [ -44.0750014, -20.0636776 ], [ -44.0750941, -20.063836 ], [ -44.0751264, -20.0639125 ], [ -44.0751521, -20.0639947 ], [ -44.0752167, -20.0642519 ], [ -44.0752435, -20.0643332 ], [ -44.0752879, -20.0644087 ], [ -44.0753603, -20.0644737 ], [ -44.0754628, -20.0645232 ], [ -44.0755872, -20.0645574 ], [ -44.0757239, -20.0645791 ], [ -44.0758639, -20.0645911 ], [ -44.075998, -20.0645957 ], [ -44.0761174, -20.0645955 ], [ -44.076299, -20.064589 ], [ -44.0763594, -20.0645908 ], [ -44.0764363, -20.0645833 ], [ -44.0764752, -20.0645735 ], [ -44.0765094, -20.0645578 ], [ -44.0765364, -20.0645349 ], [ -44.0765549, -20.0645067 ], [ -44.0765654, -20.0644756 ], [ -44.0765713, -20.0644107 ], [ -44.0765771, -20.0642073 ], [ -44.0765856, -20.0641452 ], [ -44.0765935, -20.0641172 ], [ -44.0766051, -20.0640924 ], [ -44.0766215, -20.0640717 ], [ -44.0766433, -20.0640564 ], [ -44.0766692, -20.0640446 ], [ -44.0767551, -20.0640162 ], [ -44.0767813, -20.0640046 ], [ -44.0768034, -20.0639897 ], [ -44.0768207, -20.0639697 ], [ -44.0768335, -20.0639459 ], [ -44.0768696, -20.063838 ], [ -44.0768817, -20.0638136 ], [ -44.0768985, -20.0637932 ], [ -44.0769207, -20.0637783 ], [ -44.0769479, -20.0637676 ], [ -44.0770137, -20.0637552 ], [ -44.0771569, -20.0637502 ], [ -44.0774102, -20.0637557 ], [ -44.0775178, -20.0637534 ], [ -44.0776621, -20.0637609 ], [ -44.0777392, -20.0637713 ], [ -44.0778118, -20.0637881 ], [ -44.0778741, -20.0638129 ], [ -44.0779188, -20.0638439 ], [ -44.0779509, -20.063879 ], [ -44.0779991, -20.0639493 ], [ -44.0780273, -20.0639807 ], [ -44.0780636, -20.0640091 ], [ -44.0781429, -20.0640601 ], [ -44.078179, -20.0640887 ], [ -44.0782073, -20.06412 ], [ -44.0782572, -20.0641884 ], [ -44.0782845, -20.0642206 ], [ -44.0783172, -20.0642482 ], [ -44.0783605, -20.0642705 ], [ -44.0784106, -20.0642871 ], [ -44.078632, -20.0643354 ], [ -44.0786821, -20.0643519 ], [ -44.0787254, -20.0643743 ], [ -44.078758, -20.0644019 ], [ -44.0787853, -20.0644341 ], [ -44.0788353, -20.0645025 ], [ -44.0788636, -20.0645338 ], [ -44.0788996, -20.0645624 ], [ -44.078979, -20.0646133 ], [ -44.0790152, -20.0646418 ], [ -44.0790434, -20.0646732 ], [ -44.0790916, -20.0647434 ], [ -44.0791237, -20.0647786 ], [ -44.0791684, -20.0648096 ], [ -44.0792307, -20.0648344 ], [ -44.0793033, -20.0648512 ], [ -44.0793804, -20.0648616 ], [ -44.0795247, -20.064869 ], [ -44.0796324, -20.0648668 ], [ -44.07965, -20.064869 ], [ -44.0809588, -20.0663145 ], [ -44.0847583, -20.0667827 ], [ -44.0847215, -20.0667349 ], [ -44.0846854, -20.0666649 ], [ -44.0846594, -20.0665861 ], [ -44.084641, -20.0665008 ], [ -44.084628, -20.066411 ], [ -44.0845976, -20.066114 ], [ -44.0845799, -20.0660005 ], [ -44.0845556, -20.0658874 ], [ -44.0845238, -20.0657809 ], [ -44.0844844, -20.0656863 ], [ -44.0843877, -20.0655187 ], [ -44.0843654, -20.0654712 ], [ -44.0843545, -20.0654376 ], [ -44.0843546, -20.0654223 ], [ -44.0841603, -20.0654252 ], [ -44.0841155, -20.065419 ], [ -44.0840938, -20.0654078 ], [ -44.0840825, -20.0653882 ], [ -44.0840778, -20.065363 ], [ -44.0840773, -20.0652319 ], [ -44.0840741, -20.0651908 ], [ -44.0840666, -20.0651679 ], [ -44.0840502, -20.0651525 ], [ -44.0840244, -20.0651449 ], [ -44.0839767, -20.0651411 ], [ -44.0837991, -20.0651446 ], [ -44.0837991, -20.064589 ], [ -44.0837992, -20.0645676 ], [ -44.0838209, -20.0645252 ], [ -44.0838567, -20.0644765 ], [ -44.0840514, -20.0642418 ], [ -44.0842065, -20.0640719 ], [ -44.0845386, -20.063691 ], [ -44.0846102, -20.0635984 ], [ -44.0847246, -20.063438 ], [ -44.084774, -20.0633613 ], [ -44.0848322, -20.0632445 ], [ -44.0849309, -20.0629956 ], [ -44.0849844, -20.0628748 ], [ -44.0850493, -20.0627637 ], [ -44.0851052, -20.0626926 ], [ -44.085239, -20.0625494 ], [ -44.0853179, -20.062478 ], [ -44.0854191, -20.0624061 ], [ -44.0856302, -20.0622698 ], [ -44.0857147, -20.0622032 ], [ -44.0859375, -20.0620173 ], [ -44.0862182, -20.061742 ], [ -44.0862877, -20.0616626 ], [ -44.0864124, -20.0615116 ], [ -44.0864674, -20.0614398 ], [ -44.086524, -20.0613493 ], [ -44.0866745, -20.0610615 ], [ -44.0867681, -20.0609039 ], [ -44.0868172, -20.060807 ], [ -44.0869071, -20.0606062 ], [ -44.0869554, -20.0605086 ], [ -44.0870512, -20.0603434 ], [ -44.0872424, -20.0599804 ], [ -44.0873161, -20.0598588 ], [ -44.0873835, -20.0597618 ], [ -44.0876643, -20.0593735 ], [ -44.0876863, -20.0593313 ], [ -44.0876879, -20.0593112 ], [ -44.0878984, -20.0593131 ], [ -44.0879302, -20.0593105 ], [ -44.0879543, -20.0593015 ], [ -44.0879649, -20.0592797 ], [ -44.0879676, -20.0592511 ], [ -44.0879657, -20.0590334 ], [ -44.0879621, -20.0587997 ], [ -44.0879658, -20.0586947 ], [ -44.0879748, -20.0585843 ], [ -44.0879907, -20.0584751 ], [ -44.0880156, -20.058374 ], [ -44.0880513, -20.0582878 ], [ -44.0880906, -20.05823 ], [ -44.0881753, -20.0581417 ], [ -44.0882642, -20.0580326 ], [ -44.0883114, -20.0579805 ], [ -44.0884501, -20.0578614 ], [ -44.0885923, -20.0577054 ], [ -44.0887323, -20.0575874 ], [ -44.088875, -20.0574318 ], [ -44.0890138, -20.0573128 ], [ -44.0890609, -20.0572606 ], [ -44.0891495, -20.0571512 ], [ -44.0892324, -20.0570636 ], [ -44.0892693, -20.057016 ], [ -44.0893023, -20.0569517 ], [ -44.0893259, -20.0568792 ], [ -44.0893423, -20.0568007 ], [ -44.0893534, -20.0567176 ], [ -44.089365, -20.0565423 ], [ -44.0893679, -20.0562525 ], [ -44.0893546, -20.0554223 ], [ -44.0893795, -20.0554242 ], [ -44.0894171, -20.0554017 ], [ -44.0894682, -20.0553437 ], [ -44.0895236, -20.0552565 ], [ -44.0896525, -20.0550319 ], [ -44.0897824, -20.0548278 ], [ -44.0898472, -20.0547047 ], [ -44.0899446, -20.0544795 ], [ -44.0899926, -20.0543818 ], [ -44.0900882, -20.0542258 ], [ -44.0901374, -20.054129 ], [ -44.0902297, -20.0539303 ], [ -44.0902843, -20.0538382 ], [ -44.0903399, -20.0537668 ], [ -44.0905338, -20.0535362 ], [ -44.0906646, -20.0534104 ], [ -44.0908137, -20.0532602 ], [ -44.0910392, -20.0530766 ], [ -44.0911264, -20.0530123 ], [ -44.09121, -20.052965 ], [ -44.0913899, -20.0528812 ], [ -44.0914774, -20.0528372 ], [ -44.0916676, -20.0527222 ], [ -44.0917551, -20.0526783 ], [ -44.0919362, -20.0525955 ], [ -44.0920208, -20.052549 ], [ -44.092109, -20.0524856 ], [ -44.0922654, -20.0523618 ], [ -44.0923391, -20.0523008 ], [ -44.0924273, -20.0522119 ], [ -44.0926854, -20.0519389 ], [ -44.0928995, -20.0516701 ], [ -44.0929404, -20.0516113 ], [ -44.0929649, -20.051559 ], [ -44.0929657, -20.0515334 ], [ -44.0929691, -20.0513666 ], [ -44.0929636, -20.0513215 ], [ -44.0929502, -20.0512903 ], [ -44.0929388, -20.0512788 ], [ -44.0929073, -20.051266 ], [ -44.0928678, -20.0512603 ], [ -44.0927826, -20.0512539 ], [ -44.0927441, -20.0512473 ], [ -44.0927141, -20.0512333 ], [ -44.0927034, -20.0512211 ], [ -44.092696, -20.051206 ], [ -44.0926879, -20.0511702 ], [ -44.0926842, -20.0511093 ], [ -44.092688, -20.0507001 ], [ -44.0926841, -20.0505264 ], [ -44.092687, -20.0504082 ], [ -44.0926991, -20.0502995 ], [ -44.0927104, -20.0502567 ], [ -44.0927262, -20.0502235 ], [ -44.0927479, -20.0501959 ], [ -44.0927773, -20.0501735 ], [ -44.0928787, -20.0501176 ], [ -44.0929063, -20.0500937 ], [ -44.092926, -20.0500642 ], [ -44.0929398, -20.0500297 ], [ -44.0929494, -20.0499917 ], [ -44.0929751, -20.0497822 ], [ -44.0929922, -20.0497042 ], [ -44.0930063, -20.0496701 ], [ -44.0930264, -20.0496409 ], [ -44.0930542, -20.0496172 ], [ -44.0931546, -20.0495604 ], [ -44.0931832, -20.0495374 ], [ -44.0932042, -20.0495091 ], [ -44.0932193, -20.0494757 ], [ -44.0932376, -20.0493987 ], [ -44.0932577, -20.0492255 ], [ -44.0932709, -20.0491793 ], [ -44.0932909, -20.0491357 ], [ -44.0933183, -20.0490976 ], [ -44.0933533, -20.0490679 ], [ -44.0933958, -20.0490477 ], [ -44.0934397, -20.0490363 ], [ -44.0934789, -20.0490314 ], [ -44.0935079, -20.049031 ], [ -44.0935213, -20.0490334 ], [ -44.0935232, -20.0490167 ], [ -44.0935126, -20.0489815 ], [ -44.0934891, -20.048933 ], [ -44.0933792, -20.0487694 ], [ -44.0933336, -20.0486885 ], [ -44.0932913, -20.0486003 ], [ -44.0932134, -20.0484227 ], [ -44.0931746, -20.0483447 ], [ -44.0931338, -20.0482811 ], [ -44.0930938, -20.0482345 ], [ -44.0930086, -20.0481458 ], [ -44.0928772, -20.0479755 ], [ -44.0927988, -20.047883 ], [ -44.0927647, -20.0478334 ], [ -44.092732, -20.0477596 ], [ -44.0927115, -20.0476784 ], [ -44.0927012, -20.0475927 ], [ -44.0926999, -20.0475056 ], [ -44.0927077, -20.0474197 ], [ -44.0927255, -20.0473377 ], [ -44.0927552, -20.0472628 ], [ -44.0927999, -20.0471985 ], [ -44.0928556, -20.0471516 ], [ -44.0929215, -20.0471125 ], [ -44.0930631, -20.0470417 ], [ -44.0931291, -20.047002 ], [ -44.0931855, -20.0469566 ], [ -44.093288, -20.046857 ], [ -44.0933783, -20.0467741 ], [ -44.0934193, -20.0467292 ], [ -44.0934589, -20.0466699 ], [ -44.0934917, -20.0466047 ], [ -44.0935792, -20.0464003 ], [ -44.0936154, -20.0463381 ], [ -44.0936561, -20.0462857 ], [ -44.0937543, -20.0461719 ], [ -44.0939218, -20.0459505 ], [ -44.0940106, -20.0458455 ], [ -44.094044, -20.0457998 ], [ -44.0940689, -20.0457529 ], [ -44.0940795, -20.0457179 ], [ -44.0940768, -20.0457001 ], [ -44.0940826, -20.0456789 ], [ -44.0941081, -20.0456274 ], [ -44.0941831, -20.0454863 ], [ -44.0942246, -20.0453727 ], [ -44.0942548, -20.0452406 ], [ -44.0942704, -20.0450979 ], [ -44.0942694, -20.0449536 ], [ -44.09425, -20.0448173 ], [ -44.0942106, -20.0446986 ], [ -44.0941619, -20.0446169 ], [ -44.0939795, -20.0443833 ], [ -44.093863, -20.0442551 ], [ -44.0938043, -20.0441769 ], [ -44.0937109, -20.0440341 ], [ -44.093679, -20.0439688 ], [ -44.0936613, -20.0438868 ], [ -44.0936652, -20.0438022 ], [ -44.0937347, -20.0435564 ], [ -44.0938111, -20.0432271 ], [ -44.0938426, -20.0431168 ], [ -44.0938818, -20.0430116 ], [ -44.093963, -20.0428417 ], [ -44.094004, -20.0427365 ], [ -44.0941056, -20.0424019 ], [ -44.094144, -20.0422943 ], [ -44.094191, -20.0421943 ], [ -44.0944596, -20.0417849 ], [ -44.0945076, -20.0417065 ], [ -44.0945516, -20.0416051 ], [ -44.0945818, -20.0414849 ], [ -44.0945976, -20.0413426 ], [ -44.0946004, -20.0411865 ], [ -44.0945914, -20.0410256 ], [ -44.0945719, -20.0408684 ], [ -44.0945431, -20.0407233 ], [ -44.0945063, -20.0405986 ], [ -44.0944633, -20.0405021 ], [ -44.0944173, -20.0404402 ], [ -44.0943805, -20.0404175 ], [ -44.0943546, -20.0404223 ], [ -44.0943529, -20.0403689 ], [ -44.0943585, -20.0402978 ], [ -44.0943662, -20.04026 ], [ -44.0943788, -20.0402247 ], [ -44.0943973, -20.0401947 ], [ -44.0944216, -20.0401729 ], [ -44.0944497, -20.0401583 ], [ -44.0945362, -20.0401302 ], [ -44.0945616, -20.0401179 ], [ -44.0945827, -20.040102 ], [ -44.0945987, -20.0400809 ], [ -44.0946104, -20.0400562 ], [ -44.0946456, -20.0399475 ], [ -44.0946586, -20.0399239 ], [ -44.0946763, -20.0399044 ], [ -44.094701, -20.0398898 ], [ -44.0947309, -20.0398798 ], [ -44.0948014, -20.0398688 ], [ -44.094921, -20.0398641 ], [ -44.095173, -20.0398658 ], [ -44.0952949, -20.0398632 ], [ -44.0953682, -20.0398545 ], [ -44.0954008, -20.0398422 ], [ -44.0954279, -20.0398207 ], [ -44.0954467, -20.039791 ], [ -44.0954588, -20.0397552 ], [ -44.0954684, -20.0396783 ], [ -44.0954657, -20.039589 ], [ -44.0960213, -20.039589 ], [ -44.0960461, -20.0395853 ], [ -44.0960828, -20.0396007 ], [ -44.0961349, -20.0396425 ], [ -44.0961939, -20.0397065 ], [ -44.0962485, -20.0397754 ], [ -44.096302, -20.0398569 ], [ -44.0963652, -20.0399933 ], [ -44.0964108, -20.0401484 ], [ -44.0964383, -20.0403108 ], [ -44.0964481, -20.0404684 ], [ -44.0964416, -20.0406085 ], [ -44.0964189, -20.0407666 ], [ -44.0964211, -20.0408539 ], [ -44.0964407, -20.0409389 ], [ -44.0964711, -20.0410079 ], [ -44.0965578, -20.0411575 ], [ -44.0966131, -20.041238 ], [ -44.096679, -20.0413127 ], [ -44.0967605, -20.0413767 ], [ -44.0968767, -20.0414321 ], [ -44.0970124, -20.0414724 ], [ -44.0971615, -20.0415025 ], [ -44.0973189, -20.0415262 ], [ -44.0976418, -20.041568 ], [ -44.0978, -20.0415921 ], [ -44.097951, -20.0416224 ], [ -44.0980908, -20.0416624 ], [ -44.0982024, -20.0417068 ], [ -44.0985595, -20.0418606 ], [ -44.0986775, -20.0419192 ], [ -44.0988655, -20.0420379 ], [ -44.0991245, -20.0421941 ], [ -44.0992241, -20.0422474 ], [ -44.0993503, -20.0422967 ], [ -44.099487, -20.0423355 ], [ -44.0996292, -20.0423674 ], [ -44.099911, -20.0424226 ], [ -44.1002411, -20.0425002 ], [ -44.1003354, -20.0425073 ], [ -44.1004424, -20.0425019 ], [ -44.1005787, -20.0424818 ], [ -44.1007295, -20.0424556 ], [ -44.1009348, -20.0424269 ], [ -44.1011509, -20.0424039 ], [ -44.1013621, -20.0423864 ], [ -44.1017086, -20.0423663 ], [ -44.101814, -20.0423636 ], [ -44.1018546, -20.0423668 ], [ -44.1018424, -20.0414143 ], [ -44.1018433, -20.0411976 ], [ -44.1018503, -20.0410587 ], [ -44.1018577, -20.0409926 ], [ -44.1018691, -20.0409299 ], [ -44.1018861, -20.0408719 ], [ -44.1019107, -20.0408205 ], [ -44.1019455, -20.0407779 ], [ -44.1019893, -20.0407475 ], [ -44.1020414, -20.0407241 ], [ -44.1022167, -20.0406703 ], [ -44.1022724, -20.0406501 ], [ -44.1023222, -20.0406247 ], [ -44.1023648, -20.0405918 ], [ -44.1024741, -20.040477 ], [ -44.1025807, -20.0403899 ], [ -44.102612, -20.0403573 ], [ -44.1026408, -20.0403125 ], [ -44.1026627, -20.0402618 ], [ -44.1027276, -20.0400297 ], [ -44.1027535, -20.0399651 ], [ -44.1027877, -20.039903 ], [ -44.1028232, -20.0398543 ], [ -44.1028961, -20.0397653 ], [ -44.1029255, -20.0397229 ], [ -44.1029495, -20.0396752 ], [ -44.1029634, -20.0396338 ], [ -44.1029685, -20.0396037 ], [ -44.1029657, -20.039589 ], [ -44.1030701, -20.0395911 ], [ -44.1031375, -20.0395869 ], [ -44.1031681, -20.0395817 ], [ -44.1031937, -20.0395736 ], [ -44.103212, -20.0395622 ], [ -44.1032222, -20.0395476 ], [ -44.1032332, -20.0395107 ], [ -44.1032442, -20.0394044 ], [ -44.1032534, -20.0393659 ], [ -44.1032613, -20.0393496 ], [ -44.1032727, -20.0393362 ], [ -44.1032888, -20.0393261 ], [ -44.1033084, -20.0393192 ], [ -44.1033549, -20.0393114 ], [ -44.103434, -20.0393078 ], [ -44.1040769, -20.0393112 ], [ -44.1040813, -20.0392932 ], [ -44.1040693, -20.0392586 ], [ -44.1040414, -20.0392125 ], [ -44.1040046, -20.0391675 ], [ -44.1039083, -20.0390641 ], [ -44.103849, -20.0389936 ], [ -44.1037324, -20.0388451 ], [ -44.1036381, -20.0387314 ], [ -44.1036031, -20.0386785 ], [ -44.1035781, -20.0386159 ], [ -44.1035649, -20.0385484 ], [ -44.1035617, -20.0384784 ], [ -44.1035676, -20.0384082 ], [ -44.1035828, -20.0383401 ], [ -44.1036079, -20.0382763 ], [ -44.1036371, -20.0382262 ], [ -44.103702, -20.038127 ], [ -44.1037342, -20.0380627 ], [ -44.1038147, -20.0378525 ], [ -44.1038438, -20.037784 ], [ -44.1038781, -20.0377199 ], [ -44.1039836, -20.0375702 ], [ -44.1040177, -20.0375061 ], [ -44.1041279, -20.0372278 ], [ -44.1041615, -20.0371637 ], [ -44.1042657, -20.0370142 ], [ -44.1042994, -20.0369503 ], [ -44.1044073, -20.0366717 ], [ -44.1044404, -20.0366073 ], [ -44.1045445, -20.0364585 ], [ -44.1045802, -20.0363913 ], [ -44.1046868, -20.0361307 ], [ -44.1047269, -20.0360423 ], [ -44.1047709, -20.0359616 ], [ -44.1048779, -20.0357994 ], [ -44.1049011, -20.0357515 ], [ -44.1049116, -20.0357168 ], [ -44.1049102, -20.0357001 ], [ -44.1048972, -20.0357026 ], [ -44.1048703, -20.0357015 ], [ -44.1048336, -20.0356958 ], [ -44.1047918, -20.0356841 ], [ -44.1047498, -20.0356648 ], [ -44.1047128, -20.0356378 ], [ -44.1046804, -20.0356043 ], [ -44.1046018, -20.0354965 ], [ -44.1045777, -20.0354692 ], [ -44.1045481, -20.0354469 ], [ -44.1044475, -20.0353903 ], [ -44.1044187, -20.0353674 ], [ -44.1043962, -20.0353404 ], [ -44.104342, -20.0352479 ], [ -44.104321, -20.0352196 ], [ -44.1042946, -20.035196 ], [ -44.1042599, -20.035178 ], [ -44.104219, -20.0351655 ], [ -44.1041244, -20.0351514 ], [ -44.1040203, -20.0351454 ], [ -44.1038058, -20.0351387 ], [ -44.103705, -20.0351299 ], [ -44.103659, -20.0351217 ], [ -44.1036177, -20.0351096 ], [ -44.1035826, -20.035092 ], [ -44.1035559, -20.0350686 ], [ -44.1035347, -20.0350405 ], [ -44.1034794, -20.0349489 ], [ -44.1034542, -20.0349231 ], [ -44.1034142, -20.0349021 ], [ -44.1033615, -20.0348868 ], [ -44.1033002, -20.0348763 ], [ -44.1032344, -20.0348696 ], [ -44.1031053, -20.0348646 ], [ -44.1029657, -20.0348667 ], [ -44.1029377, -20.0348706 ], [ -44.1028726, -20.0348695 ], [ -44.1027782, -20.0348626 ], [ -44.1026629, -20.0348483 ], [ -44.1025353, -20.0348247 ], [ -44.1024044, -20.0347899 ], [ -44.1023051, -20.0347543 ], [ -44.1021123, -20.0346734 ], [ -44.101989, -20.0346255 ], [ -44.101768, -20.0345442 ], [ -44.1016753, -20.0345047 ], [ -44.1015381, -20.034437 ], [ -44.1014655, -20.0344065 ], [ -44.1013522, -20.0343738 ], [ -44.1012277, -20.0343507 ], [ -44.1010954, -20.0343343 ], [ -44.1009581, -20.0343221 ], [ -44.1005372, -20.0342932 ], [ -44.1004, -20.034281 ], [ -44.1002675, -20.0342647 ], [ -44.1001418, -20.0342426 ], [ -44.1000256, -20.0342124 ], [ -44.0997985, -20.0341291 ], [ -44.0996844, -20.0340999 ], [ -44.0995607, -20.0340789 ], [ -44.0994298, -20.0340641 ], [ -44.0992936, -20.034054 ], [ -44.0991535, -20.0340471 ], [ -44.098577, -20.0340333 ], [ -44.0982937, -20.0340222 ], [ -44.0981579, -20.0340116 ], [ -44.0980289, -20.0339951 ], [ -44.0979099, -20.0339702 ], [ -44.0978049, -20.0339333 ], [ -44.0977379, -20.0338931 ], [ -44.097676, -20.0338383 ], [ -44.0976174, -20.0337729 ], [ -44.0975466, -20.0336779 ], [ -44.0974877, -20.0335701 ], [ -44.0974466, -20.0334496 ], [ -44.0974215, -20.0333239 ], [ -44.0974086, -20.0332019 ], [ -44.0974045, -20.0330922 ], [ -44.0974102, -20.0329223 ], [ -44.0972326, -20.0329257 ], [ -44.0971848, -20.032922 ], [ -44.097159, -20.0329144 ], [ -44.0971426, -20.0328989 ], [ -44.0971352, -20.0328761 ], [ -44.0971319, -20.032835 ], [ -44.0971314, -20.0327038 ], [ -44.0971267, -20.0326786 ], [ -44.0971154, -20.032659 ], [ -44.0970937, -20.0326479 ], [ -44.0970489, -20.0326417 ], [ -44.0968546, -20.0326445 ], [ -44.0968617, -20.0320987 ], [ -44.0968579, -20.0317757 ], [ -44.0968459, -20.0316103 ], [ -44.0968353, -20.0315326 ], [ -44.0968202, -20.0314587 ], [ -44.0967992, -20.0313899 ], [ -44.0967705, -20.0313276 ], [ -44.0966679, -20.0311776 ], [ -44.0966407, -20.0311176 ], [ -44.0966203, -20.0310518 ], [ -44.0966045, -20.0309819 ], [ -44.096556, -20.0306902 ], [ -44.0965399, -20.0306206 ], [ -44.0965191, -20.0305551 ], [ -44.0964913, -20.0304955 ], [ -44.0963856, -20.0303482 ], [ -44.0963566, -20.0302937 ], [ -44.0963326, -20.0302348 ], [ -44.0962709, -20.0300496 ], [ -44.096247, -20.0299906 ], [ -44.0962179, -20.0299362 ], [ -44.0961073, -20.0297931 ], [ -44.0960772, -20.0297395 ], [ -44.0960527, -20.0296811 ], [ -44.0959742, -20.0294643 ], [ -44.0959401, -20.029388 ], [ -44.0959005, -20.0293171 ], [ -44.0957795, -20.029146 ], [ -44.0957583, -20.029105 ], [ -44.0957457, -20.0290706 ], [ -44.0957408, -20.0290458 ], [ -44.0957435, -20.0290334 ], [ -44.0957435, -20.0287556 ], [ -44.0957771, -20.0287573 ], [ -44.0958493, -20.0287491 ], [ -44.0958902, -20.0287384 ], [ -44.0959289, -20.0287214 ], [ -44.095962, -20.0286973 ], [ -44.095989, -20.0286678 ], [ -44.0960106, -20.0286356 ], [ -44.0960578, -20.0285488 ], [ -44.0960784, -20.0285268 ], [ -44.0961046, -20.0285096 ], [ -44.0961971, -20.0284699 ], [ -44.0962257, -20.0284547 ], [ -44.0962496, -20.0284355 ], [ -44.0962679, -20.0284095 ], [ -44.0962805, -20.0283786 ], [ -44.0962889, -20.0283442 ], [ -44.0962977, -20.0282683 ], [ -44.0963003, -20.0281873 ], [ -44.0962996, -20.027895 ], [ -44.096304, -20.0278154 ], [ -44.0963168, -20.0277431 ], [ -44.0963288, -20.0277117 ], [ -44.0963467, -20.0276853 ], [ -44.0963703, -20.0276659 ], [ -44.0964652, -20.0276201 ], [ -44.0964985, -20.027598 ], [ -44.0965271, -20.0275699 ], [ -44.0965484, -20.0275356 ], [ -44.096563, -20.0274979 ], [ -44.0965771, -20.0274248 ], [ -44.0965768, -20.0273667 ], [ -44.0965176, -20.0273684 ], [ -44.0964812, -20.0273662 ], [ -44.0964421, -20.0273608 ], [ -44.0964037, -20.0273509 ], [ -44.0963696, -20.0273352 ], [ -44.0963423, -20.0273125 ], [ -44.0963231, -20.0272843 ], [ -44.0963116, -20.0272531 ], [ -44.0963069, -20.0272211 ], [ -44.0962974, -20.0269862 ], [ -44.0962881, -20.0269247 ], [ -44.0962798, -20.0268971 ], [ -44.0962678, -20.0268726 ], [ -44.096251, -20.0268523 ], [ -44.0962291, -20.0268371 ], [ -44.0962031, -20.0268254 ], [ -44.0961173, -20.026797 ], [ -44.0960912, -20.0267853 ], [ -44.0960693, -20.0267701 ], [ -44.0960525, -20.0267497 ], [ -44.0960406, -20.0267252 ], [ -44.0960323, -20.0266976 ], [ -44.0960229, -20.0266362 ], [ -44.0960156, -20.0264341 ], [ -44.0960087, -20.0263692 ], [ -44.0959972, -20.026338 ], [ -44.0959781, -20.0263099 ], [ -44.0959508, -20.0262871 ], [ -44.0959167, -20.0262715 ], [ -44.0958783, -20.0262616 ], [ -44.0958027, -20.0262539 ], [ -44.0957435, -20.0262556 ], [ -44.0957435, -20.0237556 ], [ -44.0957479, -20.0227536 ], [ -44.0957457, -20.0226253 ], [ -44.0957394, -20.0225438 ], [ -44.0957242, -20.0224701 ], [ -44.0957107, -20.0224382 ], [ -44.0956914, -20.0224113 ], [ -44.0956675, -20.0223921 ], [ -44.0956393, -20.0223767 ], [ -44.0955485, -20.0223354 ], [ -44.0955233, -20.0223175 ], [ -44.0955024, -20.0222925 ], [ -44.0954874, -20.0222627 ], [ -44.0954768, -20.0222288 ], [ -44.0954649, -20.0221377 ], [ -44.0954615, -20.0220276 ], [ -44.0954657, -20.0218112 ], [ -44.0954681, -20.0217116 ], [ -44.0954585, -20.0215747 ], [ -44.0954461, -20.0214989 ], [ -44.0954264, -20.0214247 ], [ -44.0953978, -20.0213568 ], [ -44.0953656, -20.0213066 ], [ -44.0953293, -20.0212638 ], [ -44.0952593, -20.0211945 ], [ -44.0952253, -20.0211541 ], [ -44.0951623, -20.0210693 ], [ -44.0951268, -20.0210302 ], [ -44.0950918, -20.0210007 ], [ -44.0949806, -20.0209175 ], [ -44.0948704, -20.0208035 ], [ -44.094828, -20.0207704 ], [ -44.0947789, -20.0207445 ], [ -44.0947237, -20.0207238 ], [ -44.0945463, -20.0206718 ], [ -44.0944905, -20.0206517 ], [ -44.09444, -20.0206269 ], [ -44.0943956, -20.0205955 ], [ -44.094315, -20.0205256 ], [ -44.0942708, -20.020494 ], [ -44.0942207, -20.020469 ], [ -44.094165, -20.0204487 ], [ -44.093987, -20.0203973 ], [ -44.0939314, -20.0203769 ], [ -44.0938817, -20.0203515 ], [ -44.093839, -20.0203187 ], [ -44.0937291, -20.0202041 ], [ -44.093547, -20.0200663 ], [ -44.0934003, -20.0199289 ], [ -44.0933543, -20.0198962 ], [ -44.0933163, -20.0198775 ], [ -44.0932829, -20.0198669 ], [ -44.0932577, -20.0198634 ], [ -44.0932435, -20.0198667 ], [ -44.0932472, -20.0196783 ], [ -44.0932423, -20.0196362 ], [ -44.0932329, -20.0196134 ], [ -44.0932249, -20.0196048 ], [ -44.0932137, -20.0195986 ], [ -44.0931845, -20.0195919 ], [ -44.0930414, -20.0195875 ], [ -44.0930093, -20.0195834 ], [ -44.0929843, -20.019573 ], [ -44.0929707, -20.0195538 ], [ -44.0929644, -20.0195284 ], [ -44.0929616, -20.0194844 ], [ -44.0929657, -20.0193112 ], [ -44.0926879, -20.0193112 ], [ -44.0921324, -20.0193112 ], [ -44.092139, -20.0193335 ], [ -44.0921266, -20.0193729 ], [ -44.0920918, -20.0194197 ], [ -44.0920357, -20.0194616 ], [ -44.0919586, -20.0194981 ], [ -44.091865, -20.0195277 ], [ -44.0917601, -20.01955 ], [ -44.0916498, -20.0195645 ], [ -44.0915401, -20.0195712 ], [ -44.0914369, -20.0195696 ], [ -44.0913459, -20.0195599 ], [ -44.0912621, -20.0195446 ], [ -44.0911844, -20.0195236 ], [ -44.0911147, -20.0194958 ], [ -44.0910496, -20.019458 ], [ -44.0909882, -20.0194178 ], [ -44.0909227, -20.0193821 ], [ -44.0908505, -20.0193571 ], [ -44.0907709, -20.0193407 ], [ -44.0906868, -20.0193316 ], [ -44.0906005, -20.0193287 ], [ -44.0905145, -20.019332 ], [ -44.090431, -20.0193418 ], [ -44.0903525, -20.0193587 ], [ -44.0902818, -20.0193844 ], [ -44.0902181, -20.0194209 ], [ -44.090097, -20.019502 ], [ -44.0900378, -20.019531 ], [ -44.0897785, -20.0196287 ], [ -44.0897199, -20.0196585 ], [ -44.0895426, -20.0197864 ], [ -44.0894845, -20.0198164 ], [ -44.0894213, -20.019842 ], [ -44.0892251, -20.0199128 ], [ -44.0891658, -20.0199415 ], [ -44.0890292, -20.0200274 ], [ -44.0889401, -20.0200692 ], [ -44.0888376, -20.0200998 ], [ -44.0887245, -20.0201212 ], [ -44.0886086, -20.020135 ], [ -44.0884972, -20.0201429 ], [ -44.0883978, -20.0201464 ], [ -44.0882435, -20.0201445 ], [ -44.0882435, -20.0215334 ], [ -44.0882271, -20.0215294 ], [ -44.0881967, -20.021532 ], [ -44.0881578, -20.0215428 ], [ -44.0881165, -20.0215643 ], [ -44.0880746, -20.021603 ], [ -44.0880395, -20.021656 ], [ -44.0880121, -20.0217199 ], [ -44.0879922, -20.0217907 ], [ -44.0879794, -20.0218642 ], [ -44.0879732, -20.021936 ], [ -44.0879776, -20.0224728 ], [ -44.0879727, -20.0226022 ], [ -44.0879668, -20.022664 ], [ -44.087957, -20.0227225 ], [ -44.087942, -20.0227766 ], [ -44.0879194, -20.0228242 ], [ -44.0878867, -20.0228629 ], [ -44.0878425, -20.0228904 ], [ -44.0877886, -20.0229091 ], [ -44.0877279, -20.0229213 ], [ -44.0876627, -20.0229285 ], [ -44.0875255, -20.0229316 ], [ -44.0874567, -20.0229282 ], [ -44.0873896, -20.0229213 ], [ -44.0873259, -20.0229103 ], [ -44.0872674, -20.022894 ], [ -44.0872166, -20.0228708 ], [ -44.0871805, -20.0228444 ], [ -44.0870897, -20.0227501 ], [ -44.0870557, -20.0227221 ], [ -44.0870073, -20.0226964 ], [ -44.0869422, -20.022677 ], [ -44.0868618, -20.0226629 ], [ -44.0867714, -20.0226532 ], [ -44.0866762, -20.0226471 ], [ -44.0864929, -20.0226424 ], [ -44.086299, -20.0226445 ], [ -44.0862853, -20.0226416 ], [ -44.086259, -20.0226447 ], [ -44.0862236, -20.0226544 ], [ -44.0861834, -20.022672 ], [ -44.086135, -20.0227039 ], [ -44.0860865, -20.0227456 ], [ -44.0859864, -20.0228422 ], [ -44.0858961, -20.02292 ], [ -44.0858565, -20.0229574 ], [ -44.0858263, -20.0229957 ], [ -44.0858026, -20.0230453 ], [ -44.0857862, -20.0231012 ], [ -44.0857669, -20.0232247 ], [ -44.0857395, -20.023482 ], [ -44.0857273, -20.0235417 ], [ -44.0857099, -20.0235969 ], [ -44.0856852, -20.0236456 ], [ -44.0856505, -20.0236855 ], [ -44.0856024, -20.0237152 ], [ -44.0855442, -20.0237354 ], [ -44.085479, -20.0237482 ], [ -44.0854093, -20.0237553 ], [ -44.0853371, -20.0237575 ], [ -44.0852645, -20.0237553 ], [ -44.085193, -20.0237488 ], [ -44.0851245, -20.0237375 ], [ -44.0850611, -20.0237203 ], [ -44.0850049, -20.023696 ], [ -44.0849587, -20.0236646 ], [ -44.0848764, -20.0235927 ], [ -44.084831, -20.0235603 ], [ -44.0847734, -20.0235334 ], [ -44.0847075, -20.0235138 ], [ -44.0846353, -20.0234996 ], [ -44.0845585, -20.0234897 ], [ -44.0843954, -20.0234782 ], [ -44.0841938, -20.0234738 ], [ -44.0835213, -20.0234778 ], [ -44.0834871, -20.0234761 ], [ -44.0834137, -20.0234842 ], [ -44.0833723, -20.023495 ], [ -44.0833333, -20.0235121 ], [ -44.0833003, -20.0235364 ], [ -44.0832738, -20.0235662 ], [ -44.083253, -20.0235986 ], [ -44.0832237, -20.0236593 ], [ -44.0832078, -20.0236854 ], [ -44.0831872, -20.0237074 ], [ -44.0831609, -20.0237246 ], [ -44.0830675, -20.0237635 ], [ -44.0830387, -20.0237785 ], [ -44.0830146, -20.0237975 ], [ -44.082997, -20.0238221 ], [ -44.0829847, -20.0238513 ], [ -44.0829764, -20.0238838 ], [ -44.0829676, -20.0239556 ], [ -44.0829646, -20.0240722 ], [ -44.0829675, -20.0243127 ], [ -44.0829629, -20.0244278 ], [ -44.0829502, -20.0244963 ], [ -44.0829382, -20.0245257 ], [ -44.0829203, -20.02455 ], [ -44.0828948, -20.0245679 ], [ -44.0828624, -20.0245804 ], [ -44.082819, -20.0245888 ], [ -44.0827663, -20.0245937 ], [ -44.0826468, -20.0245964 ], [ -44.0824101, -20.024589 ], [ -44.0823915, -20.0262253 ], [ -44.0823926, -20.0265716 ], [ -44.0824025, -20.0267946 ], [ -44.082413, -20.0269014 ], [ -44.0824293, -20.0270031 ], [ -44.0824535, -20.0270981 ], [ -44.0824887, -20.0271837 ], [ -44.0825386, -20.0272568 ], [ -44.0826077, -20.0273165 ], [ -44.0826892, -20.0273656 ], [ -44.0828602, -20.0274571 ], [ -44.0830448, -20.0275768 ], [ -44.0831334, -20.0276198 ], [ -44.0833202, -20.0276978 ], [ -44.0834068, -20.0277426 ], [ -44.0834668, -20.0277837 ], [ -44.0835792, -20.0278727 ], [ -44.0837307, -20.0279808 ], [ -44.083841, -20.0280715 ], [ -44.0838994, -20.0281142 ], [ -44.0839896, -20.0281628 ], [ -44.0843493, -20.0283107 ], [ -44.0845293, -20.0283945 ], [ -44.0846157, -20.0284287 ], [ -44.0847222, -20.0284589 ], [ -44.0848142, -20.0284754 ], [ -44.0848804, -20.0284811 ], [ -44.0849102, -20.0284778 ], [ -44.0849124, -20.0285855 ], [ -44.084902, -20.0287303 ], [ -44.0848886, -20.0288083 ], [ -44.0848674, -20.0288825 ], [ -44.0848366, -20.0289472 ], [ -44.0848021, -20.0289916 ] ] ] ] } },
{ "type": "Feature", "properties": { "Sub_bacia": "Contribuição Direta", "Area_Ha": 1108.326, "Nome": "Contribuição Direta" }, "geometry": { "type": "MultiPolygon", "coordinates": [ [ [ [ -44.1230536, -20.0231968 ], [ -44.1230893, -20.0231897 ], [ -44.1231248, -20.0231784 ], [ -44.1231573, -20.023162 ], [ -44.1231848, -20.0231393 ], [ -44.1232064, -20.0231122 ], [ -44.1232226, -20.0230829 ], [ -44.1232545, -20.0230011 ], [ -44.1232686, -20.0229785 ], [ -44.1232874, -20.0229598 ], [ -44.123315, -20.0229448 ], [ -44.1233482, -20.0229347 ], [ -44.1233854, -20.022928 ], [ -44.1234673, -20.0229211 ], [ -44.1235995, -20.0229185 ], [ -44.1249102, -20.0229223 ], [ -44.124916, -20.0225778 ], [ -44.1249096, -20.0224907 ], [ -44.1248968, -20.0224399 ], [ -44.1248858, -20.0224185 ], [ -44.1248702, -20.0224009 ], [ -44.1248502, -20.0223884 ], [ -44.1248264, -20.022379 ], [ -44.1247201, -20.0223511 ], [ -44.1246967, -20.0223415 ], [ -44.124677, -20.0223285 ], [ -44.1246617, -20.0223108 ], [ -44.1246506, -20.0222894 ], [ -44.1246154, -20.0221653 ], [ -44.1246048, -20.0221434 ], [ -44.1245902, -20.0221251 ], [ -44.1245712, -20.0221116 ], [ -44.1245482, -20.0221016 ], [ -44.1244414, -20.0220741 ], [ -44.1244168, -20.0220651 ], [ -44.1243953, -20.0220498 ], [ -44.1243784, -20.0220256 ], [ -44.1243666, -20.021995 ], [ -44.124359, -20.0219605 ], [ -44.1243529, -20.0218901 ], [ -44.1243547, -20.0218112 ], [ -44.1242953, -20.021813 ], [ -44.1242585, -20.0218111 ], [ -44.124219, -20.021806 ], [ -44.1241801, -20.0217965 ], [ -44.1241455, -20.0217812 ], [ -44.1241167, -20.0217578 ], [ -44.1240968, -20.0217286 ], [ -44.1240852, -20.0216962 ], [ -44.1240786, -20.0216286 ], [ -44.1240803, -20.0212647 ], [ -44.1240772, -20.0211587 ], [ -44.1240689, -20.0210934 ], [ -44.124061, -20.0210639 ], [ -44.1240494, -20.0210376 ], [ -44.1240326, -20.0210157 ], [ -44.1240112, -20.0210001 ], [ -44.1239855, -20.0209881 ], [ -44.1238994, -20.0209599 ], [ -44.1238727, -20.0209488 ], [ -44.1238498, -20.0209344 ], [ -44.1238318, -20.0209151 ], [ -44.1238182, -20.020892 ], [ -44.1237894, -20.0208111 ], [ -44.1237749, -20.0207826 ], [ -44.123754, -20.020756 ], [ -44.1237259, -20.0207339 ], [ -44.1236917, -20.0207183 ], [ -44.1236537, -20.020708 ], [ -44.1235797, -20.0206991 ], [ -44.1235213, -20.0207 ], [ -44.1235012, -20.0207026 ], [ -44.1234635, -20.0206939 ], [ -44.1234153, -20.0206725 ], [ -44.12337, -20.0206419 ], [ -44.1232221, -20.0205108 ], [ -44.1230932, -20.020413 ], [ -44.1230366, -20.0203662 ], [ -44.1229985, -20.0203248 ], [ -44.1229334, -20.0202416 ], [ -44.1228977, -20.0202028 ], [ -44.1227562, -20.0200861 ], [ -44.1227208, -20.020047 ], [ -44.1226554, -20.019964 ], [ -44.1226198, -20.0199251 ], [ -44.1224786, -20.0198081 ], [ -44.1223422, -20.0196472 ], [ -44.1222012, -20.0195301 ], [ -44.1221656, -20.0194911 ], [ -44.1221004, -20.019408 ], [ -44.122065, -20.0193689 ], [ -44.121924, -20.0192517 ], [ -44.1218885, -20.0192127 ], [ -44.1218234, -20.0191295 ], [ -44.1217881, -20.0190904 ], [ -44.1215387, -20.0188895 ], [ -44.1214793, -20.0188482 ], [ -44.1214125, -20.0188134 ], [ -44.1213275, -20.0187848 ], [ -44.12124, -20.0187668 ], [ -44.121158, -20.0187569 ], [ -44.1210891, -20.0187531 ], [ -44.1210213, -20.0187556 ], [ -44.1210207, -20.0187431 ], [ -44.121029, -20.018716 ], [ -44.1210466, -20.0186772 ], [ -44.1211299, -20.0185366 ], [ -44.1211765, -20.0184503 ], [ -44.1213269, -20.0181485 ], [ -44.1213851, -20.0180518 ], [ -44.1214534, -20.0179597 ], [ -44.1216114, -20.0177667 ], [ -44.1216576, -20.0177136 ], [ -44.1217838, -20.0175838 ], [ -44.1218291, -20.01753 ], [ -44.1219736, -20.0173496 ], [ -44.122028, -20.0172772 ], [ -44.1220711, -20.0172031 ], [ -44.1221086, -20.0171241 ], [ -44.1221782, -20.0169615 ], [ -44.1222158, -20.0168826 ], [ -44.1223035, -20.0167198 ], [ -44.1223391, -20.0166312 ], [ -44.1223685, -20.0165373 ], [ -44.122447, -20.0162474 ], [ -44.1224792, -20.0161559 ], [ -44.1225194, -20.0160713 ], [ -44.1225693, -20.0159951 ], [ -44.1227073, -20.0158091 ], [ -44.1227519, -20.0157548 ], [ -44.1230277, -20.0154753 ], [ -44.123099, -20.0154174 ], [ -44.1232312, -20.0153191 ], [ -44.1232908, -20.0152776 ], [ -44.1233556, -20.0152405 ], [ -44.123466, -20.0151997 ], [ -44.1236113, -20.0151705 ], [ -44.1237829, -20.015151 ], [ -44.1239705, -20.0151395 ], [ -44.1241643, -20.0151341 ], [ -44.1245312, -20.0151354 ], [ -44.1249102, -20.0151445 ], [ -44.1250533, -20.0151422 ], [ -44.1251845, -20.0151471 ], [ -44.1252506, -20.0151537 ], [ -44.1253115, -20.0151642 ], [ -44.1253627, -20.0151795 ], [ -44.1254002, -20.0152005 ], [ -44.1254236, -20.0152269 ], [ -44.1254759, -20.015321 ], [ -44.1254962, -20.0153499 ], [ -44.125522, -20.0153741 ], [ -44.1255564, -20.0153922 ], [ -44.1255973, -20.0154048 ], [ -44.125692, -20.0154188 ], [ -44.1257964, -20.0154246 ], [ -44.1259609, -20.0154265 ], [ -44.1274102, -20.0154223 ], [ -44.127864, -20.0154203 ], [ -44.1279122, -20.0154235 ], [ -44.127939, -20.0154303 ], [ -44.1279493, -20.0154364 ], [ -44.1279618, -20.0154549 ], [ -44.1279689, -20.0154927 ], [ -44.1279658, -20.0157 ], [ -44.1282436, -20.0157 ], [ -44.1282601, -20.015703 ], [ -44.1282922, -20.0156994 ], [ -44.1283345, -20.015688 ], [ -44.1283807, -20.0156668 ], [ -44.1284223, -20.015637 ], [ -44.1284614, -20.0155994 ], [ -44.1285354, -20.0155156 ], [ -44.1285733, -20.0154775 ], [ -44.1286156, -20.0154448 ], [ -44.1286958, -20.0153933 ], [ -44.1287317, -20.0153646 ], [ -44.1287599, -20.0153331 ], [ -44.1288095, -20.0152645 ], [ -44.1288367, -20.0152322 ], [ -44.1288694, -20.0152047 ], [ -44.1289128, -20.0151823 ], [ -44.1289628, -20.0151658 ], [ -44.1291829, -20.0151164 ], [ -44.1292326, -20.0150994 ], [ -44.1292757, -20.0150768 ], [ -44.1293085, -20.0150494 ], [ -44.1293916, -20.0149539 ], [ -44.1294249, -20.0149268 ], [ -44.1294689, -20.014905 ], [ -44.1295203, -20.0148896 ], [ -44.1295773, -20.014879 ], [ -44.1297024, -20.0148672 ], [ -44.1301101, -20.0148583 ], [ -44.130182, -20.0148508 ], [ -44.1302536, -20.0148364 ], [ -44.1303202, -20.0148146 ], [ -44.1303772, -20.0147849 ], [ -44.1304207, -20.0147473 ], [ -44.1304473, -20.0147067 ], [ -44.1304624, -20.0146655 ], [ -44.130469, -20.0146288 ], [ -44.1304694, -20.0146018 ], [ -44.1304658, -20.0145889 ], [ -44.1304658, -20.0118111 ], [ -44.1303459, -20.0118111 ], [ -44.1296053, -20.0118288 ], [ -44.129158, -20.0118351 ], [ -44.1289529, -20.0118351 ], [ -44.1287749, -20.0118319 ], [ -44.1286167, -20.0118247 ], [ -44.1284646, -20.0118121 ], [ -44.128321, -20.0117924 ], [ -44.1281891, -20.0117626 ], [ -44.1280729, -20.0117194 ], [ -44.1279771, -20.0116625 ], [ -44.1278904, -20.011598 ], [ -44.1278176, -20.0115413 ], [ -44.1277494, -20.0114808 ], [ -44.1276799, -20.0114014 ], [ -44.1275631, -20.0112436 ], [ -44.1275158, -20.0111651 ], [ -44.1274748, -20.0110614 ], [ -44.1274467, -20.0109466 ], [ -44.1274279, -20.0108238 ], [ -44.1274154, -20.0106956 ], [ -44.1273871, -20.0101642 ], [ -44.1273768, -20.0100342 ], [ -44.1273613, -20.0099086 ], [ -44.1273382, -20.0097895 ], [ -44.1273042, -20.0096797 ], [ -44.1272235, -20.0095109 ], [ -44.1270893, -20.0092092 ], [ -44.1270343, -20.0091174 ], [ -44.1269762, -20.0090471 ], [ -44.1269034, -20.0089759 ], [ -44.1268045, -20.0088883 ], [ -44.1266899, -20.0088041 ], [ -44.1265789, -20.0087408 ], [ -44.1262529, -20.0085847 ], [ -44.1260843, -20.0084966 ], [ -44.1260404, -20.0084804 ], [ -44.1260213, -20.0084778 ], [ -44.1243547, -20.0084778 ], [ -44.1243609, -20.0081438 ], [ -44.124359, -20.0079535 ], [ -44.1243504, -20.0078564 ], [ -44.1243425, -20.0078111 ], [ -44.124331, -20.0077689 ], [ -44.1243146, -20.0077308 ], [ -44.1242918, -20.0076983 ], [ -44.1242646, -20.007674 ], [ -44.1241706, -20.0076117 ], [ -44.1241443, -20.0075868 ], [ -44.1241231, -20.0075544 ], [ -44.1241079, -20.0075169 ], [ -44.1240969, -20.0074758 ], [ -44.1240694, -20.0072973 ], [ -44.1240505, -20.0072125 ], [ -44.1240355, -20.0071749 ], [ -44.1240145, -20.0071424 ], [ -44.1239881, -20.0071174 ], [ -44.1238922, -20.0070567 ], [ -44.1238631, -20.0070341 ], [ -44.1238396, -20.0070079 ], [ -44.1237649, -20.0068867 ], [ -44.1237417, -20.0068598 ], [ -44.123634, -20.0067765 ], [ -44.1235976, -20.0067444 ], [ -44.1235672, -20.0067085 ], [ -44.1235457, -20.0066701 ], [ -44.1235314, -20.0066312 ], [ -44.1235191, -20.0065647 ], [ -44.1235213, -20.0065334 ], [ -44.1235017, -20.0065353 ], [ -44.1234644, -20.0065255 ], [ -44.1234158, -20.0065035 ], [ -44.1233688, -20.0064734 ], [ -44.1232635, -20.0063955 ], [ -44.1232015, -20.0063571 ], [ -44.1231202, -20.0063213 ], [ -44.123032, -20.006295 ], [ -44.1229438, -20.0062771 ], [ -44.1227022, -20.0062434 ], [ -44.1226275, -20.006228 ], [ -44.1225593, -20.0062072 ], [ -44.1225002, -20.0061785 ], [ -44.1224573, -20.0061458 ], [ -44.1223461, -20.0060327 ], [ -44.1221989, -20.0059208 ], [ -44.1220861, -20.0058091 ], [ -44.1220423, -20.0057772 ], [ -44.1219822, -20.0057494 ], [ -44.1219132, -20.0057292 ], [ -44.1218382, -20.0057141 ], [ -44.1216007, -20.0056797 ], [ -44.1215243, -20.0056658 ], [ -44.1214531, -20.0056474 ], [ -44.1213899, -20.0056222 ], [ -44.1213428, -20.0055932 ], [ -44.1212581, -20.0055268 ], [ -44.1212121, -20.0054967 ], [ -44.1211508, -20.00547 ], [ -44.1210811, -20.0054503 ], [ -44.1208193, -20.0053972 ], [ -44.1207249, -20.0053727 ], [ -44.120638, -20.0053429 ], [ -44.1205647, -20.0053071 ], [ -44.1205102, -20.0052656 ], [ -44.1204801, -20.0052264 ], [ -44.1204643, -20.0051897 ], [ -44.12046, -20.0051609 ], [ -44.1204658, -20.0051445 ], [ -44.120188, -20.0051445 ], [ -44.1201559, -20.0051465 ], [ -44.1200907, -20.005136 ], [ -44.1200535, -20.0051239 ], [ -44.1200176, -20.0051059 ], [ -44.1199859, -20.0050812 ], [ -44.119959, -20.0050514 ], [ -44.1198802, -20.0049318 ], [ -44.1198575, -20.0049114 ], [ -44.1198245, -20.004895 ], [ -44.1197851, -20.004884 ], [ -44.1196941, -20.0048724 ], [ -44.1193892, -20.0048643 ], [ -44.1192908, -20.0048583 ], [ -44.119202, -20.0048438 ], [ -44.1191639, -20.0048312 ], [ -44.119132, -20.0048132 ], [ -44.11911, -20.0047917 ], [ -44.1190927, -20.0047664 ], [ -44.1190513, -20.0046832 ], [ -44.1190357, -20.0046582 ], [ -44.1190165, -20.0046376 ], [ -44.1189925, -20.0046228 ], [ -44.1189648, -20.0046136 ], [ -44.1189351, -20.0046095 ], [ -44.1189052, -20.0046104 ], [ -44.1188768, -20.0046166 ], [ -44.1188518, -20.0046287 ], [ -44.1188318, -20.0046474 ], [ -44.1187554, -20.0047674 ], [ -44.1187277, -20.0047982 ], [ -44.1186952, -20.0048241 ], [ -44.1186583, -20.0048434 ], [ -44.11862, -20.0048567 ], [ -44.1185532, -20.004869 ], [ -44.1185314, -20.0048695 ], [ -44.1185213, -20.0048667 ], [ -44.1185222, -20.0048514 ], [ -44.118513, -20.0048183 ], [ -44.1184927, -20.0047719 ], [ -44.1183947, -20.0046129 ], [ -44.1183428, -20.0045183 ], [ -44.1182399, -20.0043124 ], [ -44.1181839, -20.0042183 ], [ -44.1181204, -20.0041421 ], [ -44.1180591, -20.0040961 ], [ -44.1179918, -20.0040587 ], [ -44.1178522, -20.0039879 ], [ -44.1177877, -20.0039479 ], [ -44.1177319, -20.0039032 ], [ -44.1176274, -20.0038074 ], [ -44.1174862, -20.0036905 ], [ -44.1173411, -20.003537 ], [ -44.1172049, -20.0034157 ], [ -44.1170592, -20.0032627 ], [ -44.116917, -20.0031466 ], [ -44.1168106, -20.0030526 ], [ -44.1167532, -20.0030092 ], [ -44.1166867, -20.0029709 ], [ -44.1164688, -20.0028721 ], [ -44.1164016, -20.0028344 ], [ -44.1163435, -20.0027916 ], [ -44.116236, -20.0026985 ], [ -44.1160924, -20.0025836 ], [ -44.1160425, -20.0025337 ], [ -44.1159426, -20.0024256 ], [ -44.1157797, -20.002264 ], [ -44.1157195, -20.0021923 ], [ -44.115526, -20.001949 ], [ -44.1154955, -20.001905 ], [ -44.115473, -20.0018605 ], [ -44.1154634, -20.0018276 ], [ -44.1154657, -20.0018111 ], [ -44.1148815, -20.0018071 ], [ -44.1145318, -20.0018084 ], [ -44.1143486, -20.0018138 ], [ -44.1141754, -20.0018261 ], [ -44.1140937, -20.0018364 ], [ -44.1140168, -20.0018507 ], [ -44.1139463, -20.0018702 ], [ -44.1138843, -20.0018964 ], [ -44.1138379, -20.0019255 ], [ -44.1137542, -20.0019886 ], [ -44.1137093, -20.0020153 ], [ -44.1136507, -20.0020367 ], [ -44.1135862, -20.0020488 ], [ -44.1135189, -20.0020529 ], [ -44.1134516, -20.002049 ], [ -44.1133871, -20.0020371 ], [ -44.1133284, -20.0020159 ], [ -44.1132834, -20.0019896 ], [ -44.1131994, -20.0019272 ], [ -44.113153, -20.0018983 ], [ -44.1130913, -20.0018721 ], [ -44.1130218, -20.001852 ], [ -44.112947, -20.0018362 ], [ -44.1127109, -20.0017981 ], [ -44.1126348, -20.0017831 ], [ -44.1125637, -20.001764 ], [ -44.1125003, -20.0017383 ], [ -44.1124526, -20.0017092 ], [ -44.1123641, -20.0016423 ], [ -44.1123057, -20.0016106 ], [ -44.1122211, -20.0015819 ], [ -44.1121222, -20.001561 ], [ -44.1120157, -20.0015468 ], [ -44.1119081, -20.0015379 ], [ -44.1117154, -20.0015313 ], [ -44.1115769, -20.0015334 ], [ -44.1115769, -20.0018111 ], [ -44.1115634, -20.0018149 ], [ -44.1115395, -20.0018105 ], [ -44.1115076, -20.0017984 ], [ -44.1114704, -20.0017784 ], [ -44.111424, -20.0017449 ], [ -44.11132, -20.0016594 ], [ -44.1112584, -20.0016179 ], [ -44.1111837, -20.0015824 ], [ -44.1111022, -20.0015565 ], [ -44.1110192, -20.0015399 ], [ -44.1109397, -20.0015317 ], [ -44.1108601, -20.0015277 ], [ -44.1106986, -20.0015272 ], [ -44.1105409, -20.0015362 ], [ -44.110466, -20.0015452 ], [ -44.1103955, -20.0015582 ], [ -44.1103308, -20.0015765 ], [ -44.110274, -20.0016017 ], [ -44.1102283, -20.0016326 ], [ -44.1101469, -20.0017028 ], [ -44.1101027, -20.0017349 ], [ -44.110053, -20.0017608 ], [ -44.1099983, -20.0017823 ], [ -44.1098241, -20.0018379 ], [ -44.1097694, -20.0018593 ], [ -44.1097199, -20.001885 ], [ -44.109676, -20.001917 ], [ -44.109595, -20.0019868 ], [ -44.1095497, -20.0020176 ], [ -44.1094917, -20.0020431 ], [ -44.1094253, -20.0020615 ], [ -44.1093527, -20.0020745 ], [ -44.1092755, -20.0020835 ], [ -44.1091948, -20.0020896 ], [ -44.1090265, -20.0020957 ], [ -44.1087495, -20.002097 ], [ -44.1079657, -20.0020889 ], [ -44.1079718, -20.0020618 ], [ -44.1079666, -20.0020013 ], [ -44.1079473, -20.0019165 ], [ -44.1079096, -20.0018176 ], [ -44.1078605, -20.0017285 ], [ -44.1077985, -20.0016373 ], [ -44.1077146, -20.0015293 ], [ -44.1076174, -20.0014269 ], [ -44.1074882, -20.0013262 ], [ -44.1073498, -20.0012438 ], [ -44.1072163, -20.0011769 ], [ -44.1071109, -20.0011297 ], [ -44.1070034, -20.0010897 ], [ -44.1068683, -20.0010586 ], [ -44.1067238, -20.0010413 ], [ -44.1065756, -20.001035 ], [ -44.106429, -20.0010377 ], [ -44.1062892, -20.0010483 ], [ -44.1061617, -20.0010665 ], [ -44.1060626, -20.0010867 ], [ -44.1059689, -20.0011016 ], [ -44.1058882, -20.0011029 ], [ -44.1058089, -20.0010917 ], [ -44.1057203, -20.001064 ], [ -44.10552, -20.0009846 ], [ -44.105406, -20.0009375 ], [ -44.1052965, -20.0008817 ], [ -44.1052084, -20.0008233 ], [ -44.10497, -20.0006557 ], [ -44.1047939, -20.0005283 ], [ -44.104682, -20.0004645 ], [ -44.1044486, -20.0003445 ], [ -44.1042565, -20.0002289 ], [ -44.1041388, -20.0001701 ], [ -44.1038987, -20.0000582 ], [ -44.1037056, -19.9999498 ], [ -44.1035886, -19.9998969 ], [ -44.1034553, -19.9998507 ], [ -44.1033124, -19.9998089 ], [ -44.1031884, -19.9997766 ], [ -44.103064, -19.9997566 ], [ -44.1029562, -19.9997549 ], [ -44.1028517, -19.9997669 ], [ -44.1027386, -19.9997935 ], [ -44.1025286, -19.9998496 ], [ -44.1024494, -19.999865 ], [ -44.1024102, -19.9998667 ], [ -44.1024116, -19.9998911 ], [ -44.1023882, -19.9999366 ], [ -44.1023477, -19.9999868 ], [ -44.102212, -20.0001256 ], [ -44.1021173, -20.000211 ], [ -44.1019899, -20.0003065 ], [ -44.1018524, -20.0003997 ], [ -44.1017201, -20.0004942 ], [ -44.101619, -20.0005794 ], [ -44.1014631, -20.0007216 ], [ -44.101398, -20.0007848 ], [ -44.1013286, -20.0008642 ], [ -44.1011474, -20.0010858 ], [ -44.101089, -20.0011747 ], [ -44.1009774, -20.0013569 ], [ -44.1009127, -20.0014404 ], [ -44.1008479, -20.0015038 ], [ -44.1007772, -20.0015622 ], [ -44.1006906, -20.0016269 ], [ -44.1005939, -20.001683 ], [ -44.1004702, -20.0017285 ], [ -44.1003305, -20.0017602 ], [ -44.1001793, -20.0017821 ], [ -44.1000204, -20.0017974 ], [ -44.0993618, -20.0018389 ], [ -44.0992036, -20.0018548 ], [ -44.0990534, -20.0018776 ], [ -44.0989149, -20.0019103 ], [ -44.0987996, -20.0019505 ], [ -44.098688, -20.0019938 ], [ -44.0984498, -20.0020753 ], [ -44.0983333, -20.0021182 ], [ -44.0982259, -20.002169 ], [ -44.0981341, -20.0022332 ], [ -44.0980653, -20.0023131 ], [ -44.0980136, -20.0024077 ], [ -44.0979732, -20.0025178 ], [ -44.0979379, -20.0026509 ], [ -44.0978363, -20.0031088 ], [ -44.0977974, -20.0032542 ], [ -44.097732, -20.0034724 ], [ -44.0977073, -20.0035821 ], [ -44.0976933, -20.0036714 ], [ -44.0976879, -20.0037556 ], [ -44.0976555, -20.0037531 ], [ -44.0976241, -20.0037553 ], [ -44.0975874, -20.0037612 ], [ -44.0975491, -20.0037724 ], [ -44.0975129, -20.0037901 ], [ -44.0974801, -20.0038178 ], [ -44.0974547, -20.003853 ], [ -44.0974366, -20.0038931 ], [ -44.0974251, -20.0039355 ], [ -44.0974068, -20.0041373 ], [ -44.0973904, -20.0042088 ], [ -44.0973767, -20.0042397 ], [ -44.0973575, -20.004266 ], [ -44.0973339, -20.0042855 ], [ -44.0972197, -20.0043463 ], [ -44.0971954, -20.0043651 ], [ -44.0971758, -20.004388 ], [ -44.0971599, -20.0044141 ], [ -44.0971183, -20.0044975 ], [ -44.0971013, -20.0045226 ], [ -44.0970797, -20.0045438 ], [ -44.0970485, -20.0045617 ], [ -44.097011, -20.0045742 ], [ -44.096969, -20.0045828 ], [ -44.0969235, -20.0045885 ], [ -44.0968261, -20.0045943 ], [ -44.0966192, -20.0045955 ], [ -44.0962842, -20.0046118 ], [ -44.0959765, -20.0048523 ], [ -44.0959062, -20.0050561 ], [ -44.0957392, -20.0055685 ], [ -44.0956752, -20.0057282 ], [ -44.095601, -20.0058615 ], [ -44.0955409, -20.005935 ], [ -44.0954767, -20.006 ], [ -44.0953988, -20.0060734 ], [ -44.0953143, -20.0061411 ], [ -44.0952057, -20.0062078 ], [ -44.0949767, -20.0063296 ], [ -44.0947896, -20.0064447 ], [ -44.0945717, -20.006565 ], [ -44.0944744, -20.0066301 ], [ -44.0944035, -20.0066951 ], [ -44.0943432, -20.0067641 ], [ -44.0942984, -20.0068237 ], [ -44.0942637, -20.006886 ], [ -44.0942416, -20.0069648 ], [ -44.0942391, -20.0070475 ], [ -44.0942508, -20.0071194 ], [ -44.094353, -20.0075705 ], [ -44.0943882, -20.0077027 ], [ -44.0944314, -20.0078313 ], [ -44.0945048, -20.0080085 ], [ -44.0945469, -20.008134 ], [ -44.0945822, -20.0082657 ], [ -44.094679, -20.0086698 ], [ -44.0947186, -20.0087977 ], [ -44.0947677, -20.0089168 ], [ -44.0950075, -20.0093418 ], [ -44.0950474, -20.0094208 ], [ -44.0950876, -20.0095395 ], [ -44.0951097, -20.0096655 ], [ -44.0951146, -20.009794 ], [ -44.0951018, -20.0099205 ], [ -44.0950666, -20.0100471 ], [ -44.0950244, -20.0101429 ], [ -44.0947929, -20.0106116 ], [ -44.0947427, -20.0107222 ], [ -44.0946885, -20.0108761 ], [ -44.0946522, -20.0110188 ], [ -44.0946316, -20.0111376 ], [ -44.0946251, -20.0112203 ], [ -44.0946324, -20.0112556 ], [ -44.0946343, -20.0112897 ], [ -44.0946214, -20.0113622 ], [ -44.0946063, -20.0114036 ], [ -44.0945833, -20.0114431 ], [ -44.0945507, -20.0114784 ], [ -44.0945123, -20.0115082 ], [ -44.0944379, -20.011557 ], [ -44.0944106, -20.0115813 ], [ -44.0943917, -20.0116114 ], [ -44.0943787, -20.0116466 ], [ -44.0943699, -20.0116854 ], [ -44.0943511, -20.0118545 ], [ -44.0943387, -20.0119364 ], [ -44.0943285, -20.011974 ], [ -44.094314, -20.0120078 ], [ -44.0942937, -20.0120367 ], [ -44.0942656, -20.0120603 ], [ -44.0941658, -20.0121176 ], [ -44.0941378, -20.0121411 ], [ -44.0941174, -20.01217 ], [ -44.094103, -20.0122039 ], [ -44.0940927, -20.0122415 ], [ -44.0940803, -20.0123234 ], [ -44.0940615, -20.0124925 ], [ -44.0940527, -20.0125312 ], [ -44.0940398, -20.0125665 ], [ -44.0940208, -20.0125965 ], [ -44.0939936, -20.0126209 ], [ -44.0939191, -20.0126697 ], [ -44.0938807, -20.0126994 ], [ -44.0938481, -20.0127347 ], [ -44.0938252, -20.0127742 ], [ -44.09381, -20.0128156 ], [ -44.0937971, -20.0128881 ], [ -44.0937991, -20.0129223 ], [ -44.0938019, -20.0129349 ], [ -44.0937969, -20.0129598 ], [ -44.0937841, -20.0129944 ], [ -44.0937626, -20.0130354 ], [ -44.0936397, -20.0132061 ], [ -44.0935996, -20.0132768 ], [ -44.0935653, -20.0133528 ], [ -44.0934879, -20.0135683 ], [ -44.0934638, -20.013627 ], [ -44.0934344, -20.0136812 ], [ -44.0933616, -20.0137775 ], [ -44.093328, -20.013828 ], [ -44.0933008, -20.013888 ], [ -44.0932807, -20.0139541 ], [ -44.0932655, -20.0140244 ], [ -44.0932187, -20.0143177 ], [ -44.093203, -20.0143875 ], [ -44.0931824, -20.0144533 ], [ -44.093155, -20.0145132 ], [ -44.0930528, -20.0146635 ], [ -44.0930254, -20.0147234 ], [ -44.0930048, -20.014789 ], [ -44.0929889, -20.0148588 ], [ -44.0929415, -20.0151515 ], [ -44.0929262, -20.0152217 ], [ -44.0929061, -20.0152879 ], [ -44.092879, -20.015348 ], [ -44.0927751, -20.0154969 ], [ -44.0927466, -20.0155558 ], [ -44.0927251, -20.0156207 ], [ -44.0926414, -20.01596 ], [ -44.0926137, -20.0160456 ], [ -44.0925817, -20.0161216 ], [ -44.0925451, -20.0161835 ], [ -44.0925045, -20.0162278 ], [ -44.0924651, -20.0162519 ], [ -44.0924316, -20.0162607 ], [ -44.0924102, -20.0162556 ], [ -44.0924128, -20.016304 ], [ -44.0924047, -20.0164197 ], [ -44.0923945, -20.0164916 ], [ -44.0923787, -20.0165669 ], [ -44.0923561, -20.0166408 ], [ -44.0923253, -20.0167087 ], [ -44.0922924, -20.0167591 ], [ -44.0921944, -20.0168782 ], [ -44.0921694, -20.0169272 ], [ -44.0921519, -20.0169822 ], [ -44.0921401, -20.0170414 ], [ -44.0921288, -20.0171669 ], [ -44.0921303, -20.017295 ], [ -44.0921358, -20.0173577 ], [ -44.092145, -20.0174183 ], [ -44.0921589, -20.0174756 ], [ -44.0921787, -20.0175283 ], [ -44.092206, -20.0175747 ], [ -44.0922363, -20.0176087 ], [ -44.0923401, -20.0176999 ], [ -44.0923752, -20.0177398 ], [ -44.0924396, -20.0178246 ], [ -44.0924747, -20.0178644 ], [ -44.0925785, -20.0179548 ], [ -44.092609, -20.0179885 ], [ -44.0926378, -20.0180371 ], [ -44.0926584, -20.0180927 ], [ -44.0926729, -20.0181536 ], [ -44.0926829, -20.0182183 ], [ -44.0926895, -20.0182859 ], [ -44.0926961, -20.0184266 ], [ -44.0926971, -20.0186558 ], [ -44.0926879, -20.0193112 ], [ -44.0929657, -20.0193112 ], [ -44.0929616, -20.0194844 ], [ -44.0929644, -20.0195284 ], [ -44.0929707, -20.0195538 ], [ -44.0929843, -20.019573 ], [ -44.0930093, -20.0195834 ], [ -44.0930414, -20.0195875 ], [ -44.0931845, -20.0195919 ], [ -44.0932137, -20.0195986 ], [ -44.0932249, -20.0196048 ], [ -44.0932329, -20.0196134 ], [ -44.0932423, -20.0196362 ], [ -44.0932472, -20.0196783 ], [ -44.0932435, -20.0198667 ], [ -44.0932577, -20.0198634 ], [ -44.0932829, -20.0198669 ], [ -44.0933163, -20.0198775 ], [ -44.0933543, -20.0198962 ], [ -44.0934003, -20.0199289 ], [ -44.093547, -20.0200663 ], [ -44.0937291, -20.0202041 ], [ -44.093839, -20.0203187 ], [ -44.0938817, -20.0203515 ], [ -44.0939314, -20.0203769 ], [ -44.093987, -20.0203973 ], [ -44.094165, -20.0204487 ], [ -44.0942207, -20.020469 ], [ -44.0942708, -20.020494 ], [ -44.094315, -20.0205256 ], [ -44.0943956, -20.0205955 ], [ -44.09444, -20.0206269 ], [ -44.0944905, -20.0206517 ], [ -44.0945463, -20.0206718 ], [ -44.0947237, -20.0207238 ], [ -44.0947789, -20.0207445 ], [ -44.094828, -20.0207704 ], [ -44.0948704, -20.0208035 ], [ -44.0949806, -20.0209175 ], [ -44.0950918, -20.0210007 ], [ -44.0951268, -20.0210302 ], [ -44.0951623, -20.0210693 ], [ -44.0952253, -20.0211541 ], [ -44.0952593, -20.0211945 ], [ -44.0953293, -20.0212638 ], [ -44.0953656, -20.0213066 ], [ -44.0953978, -20.0213568 ], [ -44.0954264, -20.0214247 ], [ -44.0954461, -20.0214989 ], [ -44.0954585, -20.0215747 ], [ -44.0954681, -20.0217116 ], [ -44.0954657, -20.0218112 ], [ -44.0954615, -20.0220276 ], [ -44.0954649, -20.0221377 ], [ -44.0954768, -20.0222288 ], [ -44.0954874, -20.0222627 ], [ -44.0955024, -20.0222925 ], [ -44.0955233, -20.0223175 ], [ -44.0955485, -20.0223354 ], [ -44.0956393, -20.0223767 ], [ -44.0956675, -20.0223921 ], [ -44.0956914, -20.0224113 ], [ -44.0957107, -20.0224382 ], [ -44.0957242, -20.0224701 ], [ -44.0957394, -20.0225438 ], [ -44.0957457, -20.0226253 ], [ -44.0957479, -20.0227536 ], [ -44.0957435, -20.0237556 ], [ -44.0957435, -20.0262556 ], [ -44.0958027, -20.0262539 ], [ -44.0958783, -20.0262616 ], [ -44.0959167, -20.0262715 ], [ -44.0959508, -20.0262871 ], [ -44.0959781, -20.0263099 ], [ -44.0959972, -20.026338 ], [ -44.0960087, -20.0263692 ], [ -44.0960156, -20.0264341 ], [ -44.0960229, -20.0266362 ], [ -44.0960323, -20.0266976 ], [ -44.0960406, -20.0267252 ], [ -44.0960525, -20.0267497 ], [ -44.0960693, -20.0267701 ], [ -44.0960912, -20.0267853 ], [ -44.0961173, -20.026797 ], [ -44.0962031, -20.0268254 ], [ -44.0962291, -20.0268371 ], [ -44.096251, -20.0268523 ], [ -44.0962678, -20.0268726 ], [ -44.0962798, -20.0268971 ], [ -44.0962881, -20.0269247 ], [ -44.0962974, -20.0269862 ], [ -44.0963069, -20.0272211 ], [ -44.0963116, -20.0272531 ], [ -44.0963231, -20.0272843 ], [ -44.0963423, -20.0273125 ], [ -44.0963696, -20.0273352 ], [ -44.0964037, -20.0273509 ], [ -44.0964421, -20.0273608 ], [ -44.0964812, -20.0273662 ], [ -44.0965176, -20.0273684 ], [ -44.0965768, -20.0273667 ], [ -44.0965771, -20.0274248 ], [ -44.096563, -20.0274979 ], [ -44.0965484, -20.0275356 ], [ -44.0965271, -20.0275699 ], [ -44.0964985, -20.027598 ], [ -44.0964652, -20.0276201 ], [ -44.0963703, -20.0276659 ], [ -44.0963467, -20.0276853 ], [ -44.0963288, -20.0277117 ], [ -44.0963168, -20.0277431 ], [ -44.096304, -20.0278154 ], [ -44.0962996, -20.027895 ], [ -44.0963003, -20.0281873 ], [ -44.0962977, -20.0282683 ], [ -44.0962889, -20.0283442 ], [ -44.0962805, -20.0283786 ], [ -44.0962679, -20.0284095 ], [ -44.0962496, -20.0284355 ], [ -44.0962257, -20.0284547 ], [ -44.0961971, -20.0284699 ], [ -44.0961046, -20.0285096 ], [ -44.0960784, -20.0285268 ], [ -44.0960578, -20.0285488 ], [ -44.0960106, -20.0286356 ], [ -44.095989, -20.0286678 ], [ -44.095962, -20.0286973 ], [ -44.0959289, -20.0287214 ], [ -44.0958902, -20.0287384 ], [ -44.0958493, -20.0287491 ], [ -44.0957771, -20.0287573 ], [ -44.0957435, -20.0287556 ], [ -44.0957435, -20.0290334 ], [ -44.0957408, -20.0290458 ], [ -44.0957457, -20.0290706 ], [ -44.0957583, -20.029105 ], [ -44.0957795, -20.029146 ], [ -44.0959005, -20.0293171 ], [ -44.0959401, -20.029388 ], [ -44.0959742, -20.0294643 ], [ -44.0960527, -20.0296811 ], [ -44.0960772, -20.0297395 ], [ -44.0961073, -20.0297931 ], [ -44.0962179, -20.0299362 ], [ -44.096247, -20.0299906 ], [ -44.0962709, -20.0300496 ], [ -44.0963326, -20.0302348 ], [ -44.0963566, -20.0302937 ], [ -44.0963856, -20.0303482 ], [ -44.0964913, -20.0304955 ], [ -44.0965191, -20.0305551 ], [ -44.0965399, -20.0306206 ], [ -44.096556, -20.0306902 ], [ -44.0966045, -20.0309819 ], [ -44.0966203, -20.0310518 ], [ -44.0966407, -20.0311176 ], [ -44.0966679, -20.0311776 ], [ -44.0967705, -20.0313276 ], [ -44.0967992, -20.0313899 ], [ -44.0968202, -20.0314587 ], [ -44.0968353, -20.0315326 ], [ -44.0968459, -20.0316103 ], [ -44.0968579, -20.0317757 ], [ -44.0968617, -20.0320987 ], [ -44.0968546, -20.0326445 ], [ -44.0970489, -20.0326417 ], [ -44.0970937, -20.0326479 ], [ -44.0971154, -20.032659 ], [ -44.0971267, -20.0326786 ], [ -44.0971314, -20.0327038 ], [ -44.0971319, -20.032835 ], [ -44.0971352, -20.0328761 ], [ -44.0971426, -20.0328989 ], [ -44.097159, -20.0329144 ], [ -44.0971848, -20.032922 ], [ -44.0972326, -20.0329257 ], [ -44.0974102, -20.0329223 ], [ -44.0974045, -20.0330922 ], [ -44.0974086, -20.0332019 ], [ -44.0974215, -20.0333239 ], [ -44.0974466, -20.0334496 ], [ -44.0974877, -20.0335701 ], [ -44.0975466, -20.0336779 ], [ -44.0976174, -20.0337729 ], [ -44.097676, -20.0338383 ], [ -44.0977379, -20.0338931 ], [ -44.0978049, -20.0339333 ], [ -44.0979099, -20.0339702 ], [ -44.0980289, -20.0339951 ], [ -44.0981579, -20.0340116 ], [ -44.0982937, -20.0340222 ], [ -44.098577, -20.0340333 ], [ -44.0991535, -20.0340471 ], [ -44.0992936, -20.034054 ], [ -44.0994298, -20.0340641 ], [ -44.0995607, -20.0340789 ], [ -44.0996844, -20.0340999 ], [ -44.0997985, -20.0341291 ], [ -44.1000256, -20.0342124 ], [ -44.1001418, -20.0342426 ], [ -44.1002675, -20.0342647 ], [ -44.1004, -20.034281 ], [ -44.1005372, -20.0342932 ], [ -44.1009581, -20.0343221 ], [ -44.1010954, -20.0343343 ], [ -44.1012277, -20.0343507 ], [ -44.1013522, -20.0343738 ], [ -44.1014655, -20.0344065 ], [ -44.1015381, -20.034437 ], [ -44.1016753, -20.0345047 ], [ -44.101768, -20.0345442 ], [ -44.101989, -20.0346255 ], [ -44.1021123, -20.0346734 ], [ -44.1023051, -20.0347543 ], [ -44.1024044, -20.0347899 ], [ -44.1025353, -20.0348247 ], [ -44.1026629, -20.0348483 ], [ -44.1027782, -20.0348626 ], [ -44.1028726, -20.0348695 ], [ -44.1029377, -20.0348706 ], [ -44.1029657, -20.0348667 ], [ -44.1031053, -20.0348646 ], [ -44.1032344, -20.0348696 ], [ -44.1033002, -20.0348763 ], [ -44.1033615, -20.0348868 ], [ -44.1034142, -20.0349021 ], [ -44.1034542, -20.0349231 ], [ -44.1034794, -20.0349489 ], [ -44.1035347, -20.0350405 ], [ -44.1035559, -20.0350686 ], [ -44.1035826, -20.035092 ], [ -44.1036177, -20.0351096 ], [ -44.103659, -20.0351217 ], [ -44.103705, -20.0351299 ], [ -44.1038058, -20.0351387 ], [ -44.1040203, -20.0351454 ], [ -44.1041244, -20.0351514 ], [ -44.104219, -20.0351655 ], [ -44.1042599, -20.035178 ], [ -44.1042946, -20.035196 ], [ -44.104321, -20.0352196 ], [ -44.104342, -20.0352479 ], [ -44.1043962, -20.0353404 ], [ -44.1044187, -20.0353674 ], [ -44.1044475, -20.0353903 ], [ -44.1045481, -20.0354469 ], [ -44.1045777, -20.0354692 ], [ -44.1046018, -20.0354965 ], [ -44.1046804, -20.0356043 ], [ -44.1047128, -20.0356378 ], [ -44.1047498, -20.0356648 ], [ -44.1047918, -20.0356841 ], [ -44.1048336, -20.0356958 ], [ -44.1048703, -20.0357015 ], [ -44.1048972, -20.0357026 ], [ -44.1049102, -20.0357001 ], [ -44.1049116, -20.0357168 ], [ -44.1049011, -20.0357515 ], [ -44.1048779, -20.0357994 ], [ -44.1047709, -20.0359616 ], [ -44.1047269, -20.0360423 ], [ -44.1046868, -20.0361307 ], [ -44.1045802, -20.0363913 ], [ -44.1045445, -20.0364585 ], [ -44.1044404, -20.0366073 ], [ -44.1044073, -20.0366717 ], [ -44.1042994, -20.0369503 ], [ -44.1042657, -20.0370142 ], [ -44.1041615, -20.0371637 ], [ -44.1041279, -20.0372278 ], [ -44.1040177, -20.0375061 ], [ -44.1039836, -20.0375702 ], [ -44.1038781, -20.0377199 ], [ -44.1038438, -20.037784 ], [ -44.1038147, -20.0378525 ], [ -44.1037342, -20.0380627 ], [ -44.103702, -20.038127 ], [ -44.1036371, -20.0382262 ], [ -44.1036079, -20.0382763 ], [ -44.1035828, -20.0383401 ], [ -44.1035676, -20.0384082 ], [ -44.1035617, -20.0384784 ], [ -44.1035649, -20.0385484 ], [ -44.1035781, -20.0386159 ], [ -44.1036031, -20.0386785 ], [ -44.1036381, -20.0387314 ], [ -44.1037324, -20.0388451 ], [ -44.103849, -20.0389936 ], [ -44.1039083, -20.0390641 ], [ -44.1040046, -20.0391675 ], [ -44.1040414, -20.0392125 ], [ -44.1040693, -20.0392586 ], [ -44.1040813, -20.0392932 ], [ -44.1040769, -20.0393112 ], [ -44.1040928, -20.0393149 ], [ -44.1041225, -20.0393096 ], [ -44.1041616, -20.0392956 ], [ -44.1042049, -20.0392725 ], [ -44.1042449, -20.0392426 ], [ -44.1043588, -20.0391341 ], [ -44.1043984, -20.0391059 ], [ -44.1044431, -20.0390876 ], [ -44.1044865, -20.0390827 ], [ -44.1045254, -20.0390896 ], [ -44.104561, -20.0391059 ], [ -44.1045897, -20.039129 ], [ -44.1046716, -20.0392159 ], [ -44.1047061, -20.039241 ], [ -44.1047557, -20.0392632 ], [ -44.1048134, -20.039279 ], [ -44.1048767, -20.0392902 ], [ -44.1052162, -20.0393271 ], [ -44.1052789, -20.0393388 ], [ -44.1053361, -20.0393551 ], [ -44.1053856, -20.039378 ], [ -44.1054206, -20.0394038 ], [ -44.1055102, -20.0394944 ], [ -44.1055447, -20.0395205 ], [ -44.1055934, -20.0395438 ], [ -44.1056499, -20.0395605 ], [ -44.1057119, -20.0395723 ], [ -44.1057778, -20.0395809 ], [ -44.1060523, -20.0396055 ], [ -44.1061166, -20.0396154 ], [ -44.10618, -20.0396327 ], [ -44.1062408, -20.0396609 ], [ -44.1062876, -20.0396937 ], [ -44.1064107, -20.039804 ], [ -44.1064509, -20.0398324 ], [ -44.1064938, -20.0398535 ], [ -44.1065321, -20.0398656 ], [ -44.1065611, -20.0398699 ], [ -44.1065769, -20.0398667 ], [ -44.1065955, -20.0398697 ], [ -44.1066391, -20.0398699 ], [ -44.1067018, -20.0398658 ], [ -44.1067773, -20.0398558 ], [ -44.106859, -20.0398379 ], [ -44.1069402, -20.03981 ], [ -44.1070065, -20.0397761 ], [ -44.1070675, -20.0397355 ], [ -44.1072335, -20.0395987 ], [ -44.1072812, -20.0395533 ], [ -44.1073191, -20.0395058 ], [ -44.1073492, -20.0394515 ], [ -44.1073734, -20.039392 ], [ -44.1074364, -20.0392056 ], [ -44.1074622, -20.0391476 ], [ -44.1074943, -20.0390953 ], [ -44.1075343, -20.0390501 ], [ -44.1076233, -20.038969 ], [ -44.1076964, -20.0388969 ], [ -44.1077345, -20.038864 ], [ -44.107777, -20.0388368 ], [ -44.1078331, -20.0388152 ], [ -44.1078951, -20.0388028 ], [ -44.1079601, -20.0387985 ], [ -44.1080252, -20.0388016 ], [ -44.1080875, -20.0388121 ], [ -44.1081441, -20.0388302 ], [ -44.1081874, -20.0388522 ], [ -44.1082647, -20.038901 ], [ -44.1083042, -20.0389205 ], [ -44.1083531, -20.0389332 ], [ -44.1084039, -20.0389351 ], [ -44.1084531, -20.038926 ], [ -44.1084929, -20.0389089 ], [ -44.1086159, -20.0388373 ], [ -44.1086833, -20.0388121 ], [ -44.1087601, -20.0387924 ], [ -44.1090305, -20.0387426 ], [ -44.1091346, -20.0387171 ], [ -44.1092362, -20.038684 ], [ -44.1093282, -20.0386426 ], [ -44.1093902, -20.0386055 ], [ -44.109494, -20.0385335 ], [ -44.1095383, -20.0385058 ], [ -44.1095826, -20.0384852 ], [ -44.1096155, -20.0384758 ], [ -44.1096324, -20.0384779 ], [ -44.1096514, -20.0384756 ], [ -44.1096881, -20.0384834 ], [ -44.1097356, -20.0385032 ], [ -44.1097807, -20.0385318 ], [ -44.1098274, -20.0385693 ], [ -44.1099274, -20.0386591 ], [ -44.1100505, -20.0387634 ], [ -44.1101026, -20.0388178 ], [ -44.1101397, -20.0388757 ], [ -44.1101641, -20.0389348 ], [ -44.1102245, -20.0391212 ], [ -44.1102486, -20.0391799 ], [ -44.1102784, -20.0392338 ], [ -44.1103532, -20.0393283 ], [ -44.1103878, -20.039378 ], [ -44.110415, -20.039438 ], [ -44.1104341, -20.039505 ], [ -44.1104472, -20.0395771 ], [ -44.1104614, -20.0397316 ], [ -44.1104665, -20.0398938 ], [ -44.1104696, -20.0404745 ], [ -44.110478, -20.040634 ], [ -44.1104863, -20.0407102 ], [ -44.110499, -20.0407827 ], [ -44.1105176, -20.0408501 ], [ -44.1105445, -20.0409104 ], [ -44.1105789, -20.0409602 ], [ -44.1106535, -20.0410556 ], [ -44.1106843, -20.0411235 ], [ -44.1107074, -20.0412083 ], [ -44.1107239, -20.0413041 ], [ -44.1107349, -20.0414054 ], [ -44.1107414, -20.0415063 ], [ -44.1107457, -20.0416848 ], [ -44.1107435, -20.0418112 ], [ -44.1107384, -20.0419282 ], [ -44.1107436, -20.0420146 ], [ -44.1107493, -20.042037 ], [ -44.1107578, -20.0420536 ], [ -44.11077, -20.0420663 ], [ -44.1107874, -20.0420758 ], [ -44.1108085, -20.0420821 ], [ -44.1108577, -20.0420888 ], [ -44.11094, -20.0420915 ], [ -44.1118546, -20.042089 ], [ -44.1118556, -20.0420682 ], [ -44.111878, -20.0420265 ], [ -44.1121663, -20.0416446 ], [ -44.1122345, -20.0415482 ], [ -44.1123084, -20.0414268 ], [ -44.112375, -20.0413002 ], [ -44.1125367, -20.0409674 ], [ -44.1125753, -20.0408814 ], [ -44.1126168, -20.0407582 ], [ -44.1126493, -20.0406272 ], [ -44.1127291, -20.0402194 ], [ -44.1127604, -20.0400875 ], [ -44.1127993, -20.0399621 ], [ -44.1128693, -20.0397842 ], [ -44.1129116, -20.0396537 ], [ -44.1130177, -20.0392446 ], [ -44.1130592, -20.0391134 ], [ -44.1131264, -20.0389331 ], [ -44.1131617, -20.038809 ], [ -44.1131892, -20.0386782 ], [ -44.1132739, -20.0381335 ], [ -44.1133013, -20.0380026 ], [ -44.1133366, -20.0378786 ], [ -44.1133835, -20.0377643 ], [ -44.1134288, -20.0376842 ], [ -44.1135367, -20.0375188 ], [ -44.1135979, -20.0374324 ], [ -44.1137114, -20.0372916 ], [ -44.113774, -20.0372064 ], [ -44.1138876, -20.0370458 ], [ -44.1139372, -20.0369694 ], [ -44.1139954, -20.0368525 ], [ -44.1140437, -20.0367272 ], [ -44.1141323, -20.0364698 ], [ -44.1141835, -20.036347 ], [ -44.1142699, -20.0361831 ], [ -44.1144114, -20.0358876 ], [ -44.1144651, -20.0357946 ], [ -44.1145187, -20.03572 ], [ -44.1146652, -20.035543 ], [ -44.1147573, -20.0354421 ], [ -44.1150327, -20.0351818 ], [ -44.1151301, -20.035095 ], [ -44.1153557, -20.0349195 ], [ -44.1154125, -20.0348824 ], [ -44.1154477, -20.0348671 ], [ -44.1154658, -20.0348667 ], [ -44.1154816, -20.0348633 ], [ -44.115511, -20.034867 ], [ -44.1155496, -20.0348786 ], [ -44.1155923, -20.0348994 ], [ -44.1156319, -20.0349282 ], [ -44.1156702, -20.0349644 ], [ -44.1157851, -20.0350866 ], [ -44.11583, -20.0351232 ], [ -44.1159127, -20.0351816 ], [ -44.1159481, -20.0352113 ], [ -44.1159769, -20.0352428 ], [ -44.1160299, -20.03531 ], [ -44.1160594, -20.0353412 ], [ -44.1160943, -20.0353679 ], [ -44.1161431, -20.0353906 ], [ -44.1161999, -20.0354066 ], [ -44.1162625, -20.0354176 ], [ -44.1163292, -20.0354251 ], [ -44.1164699, -20.0354329 ], [ -44.116687, -20.035433 ], [ -44.1168274, -20.0354253 ], [ -44.1168938, -20.0354178 ], [ -44.1169561, -20.0354067 ], [ -44.1170126, -20.0353906 ], [ -44.1170612, -20.0353678 ], [ -44.1170959, -20.0353412 ], [ -44.1171252, -20.0353101 ], [ -44.1172069, -20.0352116 ], [ -44.1173153, -20.0351248 ], [ -44.1173472, -20.0350923 ], [ -44.1173726, -20.0350521 ], [ -44.1173913, -20.035006 ], [ -44.1174426, -20.0348305 ], [ -44.1174654, -20.0347678 ], [ -44.1174929, -20.03471 ], [ -44.1175256, -20.0346607 ], [ -44.1175637, -20.0346234 ], [ -44.1176035, -20.0346002 ], [ -44.1176412, -20.0345879 ], [ -44.1176709, -20.0345845 ], [ -44.117688, -20.034589 ], [ -44.1176836, -20.0345765 ], [ -44.1176849, -20.0345531 ], [ -44.1176929, -20.0345217 ], [ -44.1177091, -20.0344858 ], [ -44.1177353, -20.0344493 ], [ -44.1177827, -20.0344085 ], [ -44.1178443, -20.0343732 ], [ -44.1179147, -20.0343431 ], [ -44.1181178, -20.0342715 ], [ -44.1181673, -20.0342459 ], [ -44.1182012, -20.0342193 ], [ -44.1182916, -20.0341301 ], [ -44.1183267, -20.0341046 ], [ -44.1183779, -20.0340805 ], [ -44.1184357, -20.034062 ], [ -44.1186208, -20.0340167 ], [ -44.1186776, -20.0339973 ], [ -44.1187272, -20.0339719 ], [ -44.1187609, -20.0339451 ], [ -44.1188729, -20.0338188 ], [ -44.1189801, -20.0337322 ], [ -44.119011, -20.0336992 ], [ -44.1190369, -20.0336553 ], [ -44.1190553, -20.0336048 ], [ -44.1190679, -20.0335495 ], [ -44.1190764, -20.0334906 ], [ -44.1190851, -20.0333658 ], [ -44.1190871, -20.033103 ], [ -44.1190769, -20.0323667 ], [ -44.1190804, -20.0323409 ], [ -44.1190799, -20.0322715 ], [ -44.1190657, -20.032035 ], [ -44.1190502, -20.0318847 ], [ -44.1190279, -20.0317242 ], [ -44.1189973, -20.0315622 ], [ -44.1189572, -20.0314072 ], [ -44.1188763, -20.0311716 ], [ -44.1188418, -20.0310472 ], [ -44.1188197, -20.0309277 ], [ -44.1188058, -20.0308036 ], [ -44.1187989, -20.030677 ], [ -44.1187982, -20.0305497 ], [ -44.1188039, -20.0304235 ], [ -44.1188166, -20.0303004 ], [ -44.1188374, -20.0301822 ], [ -44.1188685, -20.0300714 ], [ -44.1189125, -20.0299707 ], [ -44.1189615, -20.0298938 ], [ -44.1190798, -20.0297363 ], [ -44.1191477, -20.0296548 ], [ -44.1192771, -20.0295264 ], [ -44.1194244, -20.0293731 ], [ -44.1195593, -20.0292494 ], [ -44.1197067, -20.0290962 ], [ -44.1198363, -20.028968 ], [ -44.1199044, -20.0288867 ], [ -44.1200234, -20.0287295 ], [ -44.1200731, -20.0286526 ], [ -44.1201181, -20.0285517 ], [ -44.1201504, -20.0284404 ], [ -44.120173, -20.0283212 ], [ -44.120188, -20.0281964 ], [ -44.120197, -20.0280676 ], [ -44.1202009, -20.0279363 ], [ -44.1202002, -20.027804 ], [ -44.1201921, -20.0276607 ], [ -44.1201743, -20.0275045 ], [ -44.1201466, -20.0273437 ], [ -44.120109, -20.0271862 ], [ -44.1200619, -20.0270394 ], [ -44.119975, -20.0268215 ], [ -44.1199383, -20.0267118 ], [ -44.1199154, -20.0266217 ], [ -44.1199057, -20.0265596 ], [ -44.1199102, -20.0265334 ], [ -44.11991, -20.0265204 ], [ -44.1199181, -20.0264906 ], [ -44.1199356, -20.026448 ], [ -44.1200211, -20.0262975 ], [ -44.1201733, -20.0260075 ], [ -44.1202333, -20.0259114 ], [ -44.1203025, -20.0258278 ], [ -44.1203879, -20.0257588 ], [ -44.1204775, -20.0257101 ], [ -44.1206577, -20.0256264 ], [ -44.1207907, -20.0255551 ], [ -44.1208614, -20.0255231 ], [ -44.1209624, -20.0254907 ], [ -44.1210725, -20.025466 ], [ -44.1214215, -20.0254079 ], [ -44.1215334, -20.0253847 ], [ -44.1216377, -20.025355 ], [ -44.1217304, -20.0253154 ], [ -44.1217927, -20.0252761 ], [ -44.1218489, -20.0252315 ], [ -44.1219703, -20.0251238 ], [ -44.1220325, -20.0250579 ], [ -44.1220811, -20.0249882 ], [ -44.1222038, -20.0247592 ], [ -44.1222506, -20.0246879 ], [ -44.1223098, -20.0246194 ], [ -44.1224217, -20.0245029 ], [ -44.1224712, -20.0244523 ], [ -44.1225244, -20.024405 ], [ -44.1226013, -20.0243516 ], [ -44.1227638, -20.0242526 ], [ -44.1228362, -20.0241961 ], [ -44.1228915, -20.0241333 ], [ -44.122937, -20.024063 ], [ -44.1229762, -20.0239883 ], [ -44.1230121, -20.0239054 ], [ -44.1230798, -20.0237251 ], [ -44.123101, -20.0236316 ], [ -44.1231031, -20.0235577 ], [ -44.1230928, -20.0234858 ], [ -44.1230718, -20.0234194 ], [ -44.1230349, -20.0233454 ], [ -44.1229787, -20.0232433 ], [ -44.1229672, -20.0232145 ], [ -44.1229658, -20.0232001 ], [ -44.1229934, -20.023202 ], [ -44.1230536, -20.0231968 ] ] ] ] } }
]
}
